{"type":"FeatureCollection","features":[{"type":"Feature","geometry":{"type":"Polygon","coordinates":[[[-75.20976,39.91539],[-75.20972,39.91542],[-75.2097,39.91547],[-75.20962,39.91549],[-75.20951,39.9155],[-75.20937,39.91551],[-75.20923,39.91552],[-75.20911,39.91552],[-75.20892,39.91554],[-75.20883,39.91553],[-75.20871,39.91548],[-75.20859,39.91545],[-75.20845,39.91545],[-75.20839,39.91544],[-75.2083,39.91544],[-75.20846,39.91541],[-75.20861,39.91539],[-75.20876,39.91538],[-75.20892,39.91537],[-75.20906,39.91534],[-75.20919,39.91532],[-75.20934,39.91532],[-75.20949,39.91533],[-75.20963,39.91533],[-75.20971,39.91531],[-75.20974,39.91534],[-75.20976,39.91539]]]},"properties":{"kind":"water"}},{"type":"Feature","geometry":{"type":"Polygon","coordinates":[[[-75.12161,39.97006],[-75.1215,39.97013],[-75.12134,39.97008],[-75.12125,39.96999],[-75.12114,39.96988],[-75.12093,39.9697],[-75.1209,39.96966],[-75.12088,39.96957],[-75.12105,39.96951],[-75.12114,39.96954],[-75.12128,39.96968],[-75.12135,39.96975],[-75.12159,39.96996],[-75.12161,39.97006]]]},"properties":{"kind":"water"}},{"type":"Feature","geometry":{"type":"Polygon","coordinates":[[[-75.21584,39.91615],[-75.2158,39.91619],[-75.21572,39.91619],[-75.2156,39.91618],[-75.21562,39.91621],[-75.2156,39.91623],[-75.21554,39.91623],[-75.21551,39.91622],[-75.2155,39.91619],[-75.21549,39.91616],[-75.21537,39.91615],[-75.21522,39.91614],[-75.21512,39.91614],[-75.21504,39.91614],[-75.21503,39.91618],[-75.215,39.91622],[-75.21487,39.91618],[-75.21477,39.91618],[-75.21468,39.91618],[-75.2146,39.9162],[-75.21452,39.91622],[-75.21432,39.91618],[-75.21422,39.91618],[-75.21414,39.91617],[-75.21404,39.91618],[-75.21397,39.9162],[-75.21394,39.91625],[-75.21391,39.91631],[-75.21389,39.91635],[-75.21386,39.91635],[-75.21381,39.91635],[-75.21374,39.91635],[-75.21368,39.91636],[-75.21369,39.91639],[-75.21374,39.91641],[-75.21379,39.91643],[-75.21385,39.91646],[-75.21381,39.91648],[-75.21377,39.91651],[-75.21374,39.91655],[-75.21371,39.91658],[-75.21369,39.91662],[-75.21367,39.91673],[-75.21365,39.91676],[-75.21358,39.91676],[-75.21349,39.91674],[-75.21342,39.9167],[-75.21337,39.91667],[-75.21335,39.91661],[-75.21334,39.91653],[-75.21333,39.91645],[-75.21327,39.91641],[-75.21321,39.91637],[-75.2132,39.9163],[-75.21318,39.91623],[-75.21314,39.91615],[-75.2131,39.91608],[-75.21306,39.91603],[-75.21298,39.916],[-75.21294,39.91592],[-75.21294,39.91584],[-75.21292,39.91573],[-75.21291,39.91564],[-75.21288,39.91556],[-75.21287,39.91547],[-75.21283,39.91543],[-75.21274,39.91539],[-75.21264,39.91537],[-75.21254,39.91537],[-75.21235,39.91538],[-75.21212,39.91539],[-75.21192,39.91539],[-75.21167,39.91541],[-75.21148,39.91541],[-75.2113,39.91542],[-75.21116,39.91544],[-75.21101,39.91547],[-75.21086,39.91549],[-75.21071,39.9155],[-75.21055,39.91551],[-75.21054,39.91554],[-75.21045,39.91558],[-75.21039,39.9156],[-75.21032,39.91561],[-75.21023,39.91557],[-75.21022,39.91551],[-75.21014,39.91548],[-75.21003,39.91547],[-75.20995,39.91546],[-75.20989,39.91544],[-75.20985,39.91544],[-75.20986,39.91539],[-75.20992,39.91539],[-75.21001,39.91539],[-75.21009,39.91538],[-75.21015,39.91535],[-75.2102,39.91532],[-75.21024,39.91534],[-75.21029,39.91538],[-75.21036,39.91541],[-75.21047,39.91542],[-75.21059,39.91541],[-75.21099,39.91539],[-75.21112,39.91538],[-75.21125,39.91536],[-75.21141,39.91534],[-75.21148,39.91534],[-75.21207,39.9153],[-75.21236,39.91528],[-75.2126,39.91528],[-75.21267,39.91528],[-75.21272,39.91528],[-75.21282,39.91529],[-75.21288,39.91527],[-75.21293,39.91524],[-75.21302,39.91522],[-75.21311,39.91521],[-75.2132,39.91521],[-75.21327,39.91523],[-75.21333,39.91523],[-75.21338,39.9152],[-75.21343,39.91522],[-75.21342,39.91527],[-75.21341,39.91535],[-75.21336,39.9154],[-75.21329,39.91547],[-75.21324,39.91554],[-75.2132,39.91564],[-75.21316,39.91573],[-75.21315,39.91578],[-75.21317,39.91585],[-75.21322,39.91587],[-75.21331,39.91587],[-75.21348,39.91588],[-75.21357,39.91591],[-75.21366,39.91591],[-75.21377,39.91591],[-75.2139,39.91593],[-75.214,39.91594],[-75.21412,39.91596],[-75.21421,39.91598],[-75.21427,39.91598],[-75.21433,39.91597],[-75.21444,39.91597],[-75.21456,39.91598],[-75.21472,39.91601],[-75.21495,39.91603],[-75.21517,39.91606],[-75.2154,39.91608],[-75.21561,39.9161],[-75.2158,39.91611],[-75.21584,39.91615]]]},"properties":{"kind":"water"}},{"type":"Feature","geometry":{"type":"Polygon","coordinates":[[[-75.26386,40.05457],[-75.26381,40.05461],[-75.2638,40.05459],[-75.26376,40.05452],[-75.26368,40.05446],[-75.26366,40.05443],[-75.26362,40.05437],[-75.26357,40.05428],[-75.2635,40.05421],[-75.26332,40.05402],[-75.26327,40.05397],[-75.26322,40.05393],[-75.26317,40.05386],[-75.2631,40.05378],[-75.26304,40.05374],[-75.26297,40.05367],[-75.26289,40.0536],[-75.26285,40.05355],[-75.26281,40.05351],[-75.26276,40.05345],[-75.26271,40.05341],[-75.26268,40.05337],[-75.26257,40.05326],[-75.26253,40.05322],[-75.2625,40.0532],[-75.26243,40.05317],[-75.26238,40.05312],[-75.26235,40.05308],[-75.26231,40.05302],[-75.26225,40.05294],[-75.26217,40.05286],[-75.26213,40.05282],[-75.26207,40.05279],[-75.26202,40.05274],[-75.26199,40.05271],[-75.26194,40.05265],[-75.26189,40.0526],[-75.26183,40.05254],[-75.2618,40.05251],[-75.26175,40.05243],[-75.26173,40.0524],[-75.26166,40.05236],[-75.2616,40.05233],[-75.26154,40.05229],[-75.26137,40.05215],[-75.26136,40.05212],[-75.26133,40.05207],[-75.26128,40.05201],[-75.26123,40.05196],[-75.26116,40.0519],[-75.26114,40.05187],[-75.26112,40.05183],[-75.26109,40.0518],[-75.26106,40.05178],[-75.261,40.05174],[-75.26098,40.0517],[-75.26094,40.05166],[-75.26089,40.05162],[-75.26082,40.05156],[-75.26078,40.05152],[-75.26077,40.05149],[-75.26076,40.05146],[-75.26068,40.05137],[-75.26062,40.05133],[-75.26059,40.05129],[-75.26056,40.05125],[-75.26053,40.0512],[-75.26049,40.05114],[-75.26048,40.05112],[-75.26046,40.05109],[-75.26043,40.05108],[-75.2604,40.05106],[-75.26037,40.05102],[-75.26034,40.05102],[-75.26032,40.05103],[-75.26018,40.0509],[-75.26013,40.05085],[-75.26011,40.05084],[-75.26007,40.05082],[-75.26002,40.05077],[-75.25997,40.05072],[-75.25994,40.05067],[-75.2599,40.05061],[-75.25986,40.05059],[-75.25982,40.05055],[-75.25979,40.0505],[-75.25973,40.05044],[-75.2597,40.0504],[-75.25964,40.05036],[-75.25961,40.05034],[-75.25958,40.05032],[-75.25954,40.05028],[-75.25954,40.05026],[-75.25949,40.05021],[-75.25945,40.05017],[-75.25938,40.0501],[-75.25934,40.05006],[-75.25931,40.05003],[-75.25928,40.05001],[-75.25924,40.04997],[-75.25919,40.04994],[-75.25917,40.04992],[-75.25913,40.04995],[-75.2591,40.04992],[-75.25913,40.0499],[-75.2591,40.04988],[-75.25898,40.04977],[-75.25896,40.04979],[-75.25893,40.04976],[-75.2589,40.04972],[-75.25885,40.04969],[-75.25879,40.04963],[-75.25873,40.04956],[-75.25868,40.04952],[-75.25865,40.04948],[-75.25863,40.04945],[-75.25859,40.04941],[-75.25854,40.04937],[-75.25851,40.04935],[-75.25848,40.04933],[-75.25846,40.04931],[-75.25842,40.04928],[-75.25839,40.04927],[-75.25835,40.04926],[-75.25832,40.04925],[-75.2583,40.04921],[-75.25827,40.04917],[-75.25824,40.04914],[-75.25821,40.04914],[-75.25819,40.04912],[-75.25816,40.04909],[-75.25812,40.04905],[-75.25803,40.049],[-75.25796,40.04895],[-75.25793,40.04893],[-75.25788,40.0489],[-75.25781,40.04885],[-75.2577,40.04877],[-75.25766,40.04872],[-75.25763,40.04869],[-75.25754,40.04863],[-75.25749,40.04859],[-75.25749,40.04856],[-75.25744,40.04851],[-75.2574,40.04849],[-75.25734,40.04851],[-75.25729,40.04846],[-75.25727,40.04843],[-75.25723,40.0484],[-75.2572,40.04838],[-75.25716,40.04836],[-75.25713,40.04836],[-75.2571,40.04835],[-75.25705,40.04828],[-75.25699,40.04824],[-75.25696,40.04822],[-75.25687,40.04819],[-75.25681,40.04816],[-75.25677,40.04811],[-75.25673,40.04809],[-75.2567,40.04808],[-75.25665,40.04805],[-75.25657,40.048],[-75.2565,40.04797],[-75.25645,40.04793],[-75.25639,40.04787],[-75.25633,40.04782],[-75.25629,40.04778],[-75.25623,40.04774],[-75.25618,40.04769],[-75.25612,40.04765],[-75.25609,40.04763],[-75.25605,40.04761],[-75.25603,40.04759],[-75.256,40.04759],[-75.25601,40.04756],[-75.25598,40.04754],[-75.25596,40.04752],[-75.25591,40.04748],[-75.25585,40.04744],[-75.25579,40.04739],[-75.25576,40.04737],[-75.25572,40.04735],[-75.25568,40.04732],[-75.25564,40.04729],[-75.25561,40.04725],[-75.2556,40.04723],[-75.25556,40.04721],[-75.25553,40.04719],[-75.2555,40.04716],[-75.25548,40.04715],[-75.2554,40.04712],[-75.25533,40.04708],[-75.25524,40.04704],[-75.25521,40.04702],[-75.25506,40.04694],[-75.255,40.04692],[-75.2549,40.04689],[-75.25482,40.04685],[-75.2548,40.04684],[-75.25464,40.04671],[-75.25445,40.04662],[-75.25438,40.04658],[-75.25416,40.04645],[-75.25405,40.04637],[-75.25393,40.0463],[-75.2538,40.04621],[-75.25362,40.04611],[-75.25347,40.04601],[-75.25332,40.04591],[-75.25301,40.0457],[-75.2528,40.04553],[-75.25266,40.04541],[-75.25244,40.04526],[-75.25227,40.04515],[-75.25205,40.04501],[-75.25178,40.04481],[-75.25156,40.04466],[-75.25139,40.04454],[-75.25128,40.04445],[-75.25107,40.04424],[-75.2509,40.04407],[-75.25072,40.04393],[-75.2507,40.04391],[-75.25062,40.04385],[-75.2506,40.04384],[-75.2505,40.04375],[-75.25036,40.04364],[-75.2502,40.04355],[-75.25007,40.04345],[-75.24996,40.04335],[-75.2498,40.04322],[-75.24968,40.04312],[-75.24956,40.04304],[-75.24946,40.04296],[-75.24929,40.04285],[-75.24916,40.04278],[-75.24902,40.04269],[-75.24896,40.04265],[-75.24885,40.04257],[-75.24867,40.04246],[-75.24855,40.04236],[-75.24844,40.04228],[-75.24829,40.04218],[-75.24815,40.04207],[-75.24813,40.04206],[-75.2481,40.04202],[-75.24805,40.042],[-75.24801,40.04198],[-75.24795,40.04191],[-75.24788,40.04186],[-75.24779,40.04178],[-75.24768,40.0417],[-75.24759,40.04162],[-75.24752,40.04154],[-75.24743,40.04147],[-75.24734,40.0414],[-75.24723,40.04132],[-75.24711,40.04124],[-75.24703,40.04117],[-75.24698,40.04108],[-75.2469,40.04101],[-75.24685,40.04095],[-75.24678,40.04089],[-75.24671,40.04086],[-75.24664,40.04082],[-75.24662,40.04075],[-75.24652,40.04063],[-75.24643,40.04054],[-75.24636,40.04045],[-75.24631,40.0404],[-75.24621,40.04031],[-75.24614,40.04024],[-75.24607,40.04018],[-75.24601,40.0401],[-75.24596,40.04005],[-75.24591,40.04002],[-75.24585,40.03994],[-75.24583,40.03987],[-75.24581,40.0398],[-75.24577,40.03971],[-75.24573,40.03964],[-75.24566,40.03954],[-75.24561,40.03945],[-75.2456,40.03938],[-75.24557,40.03932],[-75.24548,40.03917],[-75.24544,40.03911],[-75.2454,40.03906],[-75.24534,40.03899],[-75.2453,40.0389],[-75.24524,40.03882],[-75.24519,40.03872],[-75.24509,40.03859],[-75.24609,40.03971],[-75.24617,40.03979],[-75.24616,40.03976],[-75.24615,40.03962],[-75.24611,40.03954],[-75.24609,40.03947],[-75.24606,40.03939],[-75.24604,40.03933],[-75.24601,40.03927],[-75.24597,40.03921],[-75.24592,40.03912],[-75.24583,40.03899],[-75.24568,40.03878],[-75.24552,40.03852],[-75.24552,40.0385],[-75.24537,40.03831],[-75.24538,40.03829],[-75.2453,40.03822],[-75.24525,40.03817],[-75.24521,40.03812],[-75.24519,40.03807],[-75.24519,40.03804],[-75.24517,40.03799],[-75.24514,40.03792],[-75.24508,40.03785],[-75.245,40.03775],[-75.24498,40.03772],[-75.24493,40.03765],[-75.24484,40.0376],[-75.24474,40.03755],[-75.24451,40.03743],[-75.2444,40.03738],[-75.24428,40.03731],[-75.24415,40.03725],[-75.24401,40.0372],[-75.24388,40.03714],[-75.24378,40.03709],[-75.24376,40.03707],[-75.24364,40.03698],[-75.24353,40.03689],[-75.24343,40.03683],[-75.24334,40.03679],[-75.24322,40.03676],[-75.2431,40.0367],[-75.24297,40.03663],[-75.24286,40.03654],[-75.24281,40.03648],[-75.24276,40.03643],[-75.24267,40.03637],[-75.24256,40.03633],[-75.24245,40.03628],[-75.24235,40.03622],[-75.24227,40.03618],[-75.24215,40.03611],[-75.24201,40.03602],[-75.2419,40.03594],[-75.2418,40.03584],[-75.24171,40.03577],[-75.24161,40.03571],[-75.24152,40.03566],[-75.24144,40.03557],[-75.24137,40.03551],[-75.24129,40.03547],[-75.24119,40.03537],[-75.24107,40.03528],[-75.24096,40.03517],[-75.24087,40.03507],[-75.24079,40.035],[-75.24077,40.03497],[-75.2407,40.03492],[-75.24074,40.03489],[-75.24078,40.03487],[-75.24095,40.03487],[-75.24105,40.03482],[-75.24108,40.03479],[-75.24101,40.03478],[-75.24093,40.03477],[-75.24085,40.03477],[-75.24078,40.0348],[-75.24072,40.03481],[-75.24062,40.03483],[-75.24058,40.03482],[-75.24049,40.03472],[-75.24042,40.03458],[-75.24024,40.03429],[-75.2401,40.03412],[-75.23996,40.03399],[-75.23982,40.03389],[-75.2397,40.03378],[-75.23959,40.03367],[-75.23953,40.03362],[-75.23941,40.03359],[-75.23933,40.03358],[-75.23929,40.03357],[-75.23924,40.03353],[-75.23915,40.03347],[-75.23913,40.0334],[-75.23909,40.03333],[-75.23897,40.0332],[-75.23879,40.03308],[-75.23861,40.03298],[-75.23844,40.0329],[-75.23817,40.03275],[-75.23803,40.03267],[-75.23784,40.03255],[-75.23769,40.03246],[-75.23762,40.03241],[-75.23746,40.03235],[-75.2373,40.03227],[-75.23708,40.03213],[-75.23693,40.03203],[-75.23672,40.03189],[-75.23658,40.03178],[-75.23645,40.03168],[-75.23627,40.03158],[-75.23615,40.03151],[-75.236,40.03142],[-75.23578,40.03125],[-75.23561,40.03114],[-75.23545,40.03107],[-75.23528,40.03094],[-75.23504,40.03079],[-75.23483,40.03064],[-75.23464,40.03051],[-75.23454,40.03043],[-75.23443,40.03036],[-75.23415,40.03017],[-75.23385,40.02996],[-75.23376,40.02989],[-75.23339,40.02959],[-75.23325,40.02947],[-75.2331,40.02935],[-75.23293,40.02922],[-75.23277,40.02906],[-75.23258,40.0289],[-75.2324,40.0288],[-75.23225,40.0287],[-75.23187,40.02843],[-75.23181,40.02838],[-75.23177,40.02835],[-75.23171,40.02832],[-75.23152,40.02822],[-75.23132,40.02811],[-75.23107,40.028],[-75.23084,40.02789],[-75.23054,40.02781],[-75.23037,40.02774],[-75.23022,40.02765],[-75.23012,40.02754],[-75.22994,40.02743],[-75.22977,40.02734],[-75.22957,40.02726],[-75.2294,40.02717],[-75.22929,40.0271],[-75.22918,40.02708],[-75.22904,40.02703],[-75.22886,40.02695],[-75.22865,40.02687],[-75.22852,40.02681],[-75.22822,40.02662],[-75.22815,40.0266],[-75.22806,40.02657],[-75.22797,40.02654],[-75.22785,40.02651],[-75.22777,40.02649],[-75.22769,40.02645],[-75.22759,40.02641],[-75.22757,40.02639],[-75.22748,40.02635],[-75.22734,40.02629],[-75.22723,40.02622],[-75.22711,40.02615],[-75.22699,40.02609],[-75.22685,40.02604],[-75.22678,40.02597],[-75.22663,40.02589],[-75.22657,40.02587],[-75.22648,40.02583],[-75.22641,40.0258],[-75.22631,40.02574],[-75.22626,40.02568],[-75.22624,40.02564],[-75.2262,40.02561],[-75.22605,40.02554],[-75.2259,40.02547],[-75.22583,40.02545],[-75.2257,40.02539],[-75.22555,40.0253],[-75.22547,40.02524],[-75.22538,40.0252],[-75.22541,40.02516],[-75.22533,40.02513],[-75.22536,40.02509],[-75.22518,40.02502],[-75.22516,40.02504],[-75.22512,40.02503],[-75.22504,40.02499],[-75.22496,40.02494],[-75.22487,40.02489],[-75.22479,40.02483],[-75.2247,40.02474],[-75.22467,40.02471],[-75.22461,40.02469],[-75.22454,40.02466],[-75.22437,40.02456],[-75.22422,40.02449],[-75.22405,40.02441],[-75.22393,40.02435],[-75.22378,40.02428],[-75.22365,40.02422],[-75.22353,40.02418],[-75.22346,40.02415],[-75.22343,40.02414],[-75.22336,40.02411],[-75.2233,40.02407],[-75.22321,40.02403],[-75.22315,40.024],[-75.22305,40.02395],[-75.223,40.02392],[-75.22287,40.0238],[-75.2228,40.02374],[-75.22274,40.02367],[-75.22267,40.02361],[-75.2226,40.02354],[-75.2225,40.02345],[-75.2224,40.02336],[-75.22235,40.02329],[-75.22226,40.0232],[-75.22222,40.02315],[-75.2222,40.02311],[-75.22213,40.02304],[-75.22206,40.02299],[-75.22197,40.02294],[-75.22192,40.02292],[-75.22178,40.02286],[-75.22169,40.02283],[-75.2216,40.02279],[-75.22143,40.02274],[-75.22134,40.02272],[-75.22122,40.02271],[-75.22102,40.02268],[-75.22073,40.02262],[-75.22052,40.02256],[-75.22031,40.0225],[-75.22009,40.02245],[-75.21994,40.02242],[-75.21987,40.02239],[-75.21982,40.02237],[-75.21973,40.02234],[-75.21962,40.02227],[-75.21898,40.02189],[-75.21871,40.02173],[-75.21827,40.02148],[-75.21825,40.02148],[-75.21819,40.02145],[-75.21811,40.02142],[-75.21804,40.02136],[-75.21801,40.02131],[-75.21792,40.02125],[-75.21783,40.0212],[-75.21775,40.02118],[-75.21767,40.02116],[-75.21762,40.02114],[-75.21757,40.02109],[-75.21753,40.02104],[-75.21744,40.02101],[-75.21733,40.02095],[-75.21728,40.02091],[-75.21717,40.02084],[-75.21712,40.02081],[-75.21706,40.02078],[-75.21698,40.02074],[-75.21677,40.02064],[-75.21672,40.0206],[-75.21663,40.02051],[-75.21657,40.02046],[-75.21646,40.02035],[-75.21641,40.02033],[-75.21628,40.02022],[-75.21616,40.02012],[-75.21612,40.02009],[-75.21607,40.01999],[-75.21602,40.01989],[-75.21596,40.01985],[-75.21586,40.01976],[-75.21555,40.01944],[-75.21541,40.01933],[-75.21528,40.0192],[-75.21526,40.01918],[-75.2152,40.0191],[-75.21497,40.01885],[-75.21484,40.01871],[-75.21476,40.01864],[-75.21469,40.01857],[-75.21459,40.01842],[-75.21457,40.01837],[-75.21453,40.01829],[-75.21452,40.01824],[-75.21448,40.01819],[-75.21434,40.01808],[-75.21426,40.018],[-75.21408,40.01782],[-75.21375,40.01745],[-75.21359,40.0173],[-75.21346,40.01718],[-75.21319,40.01692],[-75.21304,40.01678],[-75.21257,40.01634],[-75.21244,40.01623],[-75.21204,40.01591],[-75.21186,40.01576],[-75.21147,40.0155],[-75.21107,40.01525],[-75.21074,40.01503],[-75.21063,40.01496],[-75.21049,40.01489],[-75.21018,40.01474],[-75.21011,40.0147],[-75.20981,40.01454],[-75.20965,40.01446],[-75.2093,40.0143],[-75.20909,40.0142],[-75.20906,40.01418],[-75.209,40.01415],[-75.20893,40.01412],[-75.20882,40.01407],[-75.20873,40.01403],[-75.20864,40.01398],[-75.20853,40.01391],[-75.20842,40.01383],[-75.20833,40.01376],[-75.20822,40.0137],[-75.20812,40.01365],[-75.20807,40.01362],[-75.20801,40.01357],[-75.20792,40.0135],[-75.20785,40.01346],[-75.20776,40.01341],[-75.20774,40.01338],[-75.20774,40.01336],[-75.2077,40.01333],[-75.20766,40.01335],[-75.2076,40.01332],[-75.20753,40.01332],[-75.20736,40.01327],[-75.20719,40.01322],[-75.20719,40.01315],[-75.20717,40.01309],[-75.20713,40.01306],[-75.20694,40.01294],[-75.20682,40.01288],[-75.2067,40.01281],[-75.20653,40.01272],[-75.20644,40.01266],[-75.20634,40.01259],[-75.20623,40.01251],[-75.20611,40.01245],[-75.20602,40.0124],[-75.20591,40.01234],[-75.20574,40.01223],[-75.20563,40.01212],[-75.20556,40.01206],[-75.20548,40.01199],[-75.20534,40.01189],[-75.20525,40.01182],[-75.20516,40.01175],[-75.20504,40.01167],[-75.20487,40.01156],[-75.20464,40.01142],[-75.20439,40.01129],[-75.20374,40.01105],[-75.20335,40.01091],[-75.2031,40.01081],[-75.20293,40.01074],[-75.2029,40.01073],[-75.20289,40.0107],[-75.20271,40.01061],[-75.20269,40.01063],[-75.20252,40.01056],[-75.20244,40.01053],[-75.2023,40.01049],[-75.20222,40.01046],[-75.20214,40.01043],[-75.20204,40.01038],[-75.2019,40.01033],[-75.20161,40.01024],[-75.20148,40.01022],[-75.20109,40.01012],[-75.20084,40.01006],[-75.20072,40.01003],[-75.20061,40.01],[-75.20044,40.00995],[-75.20019,40.00989],[-75.20009,40.00985],[-75.20001,40.00982],[-75.19991,40.00979],[-75.19968,40.00975],[-75.19942,40.00968],[-75.19893,40.00955],[-75.19873,40.0095],[-75.19852,40.00946],[-75.19837,40.00942],[-75.19804,40.00932],[-75.19718,40.00905],[-75.19704,40.009],[-75.19691,40.00896],[-75.19645,40.00881],[-75.19642,40.0088],[-75.19611,40.00869],[-75.19589,40.00862],[-75.19563,40.00854],[-75.19541,40.00845],[-75.19518,40.00838],[-75.19498,40.00831],[-75.19477,40.00823],[-75.19457,40.00815],[-75.19425,40.00803],[-75.19398,40.00793],[-75.19378,40.00785],[-75.19356,40.00775],[-75.19345,40.00771],[-75.19329,40.00764],[-75.19317,40.00758],[-75.19311,40.00755],[-75.19296,40.00749],[-75.19284,40.00741],[-75.19271,40.00734],[-75.19269,40.00733],[-75.19245,40.00719],[-75.19236,40.00712],[-75.19229,40.00707],[-75.19227,40.00706],[-75.19221,40.00701],[-75.19213,40.00694],[-75.19207,40.00689],[-75.19202,40.00684],[-75.19198,40.00679],[-75.19194,40.00673],[-75.19191,40.00669],[-75.19188,40.00663],[-75.19185,40.0066],[-75.19184,40.00658],[-75.19179,40.00651],[-75.19169,40.00637],[-75.19164,40.0063],[-75.19159,40.00623],[-75.19145,40.00607],[-75.19138,40.00596],[-75.19135,40.0059],[-75.19129,40.0058],[-75.19125,40.00567],[-75.1912,40.00553],[-75.19114,40.00538],[-75.19109,40.00527],[-75.19103,40.00516],[-75.19101,40.00506],[-75.19095,40.00491],[-75.19094,40.00485],[-75.19093,40.00476],[-75.19091,40.00468],[-75.19091,40.00459],[-75.19089,40.0045],[-75.19088,40.00442],[-75.19087,40.00431],[-75.19086,40.00423],[-75.19086,40.00411],[-75.19085,40.00402],[-75.19083,40.00393],[-75.1908,40.00385],[-75.19077,40.00376],[-75.19071,40.00368],[-75.19065,40.00359],[-75.19061,40.0035],[-75.1906,40.00341],[-75.1906,40.00332],[-75.19059,40.00324],[-75.19059,40.00316],[-75.19061,40.00307],[-75.19062,40.00297],[-75.19062,40.00286],[-75.19059,40.00277],[-75.19057,40.00266],[-75.19054,40.00256],[-75.19052,40.00248],[-75.19051,40.00238],[-75.1905,40.0023],[-75.19051,40.00221],[-75.1905,40.00205],[-75.1905,40.00198],[-75.19054,40.00185],[-75.19056,40.00177],[-75.19059,40.00167],[-75.19061,40.00164],[-75.19065,40.00152],[-75.19068,40.00143],[-75.19071,40.00132],[-75.19073,40.00123],[-75.19075,40.00115],[-75.19078,40.00109],[-75.19079,40.00101],[-75.19082,40.00079],[-75.19083,40.00069],[-75.19084,40.00057],[-75.19085,40.00048],[-75.19086,40.00034],[-75.19085,40.00024],[-75.19086,40.00013],[-75.19083,40.00004],[-75.19081,39.99991],[-75.19081,39.99988],[-75.19081,39.99979],[-75.19081,39.99973],[-75.19081,39.99963],[-75.19082,39.99954],[-75.19084,39.99942],[-75.19083,39.99933],[-75.19084,39.99917],[-75.19092,39.99885],[-75.19094,39.99875],[-75.19097,39.99862],[-75.19102,39.99845],[-75.19107,39.99826],[-75.1911,39.99806],[-75.19113,39.99795],[-75.19113,39.9979],[-75.19114,39.99782],[-75.19114,39.99775],[-75.19115,39.99768],[-75.19116,39.99761],[-75.19117,39.99756],[-75.19118,39.9975],[-75.19119,39.99744],[-75.19121,39.99735],[-75.19125,39.9972],[-75.19128,39.99709],[-75.19133,39.9969],[-75.19137,39.99674],[-75.19144,39.99657],[-75.19153,39.99626],[-75.19156,39.99619],[-75.19158,39.99615],[-75.19161,39.99607],[-75.19167,39.99598],[-75.19171,39.9959],[-75.19178,39.99581],[-75.19187,39.99569],[-75.19192,39.99559],[-75.19199,39.9955],[-75.19205,39.99542],[-75.19211,39.99536],[-75.19217,39.99529],[-75.19223,39.99523],[-75.19226,39.99518],[-75.1923,39.99514],[-75.19233,39.9951],[-75.19235,39.99507],[-75.1924,39.99503],[-75.19244,39.99499],[-75.19247,39.99496],[-75.19251,39.99492],[-75.19257,39.99485],[-75.19259,39.99483],[-75.19263,39.99478],[-75.19279,39.99456],[-75.19283,39.99452],[-75.19286,39.99448],[-75.19293,39.99441],[-75.19296,39.99441],[-75.19298,39.9944],[-75.19299,39.99438],[-75.19312,39.99426],[-75.19328,39.99413],[-75.19353,39.99393],[-75.19364,39.99385],[-75.19392,39.99362],[-75.19409,39.99349],[-75.19423,39.99338],[-75.19434,39.99329],[-75.19438,39.99326],[-75.1944,39.99322],[-75.1945,39.99317],[-75.19478,39.99294],[-75.19508,39.99269],[-75.19522,39.99258],[-75.19536,39.99247],[-75.19551,39.99236],[-75.19573,39.99218],[-75.19582,39.99209],[-75.19591,39.992],[-75.196,39.99191],[-75.19607,39.99183],[-75.19639,39.9915],[-75.19652,39.99137],[-75.19672,39.99116],[-75.19708,39.99079],[-75.19719,39.99068],[-75.19741,39.99045],[-75.19749,39.99036],[-75.1976,39.99025],[-75.19779,39.99004],[-75.19786,39.98995],[-75.19792,39.98988],[-75.198,39.98978],[-75.19815,39.98959],[-75.19825,39.98948],[-75.19837,39.98934],[-75.19849,39.98922],[-75.1986,39.98912],[-75.19872,39.989],[-75.1989,39.98884],[-75.19903,39.98871],[-75.19956,39.98822],[-75.1999,39.9879],[-75.20004,39.98777],[-75.20018,39.98763],[-75.20031,39.98751],[-75.20043,39.9874],[-75.20055,39.98729],[-75.2007,39.98715],[-75.20078,39.98707],[-75.20099,39.98688],[-75.20113,39.98675],[-75.20127,39.98663],[-75.20158,39.98636],[-75.20176,39.98621],[-75.20186,39.98613],[-75.202,39.98602],[-75.2021,39.98593],[-75.20221,39.98585],[-75.20253,39.98557],[-75.20301,39.98517],[-75.20306,39.98509],[-75.20315,39.98498],[-75.20321,39.98491],[-75.20329,39.9848],[-75.20334,39.98471],[-75.20338,39.98462],[-75.20341,39.98453],[-75.20343,39.98444],[-75.20345,39.98436],[-75.20346,39.98426],[-75.20346,39.98417],[-75.20346,39.9841],[-75.20345,39.984],[-75.20342,39.98388],[-75.20334,39.98366],[-75.20326,39.98348],[-75.20316,39.98328],[-75.20307,39.98313],[-75.20299,39.98301],[-75.20285,39.98282],[-75.20271,39.98266],[-75.20256,39.9825],[-75.20237,39.98231],[-75.20218,39.98213],[-75.20194,39.98192],[-75.20174,39.98175],[-75.20148,39.98155],[-75.20114,39.9813],[-75.20095,39.98118],[-75.20058,39.98096],[-75.20039,39.98085],[-75.20024,39.98077],[-75.19875,39.97996],[-75.19849,39.97982],[-75.19826,39.97969],[-75.1974,39.97922],[-75.19704,39.97902],[-75.19626,39.97859],[-75.19598,39.97844],[-75.19576,39.97832],[-75.19562,39.97824],[-75.19555,39.9782],[-75.19541,39.97812],[-75.19528,39.97804],[-75.19515,39.97796],[-75.19499,39.97786],[-75.19486,39.97777],[-75.19473,39.97768],[-75.19451,39.97753],[-75.19434,39.97742],[-75.19419,39.9773],[-75.19405,39.97719],[-75.19386,39.97704],[-75.19371,39.97692],[-75.19349,39.97673],[-75.19338,39.97666],[-75.1933,39.9766],[-75.19314,39.97649],[-75.19305,39.97643],[-75.19301,39.97639],[-75.19297,39.97637],[-75.19294,39.97636],[-75.19294,39.9763],[-75.19292,39.97625],[-75.19288,39.97624],[-75.19286,39.97621],[-75.19285,39.97617],[-75.1925,39.97569],[-75.19227,39.97545],[-75.19209,39.97526],[-75.19201,39.97514],[-75.19185,39.97492],[-75.19168,39.97467],[-75.19151,39.97439],[-75.19144,39.97427],[-75.19098,39.97347],[-75.19071,39.97289],[-75.19061,39.97264],[-75.19049,39.97232],[-75.19042,39.97213],[-75.19038,39.97199],[-75.19037,39.97195],[-75.19036,39.9719],[-75.19035,39.97185],[-75.19032,39.9716],[-75.19031,39.97152],[-75.19029,39.97141],[-75.19029,39.9713],[-75.19029,39.97118],[-75.19027,39.971],[-75.19026,39.97093],[-75.19026,39.97085],[-75.19025,39.97079],[-75.19024,39.97071],[-75.19022,39.97058],[-75.19018,39.97038],[-75.19017,39.97031],[-75.19014,39.97025],[-75.19008,39.97015],[-75.19004,39.97009],[-75.18995,39.96998],[-75.18991,39.96992],[-75.18988,39.96988],[-75.18984,39.96984],[-75.18981,39.96981],[-75.18977,39.96977],[-75.18973,39.96974],[-75.18968,39.96971],[-75.18964,39.96968],[-75.18954,39.96962],[-75.18949,39.9696],[-75.18944,39.96958],[-75.18938,39.96956],[-75.18931,39.96954],[-75.18924,39.96952],[-75.18918,39.96951],[-75.18911,39.96949],[-75.18904,39.96948],[-75.18875,39.96945],[-75.18817,39.96937],[-75.1876,39.96931],[-75.18651,39.96917],[-75.18644,39.96916],[-75.18636,39.96914],[-75.18628,39.96913],[-75.1862,39.96911],[-75.18613,39.96909],[-75.18605,39.96906],[-75.18598,39.96904],[-75.18588,39.96899],[-75.18578,39.96895],[-75.18568,39.9689],[-75.18558,39.96885],[-75.18539,39.96874],[-75.1853,39.96868],[-75.18522,39.96863],[-75.18513,39.96857],[-75.18506,39.96851],[-75.18498,39.96845],[-75.1849,39.96839],[-75.18479,39.96829],[-75.18472,39.96822],[-75.18474,39.96819],[-75.18477,39.96814],[-75.18471,39.9681],[-75.18472,39.96806],[-75.18475,39.968],[-75.1848,39.96795],[-75.18486,39.96793],[-75.1849,39.96798],[-75.18494,39.96807],[-75.185,39.96811],[-75.18506,39.96816],[-75.18515,39.96821],[-75.18524,39.96826],[-75.18546,39.96841],[-75.18555,39.96844],[-75.1857,39.96848],[-75.18583,39.96851],[-75.18597,39.96856],[-75.18606,39.96861],[-75.18616,39.96864],[-75.18623,39.96864],[-75.18631,39.96863],[-75.18634,39.96859],[-75.18633,39.96853],[-75.18629,39.96847],[-75.18623,39.9684],[-75.18614,39.96835],[-75.18604,39.96832],[-75.18593,39.96828],[-75.18578,39.96817],[-75.18562,39.96807],[-75.18541,39.96793],[-75.18505,39.96768],[-75.18475,39.96745],[-75.18466,39.96737],[-75.18466,39.96732],[-75.18465,39.96725],[-75.18464,39.96719],[-75.18461,39.96706],[-75.18466,39.96694],[-75.1846,39.96693],[-75.18463,39.9668],[-75.18459,39.96679],[-75.18452,39.96677],[-75.18449,39.96683],[-75.18417,39.96675],[-75.18419,39.9667],[-75.1838,39.9666],[-75.18378,39.96664],[-75.18371,39.96659],[-75.1837,39.96655],[-75.18373,39.96655],[-75.1837,39.96643],[-75.18367,39.96643],[-75.18366,39.96639],[-75.1837,39.96638],[-75.18366,39.96624],[-75.18361,39.96625],[-75.18359,39.96618],[-75.18365,39.96617],[-75.18361,39.96612],[-75.18363,39.9661],[-75.18366,39.96608],[-75.18368,39.96606],[-75.18368,39.96593],[-75.18369,39.96577],[-75.18368,39.96567],[-75.18366,39.96555],[-75.18361,39.96545],[-75.18354,39.96533],[-75.18348,39.96522],[-75.18342,39.96513],[-75.18336,39.96503],[-75.1833,39.96491],[-75.18321,39.96478],[-75.18311,39.96464],[-75.18303,39.96452],[-75.18296,39.96443],[-75.18282,39.96427],[-75.18281,39.96426],[-75.18278,39.96424],[-75.18278,39.96423],[-75.18276,39.96421],[-75.18274,39.96418],[-75.18268,39.96412],[-75.18266,39.96409],[-75.18254,39.96395],[-75.18241,39.9638],[-75.18229,39.96369],[-75.18211,39.96354],[-75.18194,39.96335],[-75.18172,39.96313],[-75.18152,39.96293],[-75.18135,39.96278],[-75.18111,39.96255],[-75.18089,39.9623],[-75.18076,39.96216],[-75.18069,39.96209],[-75.18044,39.96182],[-75.1804,39.96178],[-75.18028,39.96163],[-75.18022,39.96157],[-75.18011,39.96143],[-75.18008,39.96139],[-75.18004,39.96133],[-75.18,39.96127],[-75.17996,39.9612],[-75.17991,39.96114],[-75.17982,39.96099],[-75.17978,39.96093],[-75.17973,39.96085],[-75.17969,39.96079],[-75.17963,39.96069],[-75.17953,39.96053],[-75.17948,39.96044],[-75.17946,39.9604],[-75.17945,39.96036],[-75.17944,39.96033],[-75.17945,39.9603],[-75.17945,39.96027],[-75.17942,39.96025],[-75.17933,39.96021],[-75.1793,39.96014],[-75.17928,39.96005],[-75.17924,39.95994],[-75.17922,39.95986],[-75.17922,39.95984],[-75.17922,39.95981],[-75.17919,39.95974],[-75.17916,39.95966],[-75.17913,39.95962],[-75.1791,39.95958],[-75.17906,39.95953],[-75.17905,39.95948],[-75.17904,39.95944],[-75.17902,39.95939],[-75.17898,39.95927],[-75.17895,39.95916],[-75.17891,39.95906],[-75.17886,39.95889],[-75.17882,39.95875],[-75.17877,39.95855],[-75.17873,39.9584],[-75.17871,39.95832],[-75.17869,39.95825],[-75.17869,39.95821],[-75.17868,39.95813],[-75.17867,39.95793],[-75.17865,39.95766],[-75.17865,39.95757],[-75.17872,39.95757],[-75.17874,39.95743],[-75.17874,39.95742],[-75.17878,39.95712],[-75.17881,39.95696],[-75.17888,39.95668],[-75.17893,39.95653],[-75.17897,39.95642],[-75.17902,39.95627],[-75.17906,39.95616],[-75.17907,39.95613],[-75.17912,39.95599],[-75.17914,39.95594],[-75.17917,39.95588],[-75.17918,39.95585],[-75.17928,39.95555],[-75.1793,39.9555],[-75.1793,39.95548],[-75.17932,39.95545],[-75.17933,39.9554],[-75.17935,39.95537],[-75.17938,39.95528],[-75.17968,39.95455],[-75.1797,39.95452],[-75.17974,39.95442],[-75.17981,39.95423],[-75.17982,39.95422],[-75.18043,39.95302],[-75.18048,39.95293],[-75.18058,39.95272],[-75.18055,39.95271],[-75.18069,39.95242],[-75.18087,39.95205],[-75.18088,39.95204],[-75.18088,39.95201],[-75.18088,39.95198],[-75.1809,39.95194],[-75.18092,39.95189],[-75.18096,39.95183],[-75.18099,39.95177],[-75.18102,39.95175],[-75.18106,39.95171],[-75.18116,39.95155],[-75.18121,39.95146],[-75.18133,39.95126],[-75.18144,39.95108],[-75.18182,39.95049],[-75.18203,39.95018],[-75.18235,39.94976],[-75.18262,39.94947],[-75.18265,39.94947],[-75.1827,39.94944],[-75.18272,39.94942],[-75.18275,39.94938],[-75.18276,39.94936],[-75.18279,39.94933],[-75.18285,39.94928],[-75.18287,39.94926],[-75.18289,39.94925],[-75.18294,39.94921],[-75.18297,39.94918],[-75.18298,39.94916],[-75.18301,39.94913],[-75.18312,39.94901],[-75.18318,39.94896],[-75.18348,39.94873],[-75.18358,39.94867],[-75.18366,39.94861],[-75.18377,39.94852],[-75.18381,39.94849],[-75.18389,39.94843],[-75.18395,39.94837],[-75.18399,39.94834],[-75.18403,39.94832],[-75.18406,39.9483],[-75.18411,39.94827],[-75.18416,39.94824],[-75.18422,39.9482],[-75.18425,39.94816],[-75.18429,39.94812],[-75.18434,39.94806],[-75.18438,39.94802],[-75.18445,39.94797],[-75.18512,39.9475],[-75.18525,39.94741],[-75.18564,39.9471],[-75.18575,39.94704],[-75.18582,39.94701],[-75.18587,39.94698],[-75.18593,39.94694],[-75.186,39.94688],[-75.18613,39.94678],[-75.18622,39.94672],[-75.18631,39.94665],[-75.18639,39.94658],[-75.18644,39.94654],[-75.18646,39.94651],[-75.1866,39.94642],[-75.18672,39.94637],[-75.18679,39.94632],[-75.18686,39.94629],[-75.18693,39.94623],[-75.187,39.94617],[-75.18705,39.94612],[-75.18708,39.94609],[-75.1871,39.94606],[-75.18711,39.94603],[-75.18714,39.94603],[-75.18719,39.94603],[-75.18724,39.94603],[-75.18727,39.94602],[-75.18732,39.946],[-75.18758,39.94584],[-75.18759,39.94583],[-75.18759,39.94582],[-75.18759,39.94579],[-75.18761,39.94576],[-75.18767,39.94575],[-75.18772,39.94575],[-75.18773,39.94573],[-75.18776,39.9457],[-75.18781,39.94565],[-75.18784,39.94563],[-75.18786,39.94561],[-75.18804,39.94548],[-75.18809,39.94546],[-75.18814,39.94544],[-75.18816,39.94543],[-75.18819,39.94541],[-75.18821,39.94537],[-75.18823,39.94535],[-75.18828,39.94532],[-75.18835,39.94527],[-75.18843,39.94521],[-75.18852,39.94513],[-75.1886,39.94508],[-75.18865,39.94504],[-75.18875,39.94496],[-75.18879,39.94492],[-75.18884,39.94488],[-75.1889,39.94482],[-75.18895,39.94478],[-75.18903,39.94473],[-75.18912,39.94466],[-75.18922,39.94458],[-75.18928,39.94453],[-75.18935,39.94448],[-75.1894,39.94443],[-75.18949,39.94433],[-75.18957,39.94425],[-75.18962,39.94418],[-75.18968,39.94412],[-75.18978,39.94403],[-75.18986,39.94396],[-75.18994,39.94389],[-75.19001,39.94383],[-75.1901,39.94374],[-75.19019,39.94367],[-75.19022,39.94364],[-75.19026,39.94358],[-75.1903,39.94354],[-75.19036,39.94348],[-75.19039,39.94344],[-75.19061,39.94326],[-75.19094,39.94294],[-75.19101,39.94288],[-75.19104,39.94285],[-75.19115,39.94275],[-75.19128,39.94262],[-75.19137,39.94255],[-75.1916,39.94238],[-75.19173,39.94229],[-75.19184,39.94222],[-75.19209,39.94207],[-75.19232,39.94194],[-75.19258,39.94182],[-75.19271,39.94176],[-75.19289,39.94168],[-75.19293,39.94165],[-75.19298,39.94166],[-75.19302,39.94167],[-75.19311,39.94171],[-75.19318,39.94169],[-75.19336,39.94169],[-75.19341,39.94167],[-75.19346,39.94162],[-75.19356,39.94157],[-75.1937,39.94154],[-75.19385,39.9415],[-75.19398,39.94148],[-75.19409,39.94147],[-75.1942,39.9415],[-75.19433,39.94151],[-75.19446,39.94151],[-75.19463,39.94151],[-75.19467,39.94151],[-75.19478,39.9415],[-75.19512,39.94146],[-75.1952,39.94146],[-75.1953,39.94146],[-75.1954,39.94149],[-75.19553,39.94152],[-75.19564,39.94155],[-75.19571,39.94158],[-75.19578,39.94159],[-75.19583,39.94164],[-75.19586,39.94169],[-75.1959,39.94172],[-75.19592,39.94176],[-75.19621,39.9418],[-75.1962,39.94177],[-75.19635,39.94179],[-75.19653,39.94182],[-75.1967,39.94186],[-75.19683,39.94189],[-75.19692,39.94193],[-75.19699,39.942],[-75.19709,39.94206],[-75.1972,39.94215],[-75.19732,39.94223],[-75.19744,39.94231],[-75.19752,39.94236],[-75.19767,39.94239],[-75.19778,39.94243],[-75.19801,39.94257],[-75.19823,39.94267],[-75.19832,39.94272],[-75.19841,39.94275],[-75.19849,39.94276],[-75.19857,39.94278],[-75.19869,39.94284],[-75.19878,39.94286],[-75.19884,39.94291],[-75.19897,39.94297],[-75.19904,39.94302],[-75.19935,39.94312],[-75.19948,39.94317],[-75.19959,39.94323],[-75.19968,39.94327],[-75.19979,39.94334],[-75.19981,39.94339],[-75.19984,39.94341],[-75.19987,39.9434],[-75.19993,39.94339],[-75.19998,39.9434],[-75.20012,39.94342],[-75.20022,39.94343],[-75.20035,39.94344],[-75.20046,39.94344],[-75.20061,39.94344],[-75.2007,39.94345],[-75.20075,39.94345],[-75.201,39.94345],[-75.20139,39.94342],[-75.20157,39.94341],[-75.20169,39.94339],[-75.20178,39.94338],[-75.20187,39.94336],[-75.20196,39.94334],[-75.20206,39.94332],[-75.20216,39.94329],[-75.20224,39.94327],[-75.20236,39.94324],[-75.20245,39.94322],[-75.20257,39.94317],[-75.20268,39.94313],[-75.20281,39.94308],[-75.20317,39.94295],[-75.20328,39.94291],[-75.2034,39.94284],[-75.20353,39.94278],[-75.20362,39.94271],[-75.20372,39.94262],[-75.20381,39.94255],[-75.20383,39.94253],[-75.20393,39.94239],[-75.20394,39.94234],[-75.20435,39.94195],[-75.20427,39.9419],[-75.20432,39.94171],[-75.20435,39.94159],[-75.20438,39.94147],[-75.2044,39.94136],[-75.20442,39.9413],[-75.20447,39.94102],[-75.20449,39.94091],[-75.20451,39.94079],[-75.20456,39.94079],[-75.20457,39.94076],[-75.2046,39.94067],[-75.2046,39.94056],[-75.2046,39.94051],[-75.20457,39.94048],[-75.20454,39.94047],[-75.20451,39.94044],[-75.20451,39.94042],[-75.20455,39.94042],[-75.20455,39.94039],[-75.20452,39.93981],[-75.20459,39.93982],[-75.20455,39.93961],[-75.20451,39.93958],[-75.20447,39.93881],[-75.20451,39.93881],[-75.20448,39.93846],[-75.20448,39.93844],[-75.20446,39.93828],[-75.20448,39.93824],[-75.20447,39.93821],[-75.20446,39.93816],[-75.20446,39.93807],[-75.20447,39.93801],[-75.20447,39.93794],[-75.20446,39.93784],[-75.20446,39.93775],[-75.20446,39.93768],[-75.20446,39.93756],[-75.20447,39.93747],[-75.20446,39.93742],[-75.20446,39.93737],[-75.20446,39.93729],[-75.20446,39.93723],[-75.20446,39.93721],[-75.20441,39.93721],[-75.20442,39.93714],[-75.20446,39.93715],[-75.20446,39.93709],[-75.20446,39.93703],[-75.20447,39.93701],[-75.20448,39.93695],[-75.20451,39.93688],[-75.20453,39.93681],[-75.20453,39.93673],[-75.20452,39.93664],[-75.20451,39.93657],[-75.20451,39.93653],[-75.20451,39.93642],[-75.20454,39.93635],[-75.20455,39.93629],[-75.20457,39.9362],[-75.20459,39.93612],[-75.20461,39.93605],[-75.20463,39.936],[-75.20463,39.93596],[-75.20463,39.9359],[-75.20463,39.93581],[-75.20469,39.93571],[-75.20476,39.93552],[-75.20487,39.93527],[-75.2049,39.93523],[-75.20494,39.93515],[-75.20499,39.93508],[-75.20503,39.93498],[-75.20507,39.9349],[-75.2051,39.93485],[-75.20514,39.93481],[-75.20518,39.93477],[-75.20522,39.93473],[-75.20528,39.93467],[-75.20537,39.93461],[-75.20541,39.93463],[-75.20544,39.93463],[-75.20547,39.93462],[-75.20575,39.93434],[-75.20573,39.93431],[-75.20577,39.93427],[-75.20584,39.93421],[-75.20589,39.93416],[-75.20597,39.93411],[-75.20602,39.93409],[-75.20606,39.93406],[-75.20615,39.934],[-75.20619,39.93396],[-75.20624,39.9339],[-75.20628,39.93384],[-75.20636,39.93371],[-75.2064,39.93364],[-75.20648,39.93348],[-75.20651,39.93344],[-75.20656,39.93338],[-75.2066,39.93334],[-75.20662,39.93331],[-75.20667,39.93326],[-75.20671,39.93322],[-75.20675,39.93317],[-75.20678,39.93311],[-75.20684,39.93304],[-75.20688,39.933],[-75.20692,39.93297],[-75.20699,39.93291],[-75.20703,39.93286],[-75.20709,39.93279],[-75.20717,39.93268],[-75.20727,39.93258],[-75.20732,39.93251],[-75.20736,39.93248],[-75.20739,39.93243],[-75.20746,39.93226],[-75.20748,39.93224],[-75.20751,39.9322],[-75.20755,39.93218],[-75.20759,39.93216],[-75.20763,39.93212],[-75.20764,39.93207],[-75.20764,39.93201],[-75.20766,39.93195],[-75.20765,39.93189],[-75.20762,39.93185],[-75.20756,39.93183],[-75.20754,39.93182],[-75.20748,39.93181],[-75.20741,39.9318],[-75.20734,39.93179],[-75.20727,39.93178],[-75.20721,39.93176],[-75.20722,39.93174],[-75.20725,39.93174],[-75.20732,39.93175],[-75.20742,39.93176],[-75.20749,39.93176],[-75.20768,39.93173],[-75.20777,39.93168],[-75.20783,39.93163],[-75.20794,39.93152],[-75.20798,39.93144],[-75.20802,39.93132],[-75.20806,39.93123],[-75.2081,39.93112],[-75.20813,39.93095],[-75.20813,39.93087],[-75.20815,39.93076],[-75.20814,39.9307],[-75.20815,39.93062],[-75.20822,39.93052],[-75.20843,39.93027],[-75.2085,39.93018],[-75.20856,39.9301],[-75.20866,39.93],[-75.20872,39.92989],[-75.20877,39.92981],[-75.20885,39.92972],[-75.20891,39.92965],[-75.20896,39.92959],[-75.20902,39.92952],[-75.20909,39.92945],[-75.20915,39.92938],[-75.20922,39.92931],[-75.20927,39.92924],[-75.20928,39.92917],[-75.20928,39.92911],[-75.20931,39.92902],[-75.20934,39.92893],[-75.20936,39.92884],[-75.20937,39.92876],[-75.20938,39.92868],[-75.20939,39.92859],[-75.20941,39.92852],[-75.20943,39.92848],[-75.20946,39.92841],[-75.20947,39.9284],[-75.2095,39.92834],[-75.20949,39.92828],[-75.20947,39.92825],[-75.2095,39.92821],[-75.20955,39.92823],[-75.20962,39.92822],[-75.2097,39.92819],[-75.20982,39.92817],[-75.20995,39.92818],[-75.2101,39.9282],[-75.21016,39.92822],[-75.21021,39.92822],[-75.21023,39.9282],[-75.21026,39.92819],[-75.21029,39.92816],[-75.21054,39.92822],[-75.21074,39.92776],[-75.21085,39.92753],[-75.21098,39.92721],[-75.21101,39.92713],[-75.21104,39.92713],[-75.21108,39.92711],[-75.2111,39.92706],[-75.21109,39.927],[-75.21107,39.92695],[-75.21108,39.92687],[-75.21112,39.92678],[-75.21116,39.92668],[-75.21117,39.9266],[-75.21126,39.92637],[-75.2113,39.92627],[-75.21132,39.92615],[-75.21133,39.92612],[-75.21133,39.92607],[-75.21141,39.92585],[-75.21145,39.92395],[-75.21133,39.92375],[-75.21131,39.92353],[-75.21122,39.92327],[-75.21107,39.92299],[-75.21078,39.92267],[-75.2105,39.92227],[-75.21025,39.92205],[-75.21018,39.92199],[-75.2101,39.92194],[-75.21003,39.92189],[-75.20995,39.92184],[-75.20985,39.9218],[-75.20974,39.92175],[-75.20963,39.92172],[-75.20952,39.92168],[-75.2094,39.92165],[-75.2093,39.92162],[-75.20917,39.9216],[-75.20905,39.9216],[-75.20897,39.92162],[-75.20888,39.92164],[-75.20878,39.92166],[-75.20867,39.92167],[-75.2086,39.92168],[-75.2085,39.92169],[-75.20841,39.92168],[-75.20837,39.92168],[-75.20807,39.9216],[-75.20807,39.92153],[-75.20768,39.92154],[-75.20464,39.92186],[-75.20462,39.92199],[-75.20437,39.92195],[-75.20436,39.92198],[-75.20431,39.92197],[-75.20426,39.92195],[-75.20422,39.92193],[-75.2042,39.92188],[-75.20405,39.92184],[-75.20398,39.92182],[-75.20398,39.92179],[-75.20336,39.92172],[-75.20333,39.92171],[-75.2032,39.92168],[-75.20245,39.9213],[-75.20239,39.92126],[-75.2023,39.92121],[-75.2022,39.92111],[-75.20209,39.92108],[-75.20205,39.92105],[-75.20201,39.92104],[-75.20177,39.92084],[-75.20175,39.92084],[-75.20152,39.92066],[-75.20145,39.92056],[-75.20133,39.92038],[-75.20132,39.92036],[-75.20114,39.92009],[-75.20107,39.91996],[-75.20102,39.91985],[-75.20095,39.91966],[-75.20095,39.91962],[-75.20094,39.91957],[-75.20105,39.91955],[-75.20104,39.91934],[-75.20104,39.91919],[-75.20105,39.91904],[-75.20107,39.9189],[-75.20111,39.91869],[-75.20115,39.91849],[-75.20124,39.91819],[-75.20129,39.91803],[-75.20133,39.91794],[-75.20137,39.91788],[-75.20156,39.91758],[-75.20181,39.91717],[-75.20208,39.91673],[-75.20273,39.91569],[-75.20276,39.91564],[-75.20271,39.91563],[-75.20272,39.91559],[-75.20276,39.9156],[-75.20279,39.91549],[-75.20288,39.91536],[-75.20291,39.91531],[-75.20292,39.91525],[-75.20297,39.91523],[-75.20298,39.9152],[-75.20293,39.91516],[-75.20299,39.91505],[-75.20305,39.91493],[-75.20308,39.91482],[-75.2031,39.91471],[-75.20315,39.91463],[-75.20324,39.91452],[-75.20327,39.91434],[-75.2033,39.91422],[-75.2034,39.91398],[-75.20347,39.9138],[-75.20355,39.91363],[-75.20364,39.91342],[-75.20376,39.91324],[-75.20445,39.91231],[-75.20446,39.91228],[-75.2045,39.91222],[-75.20454,39.91216],[-75.20458,39.91209],[-75.20462,39.91203],[-75.20466,39.91197],[-75.20469,39.91191],[-75.20472,39.91185],[-75.20475,39.91182],[-75.20482,39.91185],[-75.20487,39.91177],[-75.20483,39.91175],[-75.20485,39.91173],[-75.205,39.91159],[-75.20506,39.91155],[-75.20511,39.9115],[-75.20514,39.91144],[-75.20518,39.9114],[-75.20521,39.91135],[-75.20526,39.9113],[-75.2053,39.91125],[-75.20533,39.9112],[-75.20533,39.91118],[-75.20532,39.91116],[-75.20552,39.91093],[-75.20601,39.91068],[-75.20671,39.91034],[-75.20678,39.91028],[-75.20683,39.91026],[-75.20697,39.91021],[-75.20705,39.91016],[-75.20756,39.90989],[-75.20808,39.90987],[-75.2084,39.90982],[-75.20868,39.90982],[-75.20925,39.90976],[-75.21,39.90982],[-75.21203,39.90995],[-75.21349,39.90972],[-75.21442,39.909],[-75.21464,39.90799],[-75.2143,39.90455],[-75.21419,39.90455],[-75.21418,39.90439],[-75.21427,39.90438],[-75.21427,39.90431],[-75.21417,39.90432],[-75.21372,39.90294],[-75.21378,39.90293],[-75.21376,39.90288],[-75.21371,39.90289],[-75.21323,39.9014],[-75.21274,39.90069],[-75.21285,39.90065],[-75.2128,39.90057],[-75.21276,39.9006],[-75.2127,39.90063],[-75.21257,39.90045],[-75.21225,39.89996],[-75.21062,39.89827],[-75.20824,39.89666],[-75.20816,39.89663],[-75.20765,39.89641],[-75.20723,39.89624],[-75.20733,39.89611],[-75.20695,39.89594],[-75.20641,39.89571],[-75.20632,39.89585],[-75.20612,39.89576],[-75.20592,39.89568],[-75.20582,39.89564],[-75.20571,39.8956],[-75.20574,39.89545],[-75.20528,39.89538],[-75.20405,39.8952],[-75.20258,39.89498],[-75.20131,39.89485],[-75.20072,39.89478],[-75.2007,39.89487],[-75.20029,39.89483],[-75.20011,39.89561],[-75.20007,39.89576],[-75.19917,39.89571],[-75.19941,39.89463],[-75.19924,39.89461],[-75.19892,39.89599],[-75.19897,39.89601],[-75.19904,39.89605],[-75.19919,39.89612],[-75.19924,39.89616],[-75.19926,39.89618],[-75.19925,39.8963],[-75.19926,39.89641],[-75.19925,39.89649],[-75.19921,39.89657],[-75.19919,39.8966],[-75.19916,39.89662],[-75.19912,39.89663],[-75.19908,39.89664],[-75.19901,39.89664],[-75.19894,39.89663],[-75.19893,39.8966],[-75.19896,39.89649],[-75.19898,39.89634],[-75.19897,39.89623],[-75.19896,39.89619],[-75.19895,39.89617],[-75.19891,39.89618],[-75.19888,39.89624],[-75.19887,39.89627],[-75.19883,39.89626],[-75.19879,39.89627],[-75.19877,39.89628],[-75.19877,39.89631],[-75.19873,39.89636],[-75.19875,39.89637],[-75.19881,39.89637],[-75.19882,39.89639],[-75.19878,39.8964],[-75.19875,39.89641],[-75.19878,39.89643],[-75.19881,39.89645],[-75.19883,39.89647],[-75.19883,39.8965],[-75.19883,39.89653],[-75.19884,39.89656],[-75.19885,39.8966],[-75.19883,39.89663],[-75.19881,39.89664],[-75.19877,39.89665],[-75.19872,39.89698],[-75.19805,39.89689],[-75.19818,39.89624],[-75.19844,39.89495],[-75.19835,39.89493],[-75.19842,39.89459],[-75.19849,39.89458],[-75.19852,39.89446],[-75.19851,39.89442],[-75.19846,39.89437],[-75.19772,39.89416],[-75.19769,39.89416],[-75.19768,39.89417],[-75.19761,39.89452],[-75.19754,39.89487],[-75.19746,39.89522],[-75.19738,39.89557],[-75.1973,39.89584],[-75.19741,39.89586],[-75.19725,39.89645],[-75.19715,39.89643],[-75.19707,39.89675],[-75.19699,39.89676],[-75.19693,39.89677],[-75.19688,39.89677],[-75.19682,39.89676],[-75.19676,39.89676],[-75.19668,39.89675],[-75.19662,39.89675],[-75.19659,39.89673],[-75.19657,39.8967],[-75.19656,39.89664],[-75.19657,39.8965],[-75.19655,39.89646],[-75.19653,39.89644],[-75.19652,39.89639],[-75.19657,39.89616],[-75.1966,39.896],[-75.19662,39.89592],[-75.19664,39.89585],[-75.1967,39.89558],[-75.19672,39.89551],[-75.19704,39.89393],[-75.19704,39.89391],[-75.19703,39.89388],[-75.19701,39.89387],[-75.19698,39.89386],[-75.19688,39.89385],[-75.19684,39.89402],[-75.19671,39.89401],[-75.1967,39.89409],[-75.19667,39.89409],[-75.19662,39.89407],[-75.19656,39.89404],[-75.19653,39.894],[-75.19654,39.89392],[-75.19654,39.89384],[-75.19652,39.89377],[-75.19647,39.89362],[-75.19643,39.89355],[-75.19635,39.89346],[-75.19634,39.89345],[-75.19624,39.89337],[-75.19617,39.89312],[-75.19588,39.89291],[-75.19534,39.89244],[-75.19552,39.89185],[-75.19726,39.89263],[-75.19855,39.89167],[-75.19861,39.89176],[-75.19872,39.89185],[-75.19887,39.89192],[-75.19907,39.89197],[-75.19922,39.89201],[-75.19953,39.89212],[-75.19968,39.89216],[-75.19998,39.89217],[-75.20012,39.89221],[-75.20027,39.89224],[-75.2004,39.89227],[-75.20061,39.8923],[-75.20079,39.89233],[-75.20116,39.89243],[-75.20133,39.89247],[-75.20148,39.89253],[-75.20157,39.89257],[-75.20167,39.89261],[-75.20173,39.89265],[-75.20196,39.8927],[-75.2021,39.89274],[-75.20222,39.89277],[-75.20237,39.89282],[-75.20248,39.89286],[-75.20256,39.89289],[-75.20263,39.89294],[-75.20265,39.89299],[-75.20264,39.89303],[-75.20266,39.89307],[-75.20273,39.89311],[-75.20286,39.89313],[-75.203,39.89315],[-75.20317,39.89317],[-75.20342,39.8932],[-75.2035,39.89321],[-75.20359,39.89328],[-75.20477,39.89345],[-75.20549,39.89355],[-75.20612,39.89365],[-75.20637,39.89376],[-75.20658,39.89385],[-75.20709,39.89407],[-75.2072,39.89412],[-75.20733,39.89417],[-75.20743,39.89422],[-75.20746,39.89423],[-75.20748,39.89424],[-75.20752,39.89423],[-75.20756,39.89421],[-75.20759,39.8942],[-75.20767,39.89423],[-75.20777,39.89426],[-75.2079,39.89432],[-75.20811,39.89441],[-75.20826,39.89448],[-75.20838,39.89453],[-75.20851,39.8946],[-75.20863,39.89465],[-75.20882,39.89473],[-75.20897,39.89479],[-75.20911,39.89485],[-75.20927,39.8949],[-75.20941,39.89497],[-75.20954,39.89502],[-75.20975,39.89512],[-75.20987,39.89517],[-75.20997,39.89522],[-75.2101,39.89529],[-75.21021,39.89535],[-75.21026,39.89539],[-75.2103,39.89543],[-75.21034,39.89548],[-75.21039,39.89551],[-75.21043,39.89553],[-75.21048,39.89556],[-75.2106,39.89566],[-75.21085,39.89584],[-75.2111,39.89604],[-75.21132,39.89621],[-75.21148,39.89634],[-75.21172,39.89653],[-75.21199,39.89675],[-75.21214,39.89686],[-75.21228,39.89697],[-75.21241,39.89708],[-75.21255,39.89719],[-75.21267,39.89735],[-75.21275,39.89745],[-75.21281,39.8975],[-75.21289,39.89752],[-75.21294,39.89751],[-75.21307,39.89763],[-75.21312,39.89763],[-75.21318,39.89758],[-75.21324,39.8975],[-75.21331,39.89736],[-75.21337,39.89733],[-75.21357,39.89725],[-75.21367,39.89723],[-75.21377,39.89721],[-75.21387,39.89718],[-75.21399,39.89715],[-75.21409,39.89715],[-75.21419,39.89716],[-75.21428,39.89718],[-75.21441,39.89724],[-75.21446,39.89726],[-75.21511,39.89727],[-75.21514,39.89726],[-75.2152,39.89723],[-75.21525,39.89721],[-75.21533,39.89719],[-75.21538,39.89718],[-75.21541,39.89717],[-75.21556,39.89711],[-75.21562,39.89712],[-75.21564,39.89714],[-75.21566,39.89718],[-75.2157,39.8972],[-75.21575,39.89725],[-75.21582,39.89734],[-75.21586,39.8974],[-75.21587,39.89747],[-75.21588,39.89751],[-75.21587,39.89753],[-75.21585,39.89754],[-75.21581,39.89755],[-75.21572,39.89758],[-75.21566,39.89759],[-75.21562,39.89759],[-75.21556,39.89762],[-75.21549,39.89764],[-75.21526,39.89746],[-75.21507,39.89751],[-75.21505,39.89746],[-75.21502,39.8974],[-75.21495,39.89737],[-75.21488,39.89741],[-75.21475,39.89741],[-75.21478,39.89744],[-75.2148,39.89746],[-75.21485,39.89746],[-75.2149,39.89743],[-75.21493,39.8974],[-75.21495,39.89739],[-75.21498,39.8974],[-75.21503,39.89746],[-75.21503,39.89749],[-75.21504,39.89753],[-75.21507,39.89758],[-75.21521,39.89777],[-75.21534,39.89792],[-75.21537,39.89798],[-75.21534,39.89801],[-75.21525,39.89807],[-75.2152,39.89811],[-75.21515,39.89813],[-75.21509,39.89815],[-75.21501,39.8982],[-75.21494,39.89824],[-75.21487,39.89827],[-75.21469,39.89832],[-75.21456,39.89834],[-75.2145,39.89835],[-75.21445,39.89834],[-75.21441,39.89833],[-75.21435,39.89828],[-75.21426,39.89823],[-75.21423,39.89822],[-75.21405,39.8983],[-75.2139,39.8984],[-75.2155,39.90077],[-75.21578,39.90165],[-75.21582,39.90166],[-75.21587,39.90168],[-75.21593,39.90172],[-75.21598,39.90177],[-75.21601,39.9018],[-75.21601,39.90184],[-75.21601,39.9019],[-75.21601,39.90192],[-75.21601,39.90195],[-75.21602,39.90197],[-75.21616,39.90236],[-75.21615,39.90239],[-75.21614,39.90244],[-75.21613,39.90249],[-75.21607,39.9025],[-75.2161,39.90264],[-75.21615,39.9028],[-75.21621,39.90279],[-75.21622,39.90282],[-75.21617,39.90283],[-75.21623,39.90291],[-75.21626,39.90292],[-75.21629,39.90297],[-75.2163,39.90305],[-75.2163,39.9031],[-75.21631,39.90316],[-75.21634,39.90322],[-75.21636,39.90326],[-75.21637,39.9033],[-75.21632,39.90331],[-75.21633,39.90336],[-75.21647,39.90378],[-75.21652,39.90392],[-75.21652,39.90404],[-75.21653,39.90431],[-75.21653,39.90448],[-75.21654,39.90458],[-75.21654,39.90465],[-75.21657,39.90464],[-75.21658,39.90469],[-75.21655,39.90469],[-75.21659,39.90539],[-75.21648,39.90539],[-75.21648,39.90545],[-75.21659,39.90545],[-75.2166,39.90557],[-75.21649,39.90557],[-75.2165,39.90581],[-75.21661,39.90583],[-75.21661,39.90588],[-75.2165,39.90588],[-75.21651,39.90594],[-75.21661,39.90594],[-75.21671,39.90796],[-75.21652,39.90879],[-75.21654,39.9088],[-75.21656,39.90882],[-75.21658,39.90886],[-75.21661,39.90887],[-75.21664,39.90887],[-75.21668,39.90889],[-75.2167,39.90889],[-75.21673,39.90891],[-75.21677,39.90893],[-75.21683,39.90897],[-75.2169,39.90901],[-75.21698,39.90908],[-75.21701,39.9091],[-75.21703,39.90913],[-75.21705,39.90915],[-75.21709,39.90918],[-75.21711,39.90922],[-75.21712,39.90925],[-75.21712,39.90929],[-75.21713,39.90932],[-75.21713,39.90934],[-75.2171,39.90934],[-75.21708,39.90935],[-75.21704,39.90937],[-75.21703,39.90938],[-75.21702,39.9094],[-75.217,39.90942],[-75.21697,39.90944],[-75.21698,39.90946],[-75.21695,39.90947],[-75.21693,39.90948],[-75.21691,39.9095],[-75.21689,39.90952],[-75.21687,39.90954],[-75.21685,39.90956],[-75.21683,39.90958],[-75.2168,39.90959],[-75.21678,39.90962],[-75.21676,39.90965],[-75.21674,39.90967],[-75.21672,39.90968],[-75.21672,39.9097],[-75.21667,39.90972],[-75.21664,39.90975],[-75.21663,39.90977],[-75.21658,39.90979],[-75.21646,39.9099],[-75.21637,39.90999],[-75.21635,39.91003],[-75.21633,39.91005],[-75.21633,39.91007],[-75.2163,39.91008],[-75.21627,39.9101],[-75.21625,39.91012],[-75.21624,39.91014],[-75.21622,39.91016],[-75.2162,39.91017],[-75.2162,39.9102],[-75.21618,39.9102],[-75.21615,39.91022],[-75.21613,39.91024],[-75.21612,39.91026],[-75.2161,39.91028],[-75.21608,39.91029],[-75.21607,39.91031],[-75.21605,39.91032],[-75.21603,39.91034],[-75.21601,39.91035],[-75.21599,39.91038],[-75.21599,39.9104],[-75.21595,39.91041],[-75.21595,39.91044],[-75.21592,39.91045],[-75.2159,39.91046],[-75.21588,39.91048],[-75.21586,39.9105],[-75.21584,39.91052],[-75.21582,39.91054],[-75.21582,39.91056],[-75.21578,39.91058],[-75.21575,39.9106],[-75.21574,39.91062],[-75.21573,39.91065],[-75.2157,39.91065],[-75.21569,39.91067],[-75.21568,39.91069],[-75.21566,39.91069],[-75.21563,39.91071],[-75.21561,39.91073],[-75.2156,39.91075],[-75.2156,39.91077],[-75.21556,39.91077],[-75.21556,39.9108],[-75.21554,39.91081],[-75.21551,39.91082],[-75.21549,39.91085],[-75.21548,39.91087],[-75.21544,39.91092],[-75.21536,39.9109],[-75.21534,39.91092],[-75.21533,39.91094],[-75.21532,39.91095],[-75.21528,39.91094],[-75.21519,39.91098],[-75.21515,39.911],[-75.21395,39.91148],[-75.21352,39.91151],[-75.21317,39.91153],[-75.21276,39.91156],[-75.21274,39.91154],[-75.21269,39.91152],[-75.21263,39.91152],[-75.21258,39.91155],[-75.21254,39.91158],[-75.21248,39.91159],[-75.2124,39.91158],[-75.21233,39.91156],[-75.21227,39.91154],[-75.21222,39.91151],[-75.21216,39.91151],[-75.21209,39.91151],[-75.21201,39.9115],[-75.21195,39.9115],[-75.21191,39.9115],[-75.21176,39.9115],[-75.20959,39.91132],[-75.20918,39.91128],[-75.20805,39.91137],[-75.20706,39.91186],[-75.20673,39.91202],[-75.20643,39.91239],[-75.20619,39.9128],[-75.20624,39.91284],[-75.20626,39.91289],[-75.20626,39.91296],[-75.20625,39.91303],[-75.20623,39.9131],[-75.20621,39.91318],[-75.20618,39.91324],[-75.20616,39.91329],[-75.20611,39.91334],[-75.20609,39.91338],[-75.20607,39.91344],[-75.20609,39.91358],[-75.20611,39.91365],[-75.20615,39.91371],[-75.2062,39.91376],[-75.20624,39.91376],[-75.20633,39.91377],[-75.20637,39.91379],[-75.20629,39.91382],[-75.20622,39.91384],[-75.20615,39.91386],[-75.20608,39.91387],[-75.20603,39.9139],[-75.20597,39.91392],[-75.20591,39.91393],[-75.20584,39.91393],[-75.20562,39.91396],[-75.20556,39.914],[-75.20552,39.91406],[-75.20548,39.91413],[-75.20545,39.91421],[-75.20541,39.91427],[-75.20537,39.91433],[-75.20533,39.91441],[-75.20528,39.91448],[-75.20517,39.9146],[-75.20512,39.91464],[-75.20504,39.91469],[-75.20496,39.91472],[-75.20488,39.91473],[-75.2048,39.91473],[-75.20473,39.91482],[-75.20471,39.91485],[-75.2046,39.91503],[-75.20463,39.91504],[-75.20463,39.91507],[-75.20463,39.91508],[-75.20463,39.91517],[-75.20462,39.91524],[-75.20462,39.91531],[-75.2046,39.91538],[-75.20457,39.91546],[-75.20454,39.91554],[-75.20445,39.91568],[-75.2044,39.91574],[-75.20435,39.91579],[-75.2043,39.91585],[-75.20421,39.916],[-75.20417,39.91608],[-75.2041,39.91624],[-75.20405,39.91632],[-75.20396,39.91644],[-75.20391,39.91652],[-75.20386,39.9166],[-75.20382,39.91667],[-75.20377,39.91683],[-75.20374,39.91691],[-75.20369,39.91698],[-75.20366,39.91704],[-75.20362,39.91709],[-75.20358,39.91715],[-75.20354,39.91723],[-75.20351,39.91731],[-75.20347,39.91738],[-75.20344,39.91744],[-75.20341,39.9175],[-75.20339,39.91758],[-75.20339,39.91764],[-75.20341,39.91769],[-75.2034,39.91774],[-75.20338,39.9178],[-75.20333,39.91785],[-75.20328,39.9179],[-75.20321,39.91795],[-75.20317,39.918],[-75.20313,39.91808],[-75.2031,39.91815],[-75.20308,39.91824],[-75.20305,39.91832],[-75.20301,39.9184],[-75.20296,39.91847],[-75.20285,39.91862],[-75.2028,39.91869],[-75.20276,39.91877],[-75.20273,39.91885],[-75.20269,39.91893],[-75.20265,39.91899],[-75.20261,39.91906],[-75.20257,39.91912],[-75.20253,39.91917],[-75.20247,39.91928],[-75.20244,39.91933],[-75.20243,39.91938],[-75.20243,39.9194],[-75.20244,39.91942],[-75.20249,39.9195],[-75.20253,39.91957],[-75.20267,39.91966],[-75.20284,39.91977],[-75.20314,39.9198],[-75.20321,39.91982],[-75.2033,39.91986],[-75.20335,39.9199],[-75.20342,39.91994],[-75.20349,39.91998],[-75.20353,39.92001],[-75.20356,39.92006],[-75.20357,39.9201],[-75.20356,39.92014],[-75.20353,39.92018],[-75.2035,39.9202],[-75.20403,39.92034],[-75.20431,39.9204],[-75.2048,39.92051],[-75.20551,39.92043],[-75.20561,39.92043],[-75.20571,39.92043],[-75.2058,39.92043],[-75.20589,39.92042],[-75.20607,39.92038],[-75.20615,39.92037],[-75.20623,39.92036],[-75.20631,39.92035],[-75.2064,39.92035],[-75.20646,39.92033],[-75.20654,39.92031],[-75.20661,39.92028],[-75.2067,39.92027],[-75.20679,39.92027],[-75.20691,39.92027],[-75.20701,39.92026],[-75.2071,39.92025],[-75.20719,39.92024],[-75.20728,39.92023],[-75.20738,39.92022],[-75.20748,39.92021],[-75.20758,39.9202],[-75.20776,39.92017],[-75.20785,39.92015],[-75.20794,39.92014],[-75.20804,39.92014],[-75.20812,39.92013],[-75.20822,39.92013],[-75.20831,39.92014],[-75.2086,39.92019],[-75.20871,39.92021],[-75.2088,39.92023],[-75.20889,39.92026],[-75.20903,39.92033],[-75.20911,39.92037],[-75.20919,39.9204],[-75.20938,39.9205],[-75.20943,39.92052],[-75.20953,39.92056],[-75.20957,39.92056],[-75.2096,39.92055],[-75.20965,39.92056],[-75.2097,39.92057],[-75.20983,39.9206],[-75.20991,39.92062],[-75.20998,39.92062],[-75.21006,39.92063],[-75.21012,39.92064],[-75.21018,39.92066],[-75.21025,39.92066],[-75.21031,39.92066],[-75.21039,39.92067],[-75.21046,39.92069],[-75.21053,39.92071],[-75.21061,39.92073],[-75.21068,39.92076],[-75.21074,39.92079],[-75.21085,39.92086],[-75.2109,39.9209],[-75.21095,39.92093],[-75.21099,39.92098],[-75.21103,39.92103],[-75.21107,39.92107],[-75.21111,39.9211],[-75.21115,39.92112],[-75.2112,39.92113],[-75.21124,39.92114],[-75.21129,39.92116],[-75.21134,39.9212],[-75.21138,39.92126],[-75.21146,39.92132],[-75.21173,39.9215],[-75.21191,39.92164],[-75.21204,39.92177],[-75.21221,39.92183],[-75.21237,39.92195],[-75.21243,39.92207],[-75.21244,39.92209],[-75.21249,39.92216],[-75.21257,39.92223],[-75.21256,39.9223],[-75.21258,39.92234],[-75.21276,39.92261],[-75.21278,39.92264],[-75.21304,39.92305],[-75.21333,39.92354],[-75.21333,39.92405],[-75.21332,39.92452],[-75.21331,39.92513],[-75.21331,39.92555],[-75.21331,39.92564],[-75.21329,39.92567],[-75.21329,39.92574],[-75.21326,39.92577],[-75.21324,39.92581],[-75.21322,39.92593],[-75.2132,39.92607],[-75.21316,39.92626],[-75.21314,39.92641],[-75.21312,39.92656],[-75.21309,39.92671],[-75.21305,39.92686],[-75.21301,39.927],[-75.21296,39.92698],[-75.21256,39.9277],[-75.21248,39.92783],[-75.21239,39.92799],[-75.2123,39.92816],[-75.21214,39.92845],[-75.21204,39.92858],[-75.21196,39.92871],[-75.21195,39.92873],[-75.21202,39.92875],[-75.21203,39.92878],[-75.21207,39.92883],[-75.21213,39.92889],[-75.21215,39.92895],[-75.21215,39.92898],[-75.21212,39.92902],[-75.21204,39.92917],[-75.21201,39.92923],[-75.21199,39.92928],[-75.21193,39.92936],[-75.21187,39.92945],[-75.2118,39.92955],[-75.21174,39.92964],[-75.21166,39.92974],[-75.21149,39.93001],[-75.21138,39.93015],[-75.21126,39.93028],[-75.21114,39.93041],[-75.21099,39.93058],[-75.21081,39.93078],[-75.21065,39.93097],[-75.21053,39.9311],[-75.21046,39.93118],[-75.2104,39.93123],[-75.21037,39.93122],[-75.21033,39.93125],[-75.21027,39.93133],[-75.21026,39.93136],[-75.21022,39.9314],[-75.21015,39.93147],[-75.21011,39.93152],[-75.21008,39.93155],[-75.21004,39.93158],[-75.20997,39.93168],[-75.20993,39.93172],[-75.20989,39.93176],[-75.20985,39.9318],[-75.20976,39.93187],[-75.20969,39.93191],[-75.20963,39.93194],[-75.20958,39.93198],[-75.20951,39.93202],[-75.2094,39.93213],[-75.20934,39.9322],[-75.20928,39.93226],[-75.20923,39.93233],[-75.20918,39.93241],[-75.20913,39.93248],[-75.20911,39.9325],[-75.20908,39.93253],[-75.20908,39.93256],[-75.20905,39.93258],[-75.209,39.93262],[-75.20897,39.93267],[-75.20895,39.93271],[-75.20892,39.93276],[-75.20889,39.9328],[-75.20884,39.93285],[-75.20882,39.93287],[-75.2088,39.93289],[-75.20877,39.9329],[-75.20875,39.93292],[-75.20875,39.93295],[-75.20871,39.93298],[-75.2087,39.93302],[-75.20867,39.93303],[-75.20808,39.93371],[-75.2081,39.93372],[-75.2081,39.93375],[-75.20809,39.93377],[-75.20807,39.93381],[-75.20804,39.93385],[-75.20802,39.93388],[-75.20798,39.93393],[-75.20791,39.934],[-75.20786,39.93406],[-75.20782,39.93409],[-75.20776,39.93415],[-75.20769,39.93424],[-75.2076,39.93431],[-75.2075,39.93438],[-75.20743,39.93445],[-75.2074,39.93448],[-75.20727,39.93456],[-75.20718,39.93464],[-75.20712,39.9347],[-75.20708,39.93475],[-75.20706,39.93478],[-75.20698,39.93487],[-75.20693,39.93492],[-75.20689,39.93495],[-75.20687,39.93499],[-75.20684,39.93503],[-75.20678,39.93506],[-75.20675,39.93509],[-75.20673,39.93514],[-75.20669,39.93523],[-75.20666,39.93535],[-75.20665,39.93538],[-75.20668,39.93543],[-75.20664,39.93548],[-75.20652,39.93564],[-75.20648,39.9357],[-75.20644,39.93569],[-75.20641,39.93574],[-75.2064,39.9358],[-75.20638,39.93582],[-75.20636,39.93586],[-75.20623,39.93613],[-75.20622,39.93621],[-75.20622,39.93624],[-75.20622,39.93626],[-75.20622,39.93629],[-75.2062,39.9363],[-75.20616,39.93642],[-75.20613,39.93647],[-75.20613,39.9365],[-75.20613,39.93655],[-75.20612,39.93659],[-75.20612,39.93663],[-75.20612,39.93668],[-75.20612,39.93673],[-75.20612,39.93679],[-75.20613,39.93684],[-75.20613,39.93689],[-75.20614,39.93696],[-75.20614,39.93704],[-75.20613,39.93712],[-75.20613,39.93717],[-75.20613,39.93721],[-75.20613,39.93724],[-75.20606,39.93726],[-75.20603,39.93727],[-75.20602,39.93731],[-75.20603,39.9374],[-75.20606,39.93741],[-75.20606,39.93743],[-75.20604,39.93745],[-75.20604,39.93748],[-75.20604,39.93751],[-75.20604,39.93753],[-75.20606,39.93757],[-75.20607,39.93763],[-75.20607,39.9377],[-75.20607,39.93776],[-75.20608,39.93786],[-75.2061,39.93789],[-75.2061,39.93796],[-75.20609,39.93802],[-75.20609,39.93805],[-75.20608,39.93811],[-75.20609,39.93816],[-75.20609,39.93819],[-75.20609,39.93821],[-75.20608,39.93825],[-75.20608,39.93828],[-75.20606,39.93832],[-75.20605,39.93837],[-75.20606,39.9384],[-75.20605,39.93844],[-75.20604,39.9385],[-75.20605,39.93855],[-75.20605,39.93859],[-75.20605,39.93864],[-75.20604,39.93869],[-75.20604,39.93873],[-75.20604,39.93887],[-75.20599,39.93905],[-75.20597,39.93916],[-75.20599,39.93922],[-75.20597,39.93929],[-75.20597,39.93933],[-75.20599,39.93939],[-75.20599,39.93946],[-75.20598,39.93966],[-75.20596,39.9398],[-75.20595,39.93985],[-75.206,39.94003],[-75.20599,39.94006],[-75.20599,39.9401],[-75.206,39.94014],[-75.20601,39.94021],[-75.20599,39.94026],[-75.206,39.94029],[-75.20602,39.94032],[-75.20603,39.94036],[-75.20592,39.94038],[-75.20587,39.9404],[-75.20584,39.94046],[-75.20581,39.94052],[-75.20579,39.94057],[-75.20579,39.94063],[-75.20579,39.94065],[-75.20574,39.94065],[-75.20573,39.94072],[-75.20572,39.94074],[-75.20572,39.94077],[-75.20575,39.9408],[-75.20577,39.94082],[-75.20581,39.94093],[-75.20586,39.94104],[-75.20588,39.94119],[-75.20589,39.94128],[-75.20592,39.94146],[-75.20595,39.94174],[-75.20595,39.9418],[-75.20595,39.94184],[-75.20592,39.94192],[-75.20588,39.94199],[-75.20588,39.94203],[-75.20588,39.94209],[-75.20584,39.94215],[-75.2058,39.9422],[-75.20574,39.94227],[-75.20563,39.94245],[-75.20552,39.94257],[-75.20547,39.94262],[-75.2054,39.94269],[-75.20532,39.94276],[-75.2053,39.9428],[-75.20528,39.94287],[-75.20526,39.94291],[-75.20522,39.94295],[-75.20516,39.94299],[-75.20512,39.94303],[-75.20506,39.94309],[-75.205,39.94311],[-75.20493,39.94316],[-75.20485,39.94323],[-75.20481,39.94325],[-75.20479,39.94329],[-75.20474,39.94333],[-75.20468,39.94336],[-75.20461,39.94339],[-75.20454,39.94342],[-75.20452,39.94348],[-75.20452,39.94351],[-75.20436,39.94361],[-75.20423,39.94368],[-75.20415,39.94371],[-75.20405,39.94375],[-75.20396,39.94378],[-75.20387,39.9438],[-75.20365,39.94389],[-75.2036,39.94391],[-75.20356,39.94395],[-75.20347,39.944],[-75.20339,39.94413],[-75.20256,39.94451],[-75.20063,39.94469],[-75.20029,39.94465],[-75.19999,39.94446],[-75.19996,39.94437],[-75.19992,39.94436],[-75.19983,39.94435],[-75.19981,39.94437],[-75.19977,39.94435],[-75.19969,39.94433],[-75.19958,39.94429],[-75.19942,39.94426],[-75.19929,39.94424],[-75.1992,39.94421],[-75.19907,39.94418],[-75.19899,39.94414],[-75.19891,39.94409],[-75.19878,39.94403],[-75.19856,39.94394],[-75.19842,39.94389],[-75.19829,39.94383],[-75.19818,39.94379],[-75.19805,39.94376],[-75.19794,39.94373],[-75.19784,39.9437],[-75.19769,39.94364],[-75.19738,39.94354],[-75.19728,39.94352],[-75.1972,39.94347],[-75.19708,39.94344],[-75.19699,39.94341],[-75.19693,39.94339],[-75.19677,39.94332],[-75.19671,39.9433],[-75.19659,39.94324],[-75.19644,39.94315],[-75.19635,39.94312],[-75.19625,39.94309],[-75.19608,39.94303],[-75.19597,39.94299],[-75.19592,39.94296],[-75.19582,39.94293],[-75.19573,39.9429],[-75.1956,39.94286],[-75.19545,39.94282],[-75.19532,39.94278],[-75.19525,39.94277],[-75.19491,39.94272],[-75.19481,39.94271],[-75.1947,39.94271],[-75.19456,39.94271],[-75.19449,39.94271],[-75.19438,39.94272],[-75.19425,39.94273],[-75.1941,39.94275],[-75.19399,39.94277],[-75.19387,39.94278],[-75.19361,39.94283],[-75.19336,39.94289],[-75.19332,39.9429],[-75.19322,39.94294],[-75.19296,39.94303],[-75.19285,39.94307],[-75.19274,39.94314],[-75.1927,39.94315],[-75.19262,39.94317],[-75.19257,39.94321],[-75.19247,39.9433],[-75.19228,39.94345],[-75.19222,39.94351],[-75.19216,39.94356],[-75.19213,39.94358],[-75.19208,39.94363],[-75.19202,39.94369],[-75.19159,39.94412],[-75.19144,39.94427],[-75.19114,39.94458],[-75.19091,39.94481],[-75.19078,39.94494],[-75.19072,39.94499],[-75.19065,39.94505],[-75.19053,39.94517],[-75.19041,39.94526],[-75.19026,39.94538],[-75.19014,39.94547],[-75.19005,39.94552],[-75.18999,39.94556],[-75.18996,39.94557],[-75.18984,39.94565],[-75.18932,39.946],[-75.18916,39.9461],[-75.18901,39.9462],[-75.1889,39.94627],[-75.18884,39.94632],[-75.1888,39.94638],[-75.1887,39.94644],[-75.18804,39.94688],[-75.18759,39.94718],[-75.18754,39.94719],[-75.18749,39.9472],[-75.18745,39.94723],[-75.18739,39.9473],[-75.18733,39.94736],[-75.1865,39.94791],[-75.18613,39.94815],[-75.18589,39.94831],[-75.18575,39.94842],[-75.18469,39.94912],[-75.18431,39.94936],[-75.18423,39.94943],[-75.18408,39.94953],[-75.18406,39.94955],[-75.18397,39.94962],[-75.1838,39.94977],[-75.18359,39.94997],[-75.18333,39.95024],[-75.18314,39.95047],[-75.18301,39.95065],[-75.18292,39.95078],[-75.18274,39.95109],[-75.18244,39.95153],[-75.18239,39.95161],[-75.18236,39.9517],[-75.18209,39.95217],[-75.18165,39.95309],[-75.18161,39.95316],[-75.1816,39.95319],[-75.18105,39.9544],[-75.18098,39.95457],[-75.18093,39.95471],[-75.18092,39.95474],[-75.18076,39.95517],[-75.18067,39.95539],[-75.18065,39.95542],[-75.18064,39.95544],[-75.18061,39.95554],[-75.18059,39.95561],[-75.18057,39.95566],[-75.18054,39.95573],[-75.18039,39.95613],[-75.18036,39.95623],[-75.18032,39.95631],[-75.18026,39.95648],[-75.18016,39.95674],[-75.18012,39.95684],[-75.18009,39.95695],[-75.18005,39.95709],[-75.18003,39.95716],[-75.18002,39.95722],[-75.18001,39.9573],[-75.17999,39.95739],[-75.17999,39.95744],[-75.17998,39.95751],[-75.17997,39.95763],[-75.17996,39.95775],[-75.17996,39.95783],[-75.17996,39.95791],[-75.17996,39.95797],[-75.17996,39.95802],[-75.17997,39.95807],[-75.17997,39.95813],[-75.17998,39.95821],[-75.17999,39.95827],[-75.17999,39.95831],[-75.18,39.95834],[-75.18001,39.9584],[-75.18002,39.95847],[-75.18003,39.95851],[-75.18004,39.95855],[-75.18007,39.95868],[-75.18008,39.95873],[-75.18009,39.95877],[-75.18014,39.95892],[-75.18019,39.95905],[-75.18022,39.95912],[-75.18029,39.95928],[-75.18036,39.95942],[-75.18049,39.95968],[-75.18054,39.95976],[-75.1806,39.95984],[-75.18082,39.96018],[-75.18089,39.96029],[-75.18095,39.96038],[-75.18095,39.9604],[-75.18104,39.96052],[-75.18109,39.96059],[-75.18135,39.96098],[-75.18144,39.96113],[-75.18153,39.96126],[-75.18161,39.96138],[-75.18167,39.96147],[-75.18199,39.96184],[-75.18227,39.96217],[-75.18246,39.96239],[-75.18268,39.96265],[-75.18309,39.96314],[-75.18373,39.96388],[-75.18374,39.96391],[-75.18379,39.96396],[-75.18382,39.96399],[-75.18386,39.96403],[-75.18385,39.96408],[-75.18388,39.96413],[-75.18394,39.96423],[-75.184,39.96433],[-75.1842,39.96453],[-75.18437,39.96468],[-75.18451,39.9648],[-75.18459,39.9649],[-75.1847,39.96503],[-75.18477,39.96513],[-75.18486,39.96522],[-75.18496,39.96528],[-75.18504,39.96535],[-75.18521,39.96549],[-75.18524,39.96553],[-75.18533,39.96565],[-75.18533,39.96568],[-75.18537,39.9657],[-75.18539,39.96573],[-75.18548,39.96578],[-75.18555,39.96583],[-75.18562,39.96589],[-75.18569,39.96594],[-75.18579,39.96601],[-75.18588,39.96607],[-75.18598,39.96613],[-75.18601,39.96617],[-75.18606,39.9662],[-75.18612,39.96624],[-75.18616,39.96627],[-75.18622,39.96632],[-75.18633,39.9664],[-75.1864,39.96644],[-75.18651,39.9665],[-75.18658,39.96657],[-75.18663,39.9666],[-75.18676,39.96668],[-75.1868,39.96672],[-75.18685,39.96676],[-75.18687,39.96679],[-75.1869,39.9668],[-75.18697,39.96683],[-75.18703,39.96686],[-75.18708,39.9669],[-75.18714,39.96694],[-75.18722,39.96699],[-75.1873,39.96703],[-75.18733,39.96707],[-75.18737,39.96711],[-75.18744,39.96713],[-75.18749,39.96715],[-75.18752,39.96718],[-75.18757,39.96717],[-75.1876,39.96717],[-75.18764,39.9672],[-75.18759,39.96723],[-75.18757,39.96726],[-75.18759,39.96729],[-75.18762,39.9673],[-75.18766,39.96731],[-75.1877,39.96732],[-75.18775,39.9673],[-75.18777,39.96731],[-75.18794,39.96741],[-75.18817,39.96755],[-75.18817,39.96758],[-75.18824,39.96761],[-75.18826,39.96761],[-75.18843,39.96769],[-75.1885,39.96774],[-75.18855,39.96769],[-75.18861,39.96772],[-75.18872,39.96776],[-75.18886,39.9678],[-75.18899,39.96785],[-75.18914,39.9679],[-75.18932,39.96798],[-75.18944,39.96803],[-75.18955,39.96807],[-75.18979,39.96816],[-75.18989,39.96821],[-75.19002,39.96828],[-75.19013,39.96834],[-75.19027,39.9684],[-75.19036,39.96847],[-75.19049,39.96855],[-75.1906,39.96864],[-75.19067,39.96871],[-75.19074,39.96877],[-75.19081,39.96886],[-75.19087,39.96893],[-75.19096,39.96899],[-75.1912,39.96914],[-75.19128,39.96921],[-75.19137,39.96928],[-75.19145,39.96936],[-75.19155,39.96947],[-75.19167,39.96957],[-75.19175,39.96967],[-75.19182,39.96977],[-75.19194,39.96992],[-75.19206,39.9701],[-75.19215,39.9702],[-75.19218,39.97031],[-75.19225,39.97046],[-75.19233,39.97063],[-75.19242,39.97082],[-75.19249,39.97104],[-75.19256,39.97125],[-75.19263,39.97144],[-75.1927,39.97164],[-75.19276,39.97184],[-75.19281,39.97198],[-75.19289,39.97231],[-75.19297,39.97255],[-75.19304,39.9727],[-75.19305,39.9728],[-75.1931,39.97293],[-75.19312,39.97304],[-75.19313,39.97314],[-75.19314,39.9732],[-75.19318,39.97327],[-75.19322,39.97332],[-75.19326,39.97341],[-75.19329,39.97352],[-75.19332,39.97361],[-75.19336,39.97373],[-75.19341,39.97387],[-75.19347,39.97397],[-75.19353,39.97411],[-75.19357,39.97421],[-75.19361,39.97432],[-75.19368,39.97444],[-75.19375,39.97456],[-75.19382,39.97476],[-75.19386,39.97497],[-75.1939,39.9751],[-75.19398,39.97527],[-75.19402,39.97536],[-75.19407,39.97547],[-75.19419,39.97567],[-75.19425,39.97576],[-75.19432,39.97586],[-75.19436,39.97589],[-75.19443,39.97597],[-75.19455,39.97611],[-75.19469,39.97622],[-75.19477,39.97629],[-75.19489,39.97638],[-75.19498,39.97646],[-75.19505,39.97651],[-75.19515,39.97657],[-75.19541,39.97673],[-75.19553,39.97679],[-75.19562,39.97683],[-75.19573,39.97688],[-75.19588,39.97692],[-75.19602,39.97696],[-75.19614,39.97701],[-75.19629,39.97704],[-75.19642,39.97708],[-75.19652,39.97711],[-75.19665,39.97714],[-75.1968,39.97716],[-75.19687,39.97718],[-75.19701,39.97722],[-75.19716,39.97725],[-75.19726,39.97728],[-75.19746,39.97734],[-75.19754,39.97735],[-75.19763,39.97738],[-75.19773,39.9774],[-75.19786,39.97742],[-75.19798,39.97743],[-75.19808,39.97744],[-75.19814,39.97745],[-75.19818,39.97745],[-75.1983,39.97748],[-75.1985,39.97753],[-75.19861,39.97755],[-75.19872,39.97755],[-75.19882,39.97758],[-75.19894,39.97761],[-75.19902,39.97764],[-75.19914,39.97767],[-75.19922,39.97771],[-75.19933,39.97776],[-75.19944,39.97783],[-75.19946,39.97785],[-75.19955,39.9779],[-75.19966,39.97796],[-75.19975,39.97802],[-75.19978,39.97804],[-75.19982,39.97807],[-75.19987,39.9781],[-75.19997,39.97817],[-75.2,39.9782],[-75.20009,39.97829],[-75.20022,39.97839],[-75.20034,39.97847],[-75.20047,39.97858],[-75.2006,39.97869],[-75.20072,39.97876],[-75.20084,39.97882],[-75.20098,39.97888],[-75.2012,39.97899],[-75.20134,39.97904],[-75.20148,39.97909],[-75.20174,39.97922],[-75.20195,39.97931],[-75.20205,39.97936],[-75.20222,39.97945],[-75.20239,39.97955],[-75.20254,39.97965],[-75.20267,39.97975],[-75.20283,39.97982],[-75.20292,39.97986],[-75.20302,39.9799],[-75.20314,39.97997],[-75.20325,39.98003],[-75.20333,39.98007],[-75.20346,39.98015],[-75.20361,39.98023],[-75.20375,39.98031],[-75.20389,39.98038],[-75.20396,39.98043],[-75.20406,39.98045],[-75.20409,39.98048],[-75.20415,39.98052],[-75.20418,39.98062],[-75.20402,39.98059],[-75.20346,39.98036],[-75.20341,39.98033],[-75.20333,39.98026],[-75.20328,39.98023],[-75.20323,39.98022],[-75.20319,39.98025],[-75.20315,39.98028],[-75.20318,39.98035],[-75.20326,39.9804],[-75.20352,39.98055],[-75.20365,39.98063],[-75.20375,39.98073],[-75.20381,39.9808],[-75.20386,39.98087],[-75.20388,39.98092],[-75.20399,39.98104],[-75.20406,39.98111],[-75.2041,39.98116],[-75.20415,39.98122],[-75.20424,39.98134],[-75.20432,39.98146],[-75.20438,39.98153],[-75.2044,39.98156],[-75.2044,39.98158],[-75.20443,39.98162],[-75.2045,39.98171],[-75.20459,39.98186],[-75.20467,39.98198],[-75.20475,39.98218],[-75.20479,39.98227],[-75.20482,39.98228],[-75.20487,39.98248],[-75.20488,39.98268],[-75.20497,39.98279],[-75.20497,39.98283],[-75.20499,39.98292],[-75.20501,39.98304],[-75.20502,39.98322],[-75.20505,39.98339],[-75.20507,39.98348],[-75.20508,39.98359],[-75.20515,39.98393],[-75.20516,39.98404],[-75.2052,39.9843],[-75.20521,39.98439],[-75.20521,39.98442],[-75.20522,39.98448],[-75.20523,39.98458],[-75.20525,39.98467],[-75.20526,39.98477],[-75.20528,39.98487],[-75.2053,39.98494],[-75.20533,39.98506],[-75.20534,39.98516],[-75.20534,39.98526],[-75.20531,39.9855],[-75.20528,39.9856],[-75.20524,39.9857],[-75.2052,39.98581],[-75.2052,39.98586],[-75.20523,39.9859],[-75.2051,39.98616],[-75.205,39.98622],[-75.20498,39.98623],[-75.20493,39.98632],[-75.20483,39.98638],[-75.20479,39.98643],[-75.2047,39.98653],[-75.20464,39.9866],[-75.20461,39.98664],[-75.20453,39.9867],[-75.20445,39.98677],[-75.20436,39.98687],[-75.2043,39.98694],[-75.20424,39.98702],[-75.20418,39.98712],[-75.20411,39.98722],[-75.20403,39.98733],[-75.20389,39.9875],[-75.20382,39.9876],[-75.20376,39.98767],[-75.20367,39.98775],[-75.20362,39.98784],[-75.20358,39.98789],[-75.20354,39.98791],[-75.20352,39.98794],[-75.20351,39.98796],[-75.20346,39.98802],[-75.20339,39.9881],[-75.20332,39.9882],[-75.20324,39.98829],[-75.20311,39.98842],[-75.20305,39.98849],[-75.20298,39.98855],[-75.20289,39.98864],[-75.20282,39.98872],[-75.20273,39.98881],[-75.20265,39.98888],[-75.20255,39.98897],[-75.20245,39.98906],[-75.20235,39.98916],[-75.20214,39.98933],[-75.20201,39.98943],[-75.2019,39.98952],[-75.20184,39.98956],[-75.20183,39.98961],[-75.20179,39.98965],[-75.20171,39.9897],[-75.20159,39.98978],[-75.20145,39.98987],[-75.20135,39.98995],[-75.20125,39.99004],[-75.20112,39.99015],[-75.20096,39.99027],[-75.2008,39.99038],[-75.20065,39.99048],[-75.20049,39.9906],[-75.20036,39.99069],[-75.20024,39.99079],[-75.20007,39.99093],[-75.19993,39.99104],[-75.19975,39.99118],[-75.19959,39.99131],[-75.19946,39.99141],[-75.19937,39.99149],[-75.1993,39.99153],[-75.19923,39.9916],[-75.1991,39.9917],[-75.19887,39.99194],[-75.19883,39.99198],[-75.19878,39.99202],[-75.19874,39.99208],[-75.19865,39.99216],[-75.19853,39.99225],[-75.19845,39.99232],[-75.19841,39.99237],[-75.19831,39.99246],[-75.19817,39.99259],[-75.19805,39.99271],[-75.19791,39.99285],[-75.19775,39.99299],[-75.19762,39.9931],[-75.19751,39.9932],[-75.19735,39.99332],[-75.19722,39.99344],[-75.19716,39.99349],[-75.19708,39.99356],[-75.197,39.99364],[-75.19691,39.99375],[-75.19683,39.99383],[-75.19676,39.99387],[-75.1967,39.99395],[-75.19662,39.99405],[-75.19651,39.99414],[-75.19642,39.99422],[-75.19635,39.99425],[-75.19626,39.99431],[-75.19616,39.99439],[-75.19609,39.99447],[-75.19589,39.99464],[-75.19572,39.99479],[-75.1956,39.99497],[-75.19547,39.99514],[-75.19536,39.99531],[-75.19523,39.9955],[-75.19513,39.99562],[-75.19509,39.99569],[-75.19507,39.99572],[-75.19503,39.99582],[-75.19501,39.99587],[-75.19499,39.9959],[-75.19498,39.99593],[-75.19493,39.99603],[-75.19485,39.99616],[-75.19474,39.99627],[-75.19468,39.99636],[-75.1946,39.99644],[-75.19451,39.99655],[-75.19447,39.9966],[-75.19442,39.99666],[-75.19434,39.99677],[-75.19426,39.99686],[-75.19417,39.99696],[-75.19406,39.99704],[-75.19404,39.99711],[-75.19401,39.99719],[-75.19393,39.99732],[-75.19384,39.99746],[-75.19375,39.99757],[-75.19369,39.99767],[-75.19363,39.99777],[-75.1936,39.99787],[-75.19355,39.99797],[-75.19349,39.99808],[-75.1934,39.99822],[-75.19333,39.99837],[-75.19326,39.99852],[-75.19322,39.99864],[-75.19318,39.99879],[-75.19312,39.99891],[-75.19306,39.99905],[-75.193,39.9992],[-75.19295,39.99932],[-75.19288,39.99952],[-75.19285,39.99963],[-75.1928,39.99975],[-75.19276,39.99986],[-75.19269,39.99998],[-75.19264,40.00011],[-75.19256,40.00035],[-75.19252,40.00048],[-75.19248,40.00062],[-75.19244,40.00076],[-75.19239,40.00087],[-75.19235,40.00099],[-75.19232,40.00113],[-75.19231,40.00125],[-75.19227,40.00142],[-75.19224,40.00168],[-75.19222,40.00183],[-75.19222,40.00195],[-75.19221,40.0021],[-75.19221,40.0022],[-75.19221,40.00232],[-75.19222,40.00244],[-75.19221,40.00255],[-75.19221,40.00271],[-75.19219,40.00284],[-75.19218,40.00298],[-75.19217,40.00313],[-75.19216,40.00328],[-75.19215,40.00338],[-75.19215,40.0035],[-75.19213,40.00362],[-75.19212,40.00378],[-75.19212,40.00393],[-75.19213,40.00403],[-75.19212,40.00411],[-75.19211,40.00421],[-75.19212,40.0043],[-75.19213,40.00441],[-75.19215,40.0045],[-75.19217,40.0046],[-75.1922,40.00467],[-75.19222,40.00477],[-75.19224,40.00488],[-75.19226,40.00497],[-75.19227,40.00508],[-75.19231,40.00518],[-75.19237,40.00528],[-75.19243,40.00537],[-75.19252,40.00549],[-75.19257,40.00554],[-75.19263,40.00565],[-75.1927,40.00575],[-75.19279,40.00587],[-75.19287,40.00598],[-75.193,40.00612],[-75.19316,40.00625],[-75.1932,40.00629],[-75.19322,40.00632],[-75.19324,40.00633],[-75.19329,40.00637],[-75.19334,40.00641],[-75.19356,40.0066],[-75.19358,40.00661],[-75.19361,40.00663],[-75.19362,40.00664],[-75.19369,40.00668],[-75.19372,40.0067],[-75.19385,40.00676],[-75.194,40.00681],[-75.1942,40.00687],[-75.19435,40.00691],[-75.19447,40.00694],[-75.19458,40.00696],[-75.19466,40.00698],[-75.19478,40.00702],[-75.19511,40.00711],[-75.1952,40.00714],[-75.19547,40.00721],[-75.19552,40.00723],[-75.19565,40.00726],[-75.19576,40.00728],[-75.19579,40.00732],[-75.1959,40.00735],[-75.196,40.00738],[-75.19607,40.00739],[-75.19622,40.00742],[-75.19632,40.00745],[-75.19647,40.00747],[-75.19658,40.00748],[-75.19668,40.00749],[-75.19679,40.0075],[-75.19694,40.00752],[-75.19709,40.00755],[-75.1974,40.00761],[-75.19761,40.00765],[-75.19767,40.00767],[-75.19774,40.00769],[-75.19782,40.00774],[-75.19792,40.00779],[-75.198,40.00783],[-75.19808,40.00786],[-75.19816,40.00788],[-75.19823,40.00791],[-75.19826,40.00793],[-75.1983,40.00795],[-75.19853,40.008],[-75.19868,40.00805],[-75.19881,40.0081],[-75.19889,40.00814],[-75.19896,40.00817],[-75.19904,40.00821],[-75.19917,40.00826],[-75.19942,40.00838],[-75.19953,40.00843],[-75.19964,40.00847],[-75.19973,40.0085],[-75.19999,40.00857],[-75.20011,40.00862],[-75.20026,40.00868],[-75.20045,40.00876],[-75.20066,40.00886],[-75.20098,40.00899],[-75.20103,40.009],[-75.2011,40.00901],[-75.20122,40.00905],[-75.20132,40.0091],[-75.20135,40.00912],[-75.20143,40.00914],[-75.20148,40.00915],[-75.2016,40.00919],[-75.20183,40.00926],[-75.20212,40.00933],[-75.20229,40.00939],[-75.20242,40.00945],[-75.2031,40.00974],[-75.20398,40.0101],[-75.20445,40.01032],[-75.20477,40.01048],[-75.20527,40.0107],[-75.20575,40.01092],[-75.20598,40.01102],[-75.20607,40.01108],[-75.20656,40.01126],[-75.20679,40.01152],[-75.20629,40.01193],[-75.20641,40.01201],[-75.2076,40.01273],[-75.20763,40.01274],[-75.20773,40.01281],[-75.20801,40.01301],[-75.20865,40.01345],[-75.21001,40.01412],[-75.21222,40.01547],[-75.21346,40.01657],[-75.21364,40.01673],[-75.21427,40.01728],[-75.21475,40.01779],[-75.21575,40.01885],[-75.21635,40.01949],[-75.21806,40.02095],[-75.21855,40.0212],[-75.21897,40.02141],[-75.21958,40.02172],[-75.21992,40.02189],[-75.22189,40.02254],[-75.22215,40.02262],[-75.22302,40.02324],[-75.2237,40.02372],[-75.22395,40.02382],[-75.22519,40.02447],[-75.22631,40.0251],[-75.22651,40.02521],[-75.22665,40.02528],[-75.22795,40.02594],[-75.22801,40.02597],[-75.22815,40.02604],[-75.22818,40.02606],[-75.22822,40.02607],[-75.22825,40.02609],[-75.22968,40.0268],[-75.23075,40.02732],[-75.23093,40.02743],[-75.23103,40.0275],[-75.23134,40.02762],[-75.2317,40.02781],[-75.23232,40.02812],[-75.23255,40.02829],[-75.23263,40.02836],[-75.23279,40.02849],[-75.23418,40.0296],[-75.23461,40.02993],[-75.23484,40.03008],[-75.23704,40.03149],[-75.23776,40.03194],[-75.23807,40.03214],[-75.2385,40.0324],[-75.2393,40.0329],[-75.23981,40.03335],[-75.24028,40.03376],[-75.24075,40.03417],[-75.24081,40.03423],[-75.24087,40.03429],[-75.24096,40.03441],[-75.24106,40.03453],[-75.24109,40.03457],[-75.24115,40.03464],[-75.24121,40.03471],[-75.24125,40.03476],[-75.24129,40.03481],[-75.24149,40.03515],[-75.2421,40.03565],[-75.24304,40.03623],[-75.24324,40.03631],[-75.24336,40.03636],[-75.24431,40.03675],[-75.24511,40.03727],[-75.2456,40.03766],[-75.2459,40.038],[-75.24617,40.0383],[-75.24668,40.03918],[-75.247,40.03975],[-75.24732,40.0401],[-75.24792,40.04077],[-75.24904,40.04186],[-75.24918,40.04196],[-75.24935,40.04208],[-75.25034,40.0428],[-75.25099,40.04327],[-75.25122,40.04346],[-75.2513,40.04351],[-75.25136,40.04356],[-75.25288,40.04474],[-75.25423,40.0457],[-75.25432,40.04576],[-75.25468,40.04593],[-75.2551,40.04613],[-75.25589,40.04651],[-75.25766,40.04762],[-75.25962,40.04925],[-75.2611,40.05068],[-75.26268,40.05231],[-75.26443,40.0541],[-75.26386,40.05457]],[[-75.20254,39.9875],[-75.2025,39.98748],[-75.20245,39.98748],[-75.2024,39.98749],[-75.20235,39.98753],[-75.20227,39.98759],[-75.20217,39.98769],[-75.20212,39.98773],[-75.202,39.98782],[-75.20191,39.9879],[-75.2018,39.98801],[-75.20168,39.9881],[-75.20159,39.98817],[-75.20149,39.98826],[-75.2014,39.98834],[-75.20132,39.98843],[-75.20124,39.9885],[-75.20117,39.98857],[-75.2011,39.98866],[-75.20104,39.98873],[-75.20096,39.98884],[-75.2009,39.98893],[-75.20083,39.98904],[-75.2008,39.98912],[-75.20078,39.98917],[-75.20078,39.98923],[-75.2008,39.98926],[-75.20084,39.98927],[-75.2009,39.98926],[-75.20104,39.98921],[-75.20134,39.98901],[-75.20147,39.98889],[-75.20157,39.98879],[-75.20169,39.98866],[-75.2018,39.98855],[-75.20191,39.98843],[-75.20212,39.98817],[-75.20223,39.98801],[-75.20233,39.98786],[-75.20242,39.98774],[-75.2025,39.98762],[-75.20255,39.98754],[-75.20254,39.9875]],[[-75.20656,40.01126],[-75.20598,40.01173],[-75.20607,40.01179],[-75.20614,40.01183],[-75.20656,40.01126]],[[-75.24336,40.03636],[-75.24329,40.03638],[-75.24327,40.03644],[-75.24328,40.03647],[-75.24335,40.03646],[-75.24336,40.03636]]]},"properties":{"kind":"water"}},{"type":"Feature","geometry":{"type":"Polygon","coordinates":[[[-75.19263,39.98814],[-75.1926,39.98819],[-75.19257,39.98822],[-75.19254,39.98825],[-75.19249,39.98827],[-75.19128,39.98859],[-75.19121,39.9886],[-75.19116,39.98861],[-75.19112,39.98862],[-75.19106,39.98862],[-75.191,39.98862],[-75.19094,39.98861],[-75.19089,39.98861],[-75.18819,39.98812],[-75.18817,39.98727],[-75.18818,39.98723],[-75.18817,39.98717],[-75.1882,39.98715],[-75.18812,39.98714],[-75.18877,39.98434],[-75.18883,39.98433],[-75.18886,39.98429],[-75.19021,39.98447],[-75.19027,39.98448],[-75.19036,39.98448],[-75.19042,39.98448],[-75.1905,39.98447],[-75.19056,39.98446],[-75.19067,39.98443],[-75.19166,39.98411],[-75.19172,39.9841],[-75.19178,39.98411],[-75.19184,39.98413],[-75.19188,39.98416],[-75.19191,39.9842],[-75.19204,39.98487],[-75.19264,39.98809],[-75.19263,39.98814]]]},"properties":{"kind":"water"}},{"type":"Feature","geometry":{"type":"Polygon","coordinates":[[[-75.20667,39.9175],[-75.20662,39.91756],[-75.20659,39.91763],[-75.20656,39.91769],[-75.20648,39.91766],[-75.2065,39.91759],[-75.20657,39.9174],[-75.20649,39.91737],[-75.20636,39.91733],[-75.20621,39.91729],[-75.20605,39.91726],[-75.20589,39.91725],[-75.20577,39.91726],[-75.20564,39.91764],[-75.2056,39.91763],[-75.20555,39.91759],[-75.20549,39.91756],[-75.20544,39.91753],[-75.20534,39.9175],[-75.20525,39.9175],[-75.20516,39.91748],[-75.20506,39.91747],[-75.20496,39.91748],[-75.2049,39.91748],[-75.20482,39.91745],[-75.20475,39.91743],[-75.20469,39.91741],[-75.20464,39.91738],[-75.20462,39.91734],[-75.20462,39.9173],[-75.20465,39.91724],[-75.20467,39.91717],[-75.20475,39.91706],[-75.20481,39.91705],[-75.20488,39.917],[-75.20493,39.91697],[-75.20492,39.91694],[-75.20488,39.91691],[-75.20484,39.91689],[-75.20485,39.91686],[-75.20487,39.9168],[-75.2049,39.91673],[-75.20489,39.91669],[-75.20489,39.91665],[-75.20494,39.91658],[-75.20499,39.91656],[-75.20506,39.91653],[-75.20511,39.91649],[-75.20518,39.91647],[-75.20526,39.91649],[-75.20536,39.91654],[-75.20543,39.91657],[-75.2055,39.91655],[-75.20558,39.91653],[-75.20562,39.91655],[-75.20569,39.91658],[-75.20577,39.91658],[-75.20582,39.91659],[-75.20579,39.91669],[-75.20569,39.91704],[-75.20568,39.91709],[-75.20584,39.91713],[-75.20619,39.91722],[-75.20652,39.9173],[-75.20661,39.91731],[-75.20666,39.91732],[-75.2067,39.91743],[-75.20667,39.9175]]]},"properties":{"kind":"water"}},{"type":"Feature","geometry":{"type":"Polygon","coordinates":[[[-75.20854,39.91159],[-75.2085,39.91159],[-75.20845,39.91159],[-75.20839,39.9116],[-75.20832,39.91161],[-75.2083,39.91163],[-75.20826,39.91165],[-75.20821,39.91166],[-75.20815,39.91165],[-75.20809,39.91164],[-75.20804,39.91165],[-75.20799,39.91167],[-75.20794,39.91169],[-75.20784,39.91174],[-75.2078,39.91176],[-75.20775,39.91178],[-75.2077,39.91179],[-75.20766,39.91181],[-75.20754,39.91186],[-75.20751,39.91188],[-75.20745,39.91193],[-75.20741,39.91197],[-75.20737,39.91201],[-75.20736,39.91204],[-75.20737,39.91209],[-75.20733,39.91211],[-75.2073,39.91215],[-75.20729,39.91218],[-75.20727,39.91223],[-75.20723,39.91226],[-75.20715,39.91225],[-75.20705,39.91224],[-75.20699,39.91226],[-75.20695,39.91226],[-75.20696,39.9122],[-75.20698,39.91216],[-75.20701,39.91212],[-75.20705,39.91207],[-75.2071,39.91204],[-75.20714,39.91201],[-75.2072,39.91199],[-75.20727,39.91195],[-75.20734,39.91192],[-75.20741,39.9119],[-75.20746,39.91187],[-75.20751,39.91184],[-75.20757,39.91181],[-75.20769,39.91175],[-75.20778,39.91172],[-75.20785,39.91168],[-75.20791,39.91166],[-75.20799,39.91162],[-75.20806,39.91159],[-75.20812,39.91158],[-75.20832,39.91155],[-75.20838,39.91154],[-75.20846,39.91155],[-75.20852,39.91156],[-75.20854,39.91159]]]},"properties":{"kind":"water"}},{"type":"Feature","geometry":{"type":"Polygon","coordinates":[[[-75.21602,39.87137],[-75.21602,39.87148],[-75.21594,39.87156],[-75.21591,39.8718],[-75.21587,39.87187],[-75.21577,39.87195],[-75.2157,39.87202],[-75.21562,39.8721],[-75.21554,39.87217],[-75.21547,39.87225],[-75.21539,39.87233],[-75.21532,39.87241],[-75.21524,39.87248],[-75.21516,39.87256],[-75.2151,39.87263],[-75.21503,39.8727],[-75.21496,39.87278],[-75.2149,39.87285],[-75.21481,39.87292],[-75.21473,39.87299],[-75.21469,39.87303],[-75.21463,39.8731],[-75.21456,39.87317],[-75.21447,39.87324],[-75.21438,39.87332],[-75.21431,39.8734],[-75.21423,39.87349],[-75.21415,39.87357],[-75.21405,39.87365],[-75.21392,39.87375],[-75.21382,39.87385],[-75.21369,39.87394],[-75.21356,39.87403],[-75.21347,39.87412],[-75.21339,39.8742],[-75.21328,39.87429],[-75.21296,39.87434],[-75.21284,39.87435],[-75.21264,39.87439],[-75.21255,39.87446],[-75.21249,39.87451],[-75.21236,39.87464],[-75.21228,39.87471],[-75.21221,39.87477],[-75.21213,39.87483],[-75.21201,39.87488],[-75.21191,39.87489],[-75.21179,39.87488],[-75.21167,39.87486],[-75.21144,39.87482],[-75.21129,39.87478],[-75.21116,39.87476],[-75.21107,39.87475],[-75.21101,39.87478],[-75.211,39.87482],[-75.21105,39.87488],[-75.21106,39.87493],[-75.21105,39.87497],[-75.21096,39.87502],[-75.21088,39.87506],[-75.21079,39.87511],[-75.21075,39.87515],[-75.21074,39.8752],[-75.21074,39.87524],[-75.21071,39.87527],[-75.21048,39.87508],[-75.21005,39.87532],[-75.20923,39.87445],[-75.2092,39.87444],[-75.20906,39.87451],[-75.20906,39.87454],[-75.20988,39.87541],[-75.2093,39.87574],[-75.20848,39.87486],[-75.20846,39.87486],[-75.20832,39.87493],[-75.20831,39.87495],[-75.20913,39.87583],[-75.20898,39.87591],[-75.2091,39.87603],[-75.20906,39.87606],[-75.20898,39.8761],[-75.20881,39.87624],[-75.20872,39.87632],[-75.20866,39.87637],[-75.20856,39.87644],[-75.20844,39.87652],[-75.2083,39.87659],[-75.20824,39.87663],[-75.20819,39.87667],[-75.20813,39.8767],[-75.208,39.8768],[-75.20795,39.87683],[-75.20789,39.87686],[-75.20783,39.8769],[-75.20775,39.87695],[-75.20768,39.877],[-75.2076,39.87704],[-75.2075,39.8771],[-75.20744,39.87715],[-75.2074,39.8772],[-75.20736,39.87725],[-75.2073,39.87732],[-75.20723,39.87739],[-75.20715,39.87746],[-75.20703,39.87758],[-75.20698,39.87762],[-75.20691,39.87769],[-75.20682,39.87776],[-75.20673,39.87783],[-75.20663,39.87791],[-75.20655,39.87798],[-75.20642,39.8781],[-75.20632,39.87818],[-75.20628,39.87821],[-75.20624,39.87824],[-75.20619,39.87829],[-75.20614,39.87833],[-75.20609,39.87837],[-75.20603,39.87841],[-75.20592,39.8785],[-75.20587,39.87852],[-75.20582,39.87855],[-75.20579,39.87859],[-75.20575,39.87861],[-75.20572,39.87864],[-75.20569,39.87868],[-75.20566,39.87872],[-75.20559,39.87879],[-75.20554,39.87884],[-75.20548,39.87887],[-75.20539,39.87894],[-75.20531,39.87899],[-75.20522,39.87906],[-75.20512,39.87912],[-75.20505,39.87915],[-75.20496,39.87921],[-75.20488,39.87926],[-75.20482,39.87931],[-75.20468,39.87944],[-75.20465,39.87948],[-75.20462,39.87951],[-75.20455,39.87958],[-75.2045,39.87962],[-75.20445,39.87965],[-75.20441,39.8797],[-75.20435,39.87975],[-75.20429,39.8798],[-75.20423,39.87984],[-75.20417,39.87988],[-75.20411,39.87993],[-75.20405,39.87999],[-75.20384,39.88013],[-75.20379,39.88017],[-75.20375,39.8802],[-75.20371,39.88024],[-75.20365,39.88029],[-75.20358,39.88034],[-75.2035,39.8804],[-75.20343,39.88046],[-75.20334,39.88053],[-75.20322,39.88061],[-75.20312,39.88069],[-75.20301,39.88077],[-75.20293,39.88083],[-75.20274,39.88099],[-75.20266,39.88104],[-75.20258,39.88111],[-75.20251,39.88118],[-75.20245,39.88126],[-75.20241,39.8813],[-75.20233,39.88137],[-75.20225,39.88144],[-75.20223,39.88146],[-75.20214,39.88156],[-75.20202,39.88167],[-75.20187,39.88178],[-75.20178,39.88185],[-75.20167,39.88194],[-75.20158,39.88204],[-75.20148,39.88213],[-75.20142,39.88217],[-75.20121,39.88224],[-75.20102,39.88231],[-75.20083,39.88244],[-75.20063,39.88256],[-75.20045,39.8827],[-75.2003,39.88281],[-75.20018,39.88286],[-75.20006,39.88295],[-75.19991,39.88304],[-75.1996,39.8832],[-75.19937,39.88328],[-75.19912,39.88336],[-75.19884,39.88343],[-75.19851,39.88353],[-75.19822,39.88362],[-75.19799,39.88372],[-75.19774,39.88384],[-75.19755,39.88394],[-75.19735,39.88404],[-75.19716,39.88415],[-75.19697,39.88428],[-75.19686,39.88434],[-75.19681,39.88431],[-75.19675,39.88429],[-75.19661,39.88453],[-75.19649,39.88478],[-75.19636,39.88507],[-75.19618,39.88559],[-75.19607,39.88613],[-75.19599,39.88679],[-75.196,39.88735],[-75.19605,39.88766],[-75.19611,39.88796],[-75.19619,39.88829],[-75.19628,39.88856],[-75.19639,39.88885],[-75.19641,39.88895],[-75.19645,39.88908],[-75.19649,39.88917],[-75.19652,39.88924],[-75.19667,39.88948],[-75.19674,39.8896],[-75.19682,39.88975],[-75.19691,39.88988],[-75.19701,39.89002],[-75.1971,39.89016],[-75.19722,39.89032],[-75.19734,39.89047],[-75.19749,39.89064],[-75.19762,39.89079],[-75.19778,39.89094],[-75.19793,39.89108],[-75.19808,39.89122],[-75.19823,39.89135],[-75.19836,39.89145],[-75.19847,39.89156],[-75.19851,39.8916],[-75.19855,39.89167],[-75.19726,39.89263],[-75.19552,39.89185],[-75.19534,39.89244],[-75.19588,39.89291],[-75.19617,39.89312],[-75.19624,39.89337],[-75.19621,39.89335],[-75.19617,39.89332],[-75.19608,39.89323],[-75.19604,39.89316],[-75.19597,39.89309],[-75.19589,39.89303],[-75.19577,39.89299],[-75.19567,39.89296],[-75.19553,39.89292],[-75.19542,39.8929],[-75.19531,39.89288],[-75.19518,39.89287],[-75.19504,39.89289],[-75.19494,39.89292],[-75.19492,39.89295],[-75.19489,39.89297],[-75.19481,39.89299],[-75.1947,39.89302],[-75.1946,39.89306],[-75.19447,39.89309],[-75.19424,39.89314],[-75.19411,39.89317],[-75.19397,39.89322],[-75.19388,39.89324],[-75.19373,39.89326],[-75.1936,39.89326],[-75.19352,39.89331],[-75.1935,39.89333],[-75.19338,39.89335],[-75.19326,39.89339],[-75.19311,39.8934],[-75.19296,39.89345],[-75.19278,39.89347],[-75.19263,39.8935],[-75.19244,39.89354],[-75.19225,39.89358],[-75.19208,39.89364],[-75.19197,39.89368],[-75.19184,39.89371],[-75.19181,39.89371],[-75.1915,39.89377],[-75.19148,39.89373],[-75.19151,39.89372],[-75.19149,39.89367],[-75.19139,39.89369],[-75.19141,39.89374],[-75.19144,39.89377],[-75.1913,39.8938],[-75.19121,39.89386],[-75.19085,39.89275],[-75.19096,39.89273],[-75.19112,39.8927],[-75.19237,39.89215],[-75.19345,39.89068],[-75.19353,39.89056],[-75.19384,39.88903],[-75.19357,39.8873],[-75.19335,39.88596],[-75.1929,39.88481],[-75.19287,39.88479],[-75.19225,39.88484],[-75.19223,39.88486],[-75.19231,39.88545],[-75.19174,39.88549],[-75.19173,39.88539],[-75.19167,39.88489],[-75.19164,39.88488],[-75.1907,39.88495],[-75.19067,39.88496],[-75.19075,39.88556],[-75.19018,39.88561],[-75.1901,39.88502],[-75.19009,39.885],[-75.19007,39.885],[-75.18795,39.88516],[-75.18777,39.88517],[-75.18776,39.88519],[-75.18768,39.88572],[-75.18759,39.88624],[-75.18755,39.88622],[-75.18749,39.88623],[-75.18738,39.88623],[-75.18721,39.88626],[-75.18697,39.88626],[-75.18691,39.88627],[-75.18683,39.88628],[-75.18672,39.88629],[-75.18662,39.88629],[-75.18652,39.88628],[-75.18641,39.88627],[-75.18629,39.88625],[-75.1862,39.88622],[-75.1861,39.8862],[-75.18599,39.88619],[-75.18592,39.88621],[-75.18588,39.88621],[-75.18574,39.8862],[-75.1857,39.88619],[-75.18567,39.88616],[-75.18564,39.88614],[-75.18563,39.8861],[-75.18562,39.88608],[-75.18556,39.88608],[-75.1855,39.88561],[-75.18525,39.88562],[-75.18533,39.88627],[-75.18493,39.88633],[-75.18485,39.88634],[-75.18453,39.88388],[-75.18451,39.88387],[-75.18431,39.88389],[-75.18416,39.88391],[-75.18418,39.88402],[-75.1845,39.88656],[-75.18401,39.88661],[-75.18401,39.88666],[-75.18355,39.8867],[-75.18354,39.88664],[-75.18341,39.88665],[-75.18309,39.88661],[-75.18265,39.88667],[-75.18266,39.88671],[-75.18241,39.88673],[-75.18232,39.88674],[-75.18229,39.88673],[-75.18189,39.88678],[-75.18194,39.88723],[-75.18173,39.88724],[-75.18168,39.88682],[-75.18163,39.88682],[-75.18137,39.88471],[-75.18134,39.8847],[-75.18114,39.88472],[-75.18099,39.88473],[-75.181,39.88489],[-75.18122,39.88675],[-75.18106,39.88691],[-75.18103,39.88691],[-75.18103,39.88696],[-75.18097,39.88695],[-75.18073,39.88697],[-75.18065,39.88698],[-75.18065,39.88694],[-75.18054,39.88695],[-75.18053,39.8869],[-75.18014,39.88693],[-75.17916,39.88701],[-75.17876,39.88391],[-75.17874,39.88391],[-75.17857,39.88392],[-75.17841,39.88394],[-75.17841,39.88396],[-75.17848,39.88451],[-75.17851,39.88478],[-75.17873,39.88646],[-75.17879,39.88699],[-75.1788,39.88705],[-75.17875,39.88705],[-75.17875,39.88708],[-75.1787,39.88709],[-75.17869,39.88706],[-75.1786,39.88706],[-75.1786,39.8871],[-75.17846,39.88711],[-75.17801,39.88715],[-75.17752,39.88684],[-75.17744,39.88685],[-75.17737,39.8869],[-75.17732,39.88697],[-75.17728,39.88699],[-75.17724,39.88698],[-75.177,39.88699],[-75.17698,39.88701],[-75.17694,39.88701],[-75.17686,39.88695],[-75.17678,39.8869],[-75.17653,39.88481],[-75.17651,39.88479],[-75.17649,39.88478],[-75.17624,39.8848],[-75.17623,39.88482],[-75.17624,39.88488],[-75.1763,39.88542],[-75.17653,39.88727],[-75.17569,39.88734],[-75.17558,39.88646],[-75.17576,39.88645],[-75.17573,39.88626],[-75.1752,39.88631],[-75.17522,39.88645],[-75.17528,39.88698],[-75.17534,39.88737],[-75.17355,39.88737],[-75.17307,39.88727],[-75.17305,39.88733],[-75.17145,39.88703],[-75.17028,39.88711],[-75.17028,39.88708],[-75.16997,39.8871],[-75.16953,39.88714],[-75.16901,39.88717],[-75.16849,39.88721],[-75.1672,39.8873],[-75.16637,39.88736],[-75.16627,39.88737],[-75.16625,39.88736],[-75.16621,39.88702],[-75.16613,39.88646],[-75.166,39.88647],[-75.16589,39.88648],[-75.16596,39.88703],[-75.16601,39.88736],[-75.16602,39.88738],[-75.16555,39.88742],[-75.16469,39.88748],[-75.16466,39.88728],[-75.16446,39.88729],[-75.16443,39.88699],[-75.16434,39.88699],[-75.16425,39.887],[-75.16417,39.88702],[-75.16422,39.88731],[-75.16394,39.88733],[-75.16396,39.88753],[-75.16331,39.88758],[-75.16242,39.88764],[-75.16187,39.88768],[-75.16097,39.88774],[-75.15919,39.88787],[-75.15829,39.88793],[-75.15737,39.88799],[-75.15645,39.88806],[-75.15458,39.88819],[-75.1539,39.88824],[-75.15322,39.88829],[-75.15319,39.88794],[-75.15303,39.88795],[-75.15305,39.8883],[-75.1517,39.8884],[-75.1517,39.88843],[-75.15138,39.88841],[-75.15114,39.88842],[-75.15086,39.88845],[-75.15058,39.88848],[-75.15019,39.88851],[-75.14978,39.88856],[-75.14931,39.8886],[-75.14904,39.88861],[-75.14882,39.88863],[-75.14875,39.88863],[-75.14857,39.88864],[-75.14826,39.88865],[-75.14802,39.88864],[-75.1478,39.88866],[-75.14768,39.88865],[-75.14752,39.88868],[-75.1472,39.88872],[-75.14696,39.88875],[-75.14678,39.88876],[-75.14649,39.88878],[-75.14614,39.88881],[-75.1459,39.88887],[-75.14574,39.88891],[-75.14553,39.88894],[-75.14526,39.88896],[-75.14513,39.88898],[-75.14489,39.88902],[-75.14453,39.88906],[-75.14429,39.88911],[-75.14402,39.88918],[-75.14397,39.8892],[-75.14389,39.88922],[-75.1438,39.88924],[-75.14356,39.88929],[-75.14341,39.88934],[-75.14333,39.88935],[-75.14328,39.88937],[-75.14323,39.8894],[-75.14313,39.88943],[-75.14304,39.88946],[-75.14295,39.88949],[-75.14284,39.88952],[-75.14274,39.88955],[-75.14264,39.88958],[-75.14254,39.88963],[-75.14243,39.88969],[-75.14233,39.88977],[-75.14225,39.88984],[-75.14217,39.88993],[-75.14201,39.8901],[-75.14184,39.89034],[-75.14177,39.89046],[-75.14163,39.89072],[-75.14159,39.89079],[-75.14154,39.89086],[-75.14142,39.89104],[-75.14136,39.89109],[-75.1413,39.89114],[-75.14126,39.8912],[-75.14122,39.89125],[-75.14118,39.8913],[-75.14111,39.89136],[-75.14106,39.89143],[-75.14098,39.89151],[-75.14091,39.89159],[-75.14085,39.89167],[-75.14072,39.89183],[-75.14067,39.89189],[-75.14064,39.89194],[-75.14053,39.8921],[-75.14044,39.89223],[-75.14037,39.89236],[-75.14031,39.89245],[-75.1402,39.8926],[-75.14017,39.89264],[-75.14016,39.89268],[-75.14012,39.89276],[-75.14008,39.89282],[-75.14005,39.8929],[-75.14005,39.89298],[-75.14005,39.89304],[-75.14009,39.89322],[-75.14008,39.89328],[-75.14004,39.89334],[-75.14002,39.8934],[-75.14005,39.89343],[-75.14009,39.89344],[-75.14015,39.89344],[-75.1402,39.89345],[-75.14027,39.89347],[-75.14035,39.89351],[-75.14044,39.89355],[-75.14055,39.89359],[-75.14063,39.89362],[-75.14072,39.89363],[-75.14082,39.89365],[-75.14094,39.89367],[-75.14108,39.8937],[-75.14121,39.89372],[-75.14133,39.89373],[-75.14144,39.89374],[-75.14158,39.89374],[-75.14174,39.89374],[-75.14192,39.89373],[-75.14214,39.89372],[-75.14225,39.89371],[-75.14239,39.89373],[-75.14253,39.89373],[-75.14257,39.89373],[-75.14264,39.89375],[-75.14271,39.8938],[-75.14274,39.89386],[-75.14274,39.89394],[-75.14276,39.89403],[-75.14279,39.89412],[-75.14282,39.89423],[-75.14282,39.89435],[-75.1428,39.89445],[-75.14278,39.8945],[-75.14276,39.89453],[-75.14275,39.89456],[-75.14265,39.89509],[-75.14225,39.89516],[-75.14153,39.89507],[-75.1415,39.89507],[-75.1414,39.89505],[-75.14046,39.89494],[-75.1387,39.89473],[-75.13867,39.89473],[-75.13866,39.89474],[-75.13858,39.89516],[-75.13858,39.89517],[-75.1386,39.89518],[-75.13975,39.89532],[-75.13988,39.89534],[-75.14101,39.89548],[-75.14215,39.89562],[-75.14251,39.89577],[-75.14244,39.89607],[-75.14236,39.89645],[-75.1424,39.89646],[-75.14245,39.8965],[-75.14243,39.89654],[-75.1424,39.89656],[-75.14235,39.89657],[-75.1423,39.89657],[-75.14224,39.89657],[-75.14203,39.89655],[-75.14176,39.89652],[-75.14161,39.8965],[-75.14144,39.89648],[-75.14125,39.89645],[-75.14107,39.89644],[-75.14102,39.89644],[-75.14098,39.89644],[-75.14095,39.89645],[-75.14056,39.8964],[-75.1401,39.89635],[-75.13955,39.89628],[-75.13899,39.89621],[-75.13831,39.89613],[-75.13802,39.89609],[-75.13798,39.89609],[-75.13795,39.8961],[-75.13794,39.89612],[-75.13791,39.89627],[-75.13793,39.89629],[-75.13795,39.8963],[-75.13798,39.8963],[-75.13954,39.89649],[-75.14025,39.89657],[-75.14093,39.89666],[-75.14093,39.89668],[-75.14095,39.89671],[-75.14099,39.89674],[-75.14101,39.89679],[-75.14102,39.89683],[-75.14103,39.89687],[-75.14105,39.89692],[-75.14106,39.89698],[-75.14106,39.89703],[-75.14105,39.8971],[-75.14103,39.89714],[-75.14098,39.89724],[-75.14092,39.8973],[-75.14087,39.89735],[-75.1408,39.89738],[-75.14076,39.89741],[-75.14068,39.89742],[-75.14056,39.89744],[-75.14049,39.89744],[-75.1404,39.89745],[-75.14033,39.89746],[-75.14025,39.89746],[-75.14018,39.89746],[-75.14011,39.89747],[-75.14008,39.89748],[-75.14002,39.89751],[-75.13997,39.89755],[-75.13992,39.89761],[-75.13987,39.89767],[-75.13983,39.89772],[-75.1398,39.89775],[-75.13968,39.8979],[-75.13973,39.8977],[-75.13954,39.89767],[-75.1395,39.89788],[-75.13892,39.8978],[-75.13816,39.8977],[-75.13772,39.89764],[-75.1367,39.89751],[-75.13667,39.89751],[-75.13663,39.89752],[-75.1366,39.89753],[-75.13658,39.89755],[-75.13657,39.89758],[-75.13615,39.89843],[-75.13593,39.89889],[-75.13567,39.89941],[-75.13537,39.90003],[-75.13487,39.90105],[-75.13468,39.90144],[-75.1342,39.9024],[-75.13327,39.9043],[-75.13289,39.90507],[-75.13278,39.9053],[-75.13323,39.90543],[-75.1337,39.90595],[-75.13375,39.906],[-75.13377,39.90602],[-75.1338,39.90606],[-75.13421,39.90653],[-75.13428,39.90654],[-75.13434,39.90656],[-75.13444,39.90659],[-75.13462,39.90663],[-75.13472,39.90667],[-75.13518,39.90681],[-75.13522,39.90682],[-75.13521,39.90685],[-75.13516,39.90706],[-75.13331,39.90682],[-75.13328,39.90686],[-75.13326,39.90689],[-75.13323,39.90692],[-75.13319,39.90692],[-75.13315,39.90694],[-75.13312,39.90695],[-75.13309,39.90697],[-75.13307,39.90699],[-75.13306,39.90702],[-75.13306,39.90706],[-75.13307,39.90709],[-75.13309,39.90711],[-75.13312,39.90713],[-75.13315,39.90714],[-75.13318,39.90714],[-75.13323,39.90713],[-75.13327,39.90713],[-75.13331,39.90714],[-75.13334,39.90715],[-75.13336,39.90718],[-75.13339,39.90719],[-75.13341,39.9072],[-75.13347,39.90725],[-75.13352,39.90734],[-75.13353,39.90737],[-75.13352,39.90739],[-75.13349,39.90742],[-75.13346,39.90742],[-75.13342,39.90742],[-75.13338,39.90742],[-75.13335,39.90741],[-75.13331,39.9074],[-75.13327,39.9074],[-75.13324,39.9074],[-75.13311,39.90738],[-75.13307,39.90737],[-75.13303,39.90737],[-75.13299,39.90736],[-75.13296,39.90736],[-75.13294,39.90734],[-75.1329,39.90732],[-75.13285,39.90731],[-75.13281,39.90729],[-75.13278,39.90729],[-75.13274,39.90729],[-75.13271,39.90731],[-75.1327,39.90732],[-75.1324,39.90729],[-75.13238,39.90739],[-75.13233,39.90737],[-75.1323,39.90736],[-75.13228,39.90735],[-75.13226,39.90733],[-75.13225,39.90731],[-75.13225,39.90726],[-75.13222,39.90725],[-75.1322,39.90743],[-75.13225,39.90743],[-75.13225,39.90741],[-75.13238,39.90741],[-75.13237,39.90745],[-75.13269,39.90749],[-75.13269,39.90753],[-75.13265,39.90758],[-75.13263,39.9076],[-75.1326,39.90763],[-75.13257,39.90765],[-75.13255,39.90767],[-75.13252,39.90769],[-75.1325,39.90771],[-75.13247,39.90774],[-75.13241,39.90779],[-75.13238,39.9078],[-75.13235,39.90783],[-75.13233,39.90786],[-75.13229,39.90787],[-75.13226,39.90786],[-75.1321,39.90784],[-75.13205,39.90805],[-75.13208,39.90807],[-75.13205,39.90807],[-75.13205,39.90811],[-75.13207,39.90813],[-75.13217,39.90814],[-75.13236,39.90818],[-75.13248,39.9082],[-75.13266,39.90823],[-75.13277,39.90826],[-75.13294,39.90828],[-75.13303,39.90829],[-75.13313,39.90831],[-75.13319,39.90833],[-75.13324,39.90833],[-75.13331,39.90835],[-75.13337,39.90835],[-75.13346,39.90835],[-75.13382,39.90838],[-75.13404,39.90841],[-75.13393,39.90846],[-75.13391,39.90848],[-75.13376,39.90847],[-75.13371,39.90872],[-75.13341,39.90868],[-75.13332,39.90867],[-75.13325,39.90866],[-75.13318,39.90866],[-75.13311,39.90866],[-75.13301,39.90865],[-75.13286,39.90864],[-75.13247,39.90858],[-75.13213,39.90854],[-75.13208,39.90853],[-75.13198,39.90852],[-75.13197,39.90869],[-75.1321,39.9087],[-75.13206,39.90891],[-75.13197,39.90891],[-75.13195,39.90908],[-75.13221,39.9091],[-75.13285,39.90918],[-75.13283,39.90936],[-75.13283,39.90942],[-75.13283,39.90945],[-75.13282,39.90949],[-75.13199,39.90938],[-75.13198,39.90939],[-75.132,39.90949],[-75.13303,39.90963],[-75.13325,39.90967],[-75.13365,39.90971],[-75.13364,39.90978],[-75.13365,39.90982],[-75.13378,39.90984],[-75.13377,39.90991],[-75.13365,39.90989],[-75.13362,39.91003],[-75.13763,39.91054],[-75.13751,39.91112],[-75.13223,39.91044],[-75.13221,39.9105],[-75.1321,39.91104],[-75.13211,39.91123],[-75.13734,39.9119],[-75.13733,39.91194],[-75.13735,39.91197],[-75.13738,39.91199],[-75.13741,39.91199],[-75.13738,39.91216],[-75.1374,39.91217],[-75.13737,39.91225],[-75.13735,39.91233],[-75.13732,39.91234],[-75.13724,39.91233],[-75.13719,39.91258],[-75.13605,39.91243],[-75.13519,39.91232],[-75.13361,39.91212],[-75.13259,39.91199],[-75.13255,39.91199],[-75.13254,39.91202],[-75.13253,39.91205],[-75.13259,39.91206],[-75.13246,39.9127],[-75.13244,39.91275],[-75.13451,39.91302],[-75.13522,39.91313],[-75.13702,39.91336],[-75.13696,39.91364],[-75.13631,39.91367],[-75.1358,39.91361],[-75.13525,39.91354],[-75.1346,39.91345],[-75.13395,39.91337],[-75.13393,39.91339],[-75.13395,39.91361],[-75.13312,39.9135],[-75.13253,39.91344],[-75.1326,39.91368],[-75.13305,39.91373],[-75.13397,39.91384],[-75.13401,39.91432],[-75.13398,39.91436],[-75.13378,39.91434],[-75.13289,39.91423],[-75.13287,39.91424],[-75.13285,39.91428],[-75.13285,39.91431],[-75.13285,39.91434],[-75.13287,39.91441],[-75.13289,39.91444],[-75.13291,39.91447],[-75.13293,39.91448],[-75.13332,39.91452],[-75.13371,39.91457],[-75.13409,39.91463],[-75.13417,39.91463],[-75.13428,39.91462],[-75.13445,39.91464],[-75.13458,39.9147],[-75.13466,39.91473],[-75.13474,39.91475],[-75.13497,39.91481],[-75.13504,39.91482],[-75.1351,39.91482],[-75.13523,39.91482],[-75.1353,39.91483],[-75.13537,39.91483],[-75.13543,39.91484],[-75.13546,39.91485],[-75.13548,39.91486],[-75.13556,39.91488],[-75.1356,39.91489],[-75.13566,39.91489],[-75.13567,39.91489],[-75.13575,39.9149],[-75.13579,39.9149],[-75.13582,39.91493],[-75.13585,39.91495],[-75.13588,39.91498],[-75.13591,39.91501],[-75.13595,39.91503],[-75.13598,39.91506],[-75.136,39.91508],[-75.13588,39.91511],[-75.13612,39.91563],[-75.13603,39.91565],[-75.13598,39.91566],[-75.13594,39.91566],[-75.1359,39.91566],[-75.13585,39.91566],[-75.13581,39.91566],[-75.13572,39.91564],[-75.1332,39.91532],[-75.13317,39.91533],[-75.13317,39.91536],[-75.13344,39.91596],[-75.1336,39.9163],[-75.13631,39.91666],[-75.13662,39.9167],[-75.13673,39.91695],[-75.13677,39.91703],[-75.13698,39.91753],[-75.13663,39.91748],[-75.13529,39.91731],[-75.13481,39.91725],[-75.13403,39.91715],[-75.13401,39.91717],[-75.13402,39.91719],[-75.13411,39.91739],[-75.1343,39.91781],[-75.1344,39.91803],[-75.13442,39.91804],[-75.13463,39.91806],[-75.13569,39.9182],[-75.13661,39.91832],[-75.13828,39.91853],[-75.13845,39.91863],[-75.13867,39.91912],[-75.13864,39.91926],[-75.13863,39.91929],[-75.13853,39.91932],[-75.13802,39.91925],[-75.13782,39.91922],[-75.13665,39.91907],[-75.13474,39.91882],[-75.13471,39.91883],[-75.1347,39.91885],[-75.13471,39.91887],[-75.13514,39.91973],[-75.13516,39.91974],[-75.13521,39.91975],[-75.13755,39.92005],[-75.13825,39.92015],[-75.13831,39.92015],[-75.13842,39.92017],[-75.13844,39.92017],[-75.1385,39.92019],[-75.13863,39.92024],[-75.13859,39.92042],[-75.13836,39.92049],[-75.13845,39.92069],[-75.13855,39.9209],[-75.13852,39.92093],[-75.13781,39.92084],[-75.13568,39.92056],[-75.13565,39.92056],[-75.13563,39.92057],[-75.13561,39.92058],[-75.1356,39.9206],[-75.1356,39.92062],[-75.13589,39.92125],[-75.1359,39.92127],[-75.13592,39.92129],[-75.13594,39.92129],[-75.13678,39.9214],[-75.1382,39.92159],[-75.13907,39.9217],[-75.13899,39.92206],[-75.13896,39.92209],[-75.13892,39.92212],[-75.13872,39.92215],[-75.13841,39.92218],[-75.1383,39.9222],[-75.13819,39.92223],[-75.13811,39.92228],[-75.13809,39.92233],[-75.13809,39.92237],[-75.1381,39.92239],[-75.1381,39.92242],[-75.13811,39.92246],[-75.1381,39.92247],[-75.13811,39.9225],[-75.13815,39.92252],[-75.13817,39.92255],[-75.13817,39.92257],[-75.13817,39.92259],[-75.13818,39.92263],[-75.13821,39.92269],[-75.13823,39.92275],[-75.13824,39.9228],[-75.13823,39.92288],[-75.13823,39.92293],[-75.13823,39.92296],[-75.13827,39.92299],[-75.1383,39.92302],[-75.13832,39.92304],[-75.13832,39.92307],[-75.13832,39.92311],[-75.13833,39.92316],[-75.13835,39.9232],[-75.13838,39.92325],[-75.13847,39.92338],[-75.13857,39.92353],[-75.13862,39.92362],[-75.13867,39.92366],[-75.1387,39.92368],[-75.13892,39.92423],[-75.13863,39.92419],[-75.1386,39.92431],[-75.13872,39.92455],[-75.13801,39.92445],[-75.13795,39.9247],[-75.1382,39.92473],[-75.13919,39.92487],[-75.13928,39.92503],[-75.13926,39.9251],[-75.13923,39.92522],[-75.13831,39.92509],[-75.13767,39.92501],[-75.13764,39.925],[-75.13762,39.92502],[-75.13762,39.92503],[-75.13767,39.92518],[-75.13778,39.92519],[-75.13942,39.92542],[-75.13937,39.92563],[-75.13946,39.92585],[-75.1379,39.92564],[-75.13787,39.9258],[-75.13917,39.92598],[-75.13921,39.92598],[-75.13929,39.92599],[-75.13937,39.926],[-75.13942,39.926],[-75.13946,39.92602],[-75.13963,39.92605],[-75.14021,39.92623],[-75.14022,39.92628],[-75.14026,39.92636],[-75.14027,39.92639],[-75.14037,39.9266],[-75.14045,39.92672],[-75.14049,39.92679],[-75.14052,39.92682],[-75.14054,39.92685],[-75.14054,39.92688],[-75.14013,39.92684],[-75.14001,39.92682],[-75.13997,39.92682],[-75.13958,39.92677],[-75.13957,39.92681],[-75.1396,39.92694],[-75.1405,39.92706],[-75.14056,39.92711],[-75.1406,39.92713],[-75.14064,39.92713],[-75.14066,39.92719],[-75.14063,39.92722],[-75.14062,39.92724],[-75.14061,39.92727],[-75.13991,39.92718],[-75.13928,39.9271],[-75.13925,39.92722],[-75.1405,39.92738],[-75.14046,39.92754],[-75.14008,39.92748],[-75.14006,39.92759],[-75.13911,39.92748],[-75.13896,39.92746],[-75.13894,39.92748],[-75.13892,39.92758],[-75.13894,39.9276],[-75.13897,39.92761],[-75.13946,39.92767],[-75.13947,39.92764],[-75.13958,39.92765],[-75.13961,39.92762],[-75.13967,39.92761],[-75.13972,39.9276],[-75.13977,39.92761],[-75.1398,39.92762],[-75.13985,39.92765],[-75.13989,39.92769],[-75.13993,39.92772],[-75.13997,39.92773],[-75.14104,39.92788],[-75.14107,39.92792],[-75.14116,39.92809],[-75.14098,39.92807],[-75.14088,39.9285],[-75.13897,39.92826],[-75.13892,39.92852],[-75.1409,39.92878],[-75.14082,39.9292],[-75.14081,39.92929],[-75.14097,39.92931],[-75.14101,39.92939],[-75.14117,39.92975],[-75.14054,39.92958],[-75.14036,39.92955],[-75.14034,39.92964],[-75.13964,39.92956],[-75.13958,39.92956],[-75.13955,39.92957],[-75.13952,39.92958],[-75.13951,39.92962],[-75.13951,39.92964],[-75.13952,39.92971],[-75.13954,39.92978],[-75.13958,39.92981],[-75.13962,39.92983],[-75.13965,39.92983],[-75.1409,39.93],[-75.14117,39.93008],[-75.14101,39.93043],[-75.14101,39.93053],[-75.14106,39.93059],[-75.14113,39.93082],[-75.14119,39.93096],[-75.13981,39.93077],[-75.1399,39.93106],[-75.14165,39.93131],[-75.14172,39.93135],[-75.14179,39.93139],[-75.14183,39.93141],[-75.14185,39.93146],[-75.14206,39.93228],[-75.14206,39.93231],[-75.14204,39.93235],[-75.14201,39.93238],[-75.14199,39.93241],[-75.14162,39.93233],[-75.14157,39.93231],[-75.14146,39.9323],[-75.14131,39.93228],[-75.14121,39.93227],[-75.14112,39.93226],[-75.1411,39.93228],[-75.14056,39.93221],[-75.14052,39.93221],[-75.14024,39.93218],[-75.14028,39.9323],[-75.14033,39.93246],[-75.1405,39.93248],[-75.14053,39.93244],[-75.14063,39.93244],[-75.14071,39.93243],[-75.14081,39.93244],[-75.1409,39.93247],[-75.14098,39.9325],[-75.14102,39.93251],[-75.14101,39.93255],[-75.14104,39.93256],[-75.14137,39.9326],[-75.14148,39.93262],[-75.14152,39.9326],[-75.14157,39.93257],[-75.14163,39.93257],[-75.14171,39.93259],[-75.1418,39.9326],[-75.14188,39.93262],[-75.14197,39.93266],[-75.14203,39.9327],[-75.14206,39.93273],[-75.14207,39.93276],[-75.14208,39.93301],[-75.14211,39.93303],[-75.14196,39.93301],[-75.14193,39.93315],[-75.14121,39.93306],[-75.14121,39.93309],[-75.14121,39.93311],[-75.14138,39.93314],[-75.14191,39.93321],[-75.14181,39.93369],[-75.14175,39.93368],[-75.14178,39.93353],[-75.14175,39.93352],[-75.14174,39.93356],[-75.14168,39.93355],[-75.14087,39.93344],[-75.14085,39.93345],[-75.14074,39.93402],[-75.14188,39.93416],[-75.14188,39.93422],[-75.14188,39.93427],[-75.14188,39.93432],[-75.14188,39.93437],[-75.14188,39.93441],[-75.1419,39.93445],[-75.14192,39.93449],[-75.14195,39.93452],[-75.14198,39.93455],[-75.14201,39.93457],[-75.14206,39.93459],[-75.1421,39.9346],[-75.14211,39.93471],[-75.14206,39.93475],[-75.14186,39.93492],[-75.14175,39.93493],[-75.13996,39.9347],[-75.13993,39.93471],[-75.13992,39.93472],[-75.13995,39.9364],[-75.13996,39.93642],[-75.13998,39.93643],[-75.14165,39.93665],[-75.14176,39.93669],[-75.14176,39.93685],[-75.14186,39.93687],[-75.14186,39.93715],[-75.14095,39.93703],[-75.14093,39.93703],[-75.14091,39.93705],[-75.14092,39.9375],[-75.14093,39.93752],[-75.14095,39.93753],[-75.14187,39.93765],[-75.14191,39.93785],[-75.14186,39.9379],[-75.14178,39.93796],[-75.14173,39.93795],[-75.14122,39.9379],[-75.14118,39.9379],[-75.14114,39.93789],[-75.14114,39.93803],[-75.1415,39.93808],[-75.14165,39.93812],[-75.14174,39.93815],[-75.14182,39.93819],[-75.14185,39.93823],[-75.14184,39.93827],[-75.14179,39.93829],[-75.14172,39.93829],[-75.14168,39.93831],[-75.14,39.93801],[-75.13998,39.93803],[-75.13999,39.93826],[-75.14,39.93828],[-75.14002,39.93829],[-75.14192,39.93864],[-75.14193,39.93888],[-75.14181,39.93888],[-75.1418,39.93904],[-75.14005,39.93876],[-75.14003,39.93877],[-75.14001,39.93879],[-75.14002,39.93909],[-75.14005,39.9391],[-75.14182,39.93939],[-75.14182,39.93957],[-75.14193,39.93957],[-75.14196,39.94075],[-75.14196,39.94096],[-75.14177,39.94106],[-75.14168,39.94106],[-75.14148,39.94104],[-75.14131,39.94101],[-75.14111,39.94099],[-75.14095,39.94098],[-75.14064,39.94095],[-75.14051,39.94093],[-75.14038,39.94092],[-75.14036,39.94092],[-75.14031,39.94094],[-75.14028,39.941],[-75.14019,39.94129],[-75.14001,39.94127],[-75.14001,39.94139],[-75.14123,39.94155],[-75.14125,39.94216],[-75.14128,39.94393],[-75.14098,39.94529],[-75.14094,39.9455],[-75.14093,39.94551],[-75.14092,39.94555],[-75.14003,39.94543],[-75.14004,39.94542],[-75.14004,39.94539],[-75.14006,39.9453],[-75.14011,39.94503],[-75.14015,39.94483],[-75.14016,39.94471],[-75.14017,39.94462],[-75.14017,39.9446],[-75.14018,39.94448],[-75.14019,39.94441],[-75.14021,39.94418],[-75.14022,39.94398],[-75.14023,39.94387],[-75.14023,39.94375],[-75.14023,39.94371],[-75.14023,39.94347],[-75.14022,39.94325],[-75.14022,39.94321],[-75.14019,39.94277],[-75.14019,39.94272],[-75.14018,39.94269],[-75.14018,39.94263],[-75.14016,39.94249],[-75.14013,39.9423],[-75.14012,39.94223],[-75.14011,39.94206],[-75.14013,39.94204],[-75.14015,39.94202],[-75.14016,39.94201],[-75.14016,39.942],[-75.14016,39.94198],[-75.14015,39.94197],[-75.14015,39.94196],[-75.14013,39.94194],[-75.1401,39.94193],[-75.14008,39.94192],[-75.14004,39.94192],[-75.14002,39.94193],[-75.13999,39.94195],[-75.13998,39.94197],[-75.13997,39.94199],[-75.13998,39.94201],[-75.13999,39.9421],[-75.14,39.94213],[-75.14003,39.9423],[-75.14005,39.94248],[-75.14007,39.94262],[-75.14008,39.9427],[-75.14009,39.94279],[-75.1401,39.94287],[-75.14011,39.94304],[-75.14011,39.9431],[-75.14012,39.9433],[-75.14013,39.9434],[-75.14013,39.94354],[-75.14013,39.94366],[-75.14013,39.94376],[-75.14013,39.94386],[-75.14013,39.94389],[-75.14012,39.94405],[-75.14012,39.94408],[-75.14011,39.94418],[-75.1401,39.94428],[-75.1401,39.9443],[-75.1401,39.94431],[-75.14009,39.94446],[-75.14007,39.9446],[-75.14006,39.94469],[-75.14003,39.94491],[-75.14002,39.94495],[-75.14001,39.94505],[-75.13999,39.94515],[-75.13998,39.9452],[-75.13996,39.94531],[-75.13995,39.94535],[-75.13995,39.94537],[-75.13985,39.94582],[-75.13922,39.94869],[-75.13914,39.94906],[-75.13902,39.94963],[-75.13922,39.94966],[-75.13987,39.94975],[-75.13995,39.94986],[-75.14017,39.94996],[-75.14038,39.95002],[-75.14049,39.95004],[-75.14048,39.95006],[-75.14045,39.95007],[-75.14043,39.9501],[-75.14041,39.95013],[-75.14041,39.95016],[-75.14041,39.95019],[-75.14043,39.95022],[-75.14042,39.95024],[-75.14028,39.95026],[-75.13863,39.95004],[-75.1386,39.95004],[-75.13858,39.95006],[-75.13846,39.95055],[-75.13846,39.95057],[-75.13848,39.95058],[-75.14023,39.95081],[-75.14007,39.95133],[-75.14,39.95132],[-75.13999,39.95138],[-75.13835,39.95116],[-75.13832,39.95117],[-75.1383,39.95119],[-75.13817,39.95162],[-75.13817,39.95165],[-75.13819,39.95166],[-75.13991,39.95189],[-75.13973,39.95246],[-75.13842,39.95228],[-75.13798,39.95223],[-75.13796,39.95224],[-75.13788,39.95248],[-75.1379,39.9525],[-75.13857,39.95259],[-75.13976,39.95274],[-75.13964,39.95313],[-75.13934,39.95309],[-75.13933,39.95314],[-75.13928,39.95313],[-75.1393,39.95307],[-75.13878,39.95302],[-75.13874,39.953],[-75.13843,39.95297],[-75.13839,39.95295],[-75.13778,39.95287],[-75.13776,39.95288],[-75.13774,39.95289],[-75.13769,39.95306],[-75.1377,39.95308],[-75.13773,39.95309],[-75.13958,39.95333],[-75.13946,39.95374],[-75.13942,39.95384],[-75.1394,39.95389],[-75.13938,39.95395],[-75.1392,39.95392],[-75.13919,39.954],[-75.13775,39.95382],[-75.13775,39.95383],[-75.13744,39.9538],[-75.13742,39.95381],[-75.13741,39.95386],[-75.13738,39.95398],[-75.13929,39.95425],[-75.13902,39.95513],[-75.13898,39.95521],[-75.13895,39.95531],[-75.13874,39.956],[-75.13679,39.95565],[-75.13677,39.95565],[-75.1366,39.95606],[-75.13661,39.95608],[-75.13844,39.95643],[-75.13841,39.95652],[-75.13856,39.95655],[-75.13854,39.95663],[-75.13832,39.95697],[-75.13821,39.95697],[-75.13646,39.95665],[-75.13634,39.95666],[-75.13624,39.95692],[-75.1362,39.95702],[-75.13795,39.95735],[-75.13777,39.95772],[-75.13696,39.95758],[-75.13688,39.95777],[-75.13687,39.95782],[-75.13703,39.95785],[-75.13702,39.95788],[-75.13704,39.95789],[-75.13764,39.95801],[-75.13746,39.95838],[-75.13591,39.9581],[-75.13563,39.95805],[-75.13561,39.95806],[-75.13538,39.95843],[-75.13552,39.95845],[-75.1355,39.95849],[-75.13547,39.95855],[-75.13545,39.95858],[-75.13543,39.95861],[-75.13542,39.95863],[-75.1354,39.95874],[-75.13541,39.95877],[-75.13542,39.9588],[-75.13543,39.95882],[-75.13547,39.95886],[-75.1355,39.95888],[-75.13558,39.95891],[-75.13564,39.95893],[-75.13588,39.95902],[-75.13595,39.95904],[-75.13606,39.95906],[-75.13611,39.95908],[-75.13613,39.9591],[-75.13612,39.95912],[-75.1361,39.95917],[-75.13607,39.95924],[-75.13598,39.95922],[-75.13541,39.9591],[-75.13538,39.95909],[-75.13535,39.95909],[-75.13532,39.95909],[-75.13529,39.95909],[-75.13527,39.9591],[-75.13524,39.9591],[-75.13519,39.95912],[-75.13516,39.95913],[-75.13514,39.95915],[-75.13512,39.95916],[-75.1351,39.95918],[-75.13508,39.9592],[-75.13507,39.95922],[-75.13506,39.95924],[-75.13505,39.95926],[-75.13486,39.95976],[-75.13484,39.95978],[-75.13453,39.95971],[-75.1345,39.95972],[-75.13439,39.9599],[-75.13433,39.95999],[-75.13435,39.96001],[-75.13478,39.96012],[-75.1347,39.9603],[-75.13477,39.96033],[-75.1354,39.96048],[-75.13534,39.96058],[-75.13631,39.96082],[-75.13664,39.96089],[-75.13656,39.96109],[-75.13605,39.96098],[-75.13515,39.96077],[-75.1347,39.96048],[-75.13455,39.96061],[-75.13522,39.96108],[-75.13559,39.96119],[-75.13573,39.96129],[-75.1359,39.9614],[-75.13607,39.9615],[-75.13609,39.96153],[-75.13604,39.96158],[-75.13599,39.96161],[-75.13589,39.96155],[-75.13578,39.96146],[-75.1357,39.96139],[-75.13562,39.96133],[-75.13553,39.96129],[-75.13547,39.96126],[-75.13537,39.96124],[-75.13527,39.9612],[-75.13515,39.96117],[-75.13503,39.96113],[-75.13498,39.9611],[-75.1349,39.96105],[-75.13482,39.961],[-75.13451,39.96079],[-75.1344,39.96075],[-75.13434,39.96079],[-75.13428,39.96084],[-75.13424,39.96089],[-75.13421,39.96093],[-75.13416,39.96098],[-75.13411,39.96101],[-75.13406,39.96103],[-75.13402,39.96107],[-75.13368,39.96083],[-75.13365,39.96084],[-75.13351,39.96094],[-75.13353,39.96099],[-75.13341,39.96107],[-75.13335,39.96114],[-75.13329,39.9611],[-75.13306,39.96128],[-75.13306,39.9613],[-75.1334,39.96153],[-75.13341,39.9616],[-75.13343,39.96165],[-75.13343,39.96169],[-75.13339,39.96177],[-75.13338,39.96181],[-75.13337,39.96186],[-75.13336,39.9619],[-75.13338,39.96194],[-75.13341,39.96199],[-75.13345,39.96203],[-75.13355,39.9621],[-75.13367,39.96219],[-75.13378,39.96225],[-75.13381,39.96229],[-75.13381,39.96232],[-75.1338,39.96237],[-75.13385,39.9624],[-75.13374,39.96249],[-75.13314,39.96209],[-75.13263,39.96175],[-75.13256,39.96182],[-75.13249,39.96189],[-75.1331,39.9623],[-75.13363,39.96266],[-75.13345,39.9628],[-75.13307,39.96253],[-75.13299,39.96261],[-75.13326,39.9628],[-75.13348,39.96295],[-75.13345,39.96298],[-75.1334,39.96296],[-75.13335,39.96293],[-75.1332,39.96283],[-75.13298,39.96268],[-75.1329,39.96261],[-75.13277,39.96254],[-75.13257,39.96244],[-75.13244,39.96237],[-75.13233,39.96233],[-75.13226,39.9623],[-75.13222,39.96228],[-75.13216,39.96226],[-75.13212,39.96226],[-75.13205,39.96228],[-75.132,39.9623],[-75.13196,39.96232],[-75.13194,39.96235],[-75.13191,39.96237],[-75.1319,39.96238],[-75.13183,39.96242],[-75.13181,39.96246],[-75.1318,39.96249],[-75.1318,39.96253],[-75.13182,39.96256],[-75.13187,39.96263],[-75.13195,39.96271],[-75.13204,39.96278],[-75.13212,39.96285],[-75.13222,39.96291],[-75.13227,39.96293],[-75.13238,39.96303],[-75.13244,39.96308],[-75.1325,39.96312],[-75.13258,39.96317],[-75.13262,39.96318],[-75.13266,39.96319],[-75.13271,39.9632],[-75.13305,39.96345],[-75.13289,39.96359],[-75.13189,39.9629],[-75.13179,39.96299],[-75.13175,39.96297],[-75.13171,39.96297],[-75.13165,39.963],[-75.13155,39.96304],[-75.13145,39.96313],[-75.13139,39.96319],[-75.13134,39.96323],[-75.13119,39.96337],[-75.13108,39.96343],[-75.13093,39.9635],[-75.1308,39.96358],[-75.13066,39.96365],[-75.1306,39.96369],[-75.13057,39.96377],[-75.13059,39.96385],[-75.13056,39.96385],[-75.13054,39.96383],[-75.13051,39.9638],[-75.13046,39.96381],[-75.13039,39.96383],[-75.13032,39.96388],[-75.13021,39.96394],[-75.1301,39.96401],[-75.13001,39.96408],[-75.12991,39.96417],[-75.12986,39.96423],[-75.1298,39.96428],[-75.12979,39.96429],[-75.12975,39.96432],[-75.12975,39.96436],[-75.12975,39.96439],[-75.1298,39.96447],[-75.12983,39.96454],[-75.12986,39.9646],[-75.12988,39.96469],[-75.12989,39.96473],[-75.12986,39.96475],[-75.1298,39.96476],[-75.12976,39.96474],[-75.12971,39.9647],[-75.12968,39.96469],[-75.12965,39.96469],[-75.12964,39.96471],[-75.12964,39.96474],[-75.12964,39.96483],[-75.12965,39.96487],[-75.12964,39.9649],[-75.12962,39.96494],[-75.12959,39.96496],[-75.12954,39.96502],[-75.12951,39.96503],[-75.12946,39.96503],[-75.12942,39.96504],[-75.12938,39.96506],[-75.12935,39.96509],[-75.12933,39.96513],[-75.12933,39.96518],[-75.12934,39.96521],[-75.12934,39.96524],[-75.12934,39.96526],[-75.12932,39.96527],[-75.12925,39.96534],[-75.12918,39.9654],[-75.12911,39.96544],[-75.12905,39.96548],[-75.12897,39.9655],[-75.12892,39.96551],[-75.12887,39.96551],[-75.12881,39.96551],[-75.12877,39.9655],[-75.1287,39.96547],[-75.12858,39.9654],[-75.12852,39.96536],[-75.12841,39.96529],[-75.12835,39.96527],[-75.12826,39.96524],[-75.12816,39.96523],[-75.12807,39.96523],[-75.12801,39.96523],[-75.12794,39.96524],[-75.12781,39.96531],[-75.12757,39.96542],[-75.12754,39.96544],[-75.12752,39.96545],[-75.12748,39.96549],[-75.12745,39.96552],[-75.12742,39.96559],[-75.12741,39.96569],[-75.12741,39.96578],[-75.12741,39.96596],[-75.12723,39.96604],[-75.12712,39.96609],[-75.12666,39.96629],[-75.12622,39.96571],[-75.12602,39.96583],[-75.12644,39.96639],[-75.1245,39.96725],[-75.12439,39.9673],[-75.12452,39.96745],[-75.12437,39.96752],[-75.12416,39.96725],[-75.12411,39.9672],[-75.12408,39.96721],[-75.12405,39.96722],[-75.124,39.96725],[-75.12355,39.96748],[-75.12394,39.96798],[-75.12395,39.96801],[-75.12394,39.96804],[-75.12392,39.96806],[-75.12387,39.96809],[-75.12383,39.96812],[-75.1238,39.96816],[-75.12375,39.96818],[-75.12296,39.96715],[-75.12294,39.96714],[-75.12276,39.96722],[-75.12275,39.96724],[-75.12357,39.96829],[-75.12332,39.9684],[-75.12294,39.9679],[-75.12283,39.96796],[-75.12238,39.96738],[-75.12235,39.96738],[-75.12214,39.96747],[-75.12214,39.96749],[-75.12274,39.96827],[-75.12264,39.96832],[-75.12269,39.96839],[-75.12273,39.96848],[-75.12276,39.96853],[-75.12279,39.96856],[-75.12282,39.96859],[-75.12293,39.96869],[-75.12276,39.96877],[-75.12228,39.96812],[-75.12137,39.96853],[-75.12134,39.96854],[-75.12132,39.96856],[-75.12131,39.96857],[-75.1213,39.96859],[-75.12177,39.96915],[-75.12174,39.96916],[-75.12148,39.96926],[-75.12119,39.96937],[-75.12052,39.96872],[-75.12007,39.9683],[-75.11997,39.96834],[-75.12017,39.96852],[-75.12015,39.96853],[-75.12004,39.96858],[-75.11995,39.96862],[-75.11982,39.96867],[-75.11961,39.96848],[-75.11946,39.96854],[-75.11964,39.96871],[-75.11957,39.96874],[-75.11943,39.96883],[-75.11935,39.96885],[-75.11928,39.96886],[-75.11919,39.96889],[-75.11909,39.96893],[-75.11899,39.96895],[-75.11886,39.96899],[-75.11871,39.96884],[-75.11813,39.96908],[-75.11823,39.96913],[-75.11821,39.96917],[-75.1181,39.96924],[-75.11807,39.96926],[-75.11803,39.96929],[-75.11799,39.96932],[-75.11792,39.96936],[-75.11787,39.96938],[-75.11766,39.96948],[-75.11751,39.96955],[-75.11723,39.96967],[-75.11714,39.96972],[-75.11711,39.96977],[-75.11705,39.96982],[-75.11697,39.96987],[-75.11687,39.96994],[-75.11681,39.96997],[-75.11671,39.97002],[-75.11664,39.97006],[-75.11654,39.97013],[-75.11644,39.97017],[-75.11633,39.97023],[-75.11626,39.9703],[-75.11616,39.97036],[-75.1161,39.9704],[-75.11602,39.97045],[-75.11599,39.97047],[-75.11593,39.97052],[-75.11588,39.97054],[-75.11576,39.97059],[-75.11561,39.97065],[-75.11545,39.97073],[-75.1153,39.97081],[-75.11507,39.97091],[-75.11498,39.97097],[-75.11488,39.97103],[-75.11486,39.97105],[-75.11481,39.97108],[-75.11477,39.97114],[-75.11476,39.97123],[-75.11477,39.97127],[-75.11479,39.97129],[-75.11483,39.97135],[-75.11489,39.97149],[-75.11501,39.97167],[-75.1151,39.9718],[-75.11516,39.9719],[-75.11526,39.97202],[-75.11534,39.97214],[-75.11542,39.97228],[-75.11548,39.97238],[-75.11555,39.97248],[-75.1156,39.97252],[-75.11563,39.97259],[-75.11567,39.97265],[-75.11568,39.97266],[-75.1157,39.97265],[-75.11573,39.97264],[-75.11576,39.97262],[-75.1158,39.97264],[-75.11572,39.97269],[-75.1157,39.9727],[-75.11567,39.97273],[-75.11567,39.97276],[-75.11567,39.97279],[-75.11569,39.97285],[-75.11569,39.97291],[-75.11568,39.97293],[-75.11565,39.97295],[-75.11562,39.97297],[-75.11556,39.97293],[-75.11545,39.97277],[-75.11535,39.97261],[-75.11522,39.97242],[-75.11507,39.97219],[-75.11479,39.97176],[-75.11468,39.9716],[-75.11447,39.97167],[-75.11454,39.97179],[-75.11461,39.97179],[-75.11473,39.97197],[-75.11476,39.97205],[-75.11473,39.97207],[-75.11475,39.97211],[-75.11495,39.97242],[-75.11511,39.97266],[-75.11504,39.97268],[-75.11486,39.97276],[-75.11488,39.97295],[-75.11491,39.97314],[-75.11483,39.97317],[-75.11472,39.97315],[-75.11455,39.9729],[-75.11453,39.97286],[-75.11413,39.97225],[-75.11396,39.972],[-75.11381,39.97177],[-75.11348,39.97128],[-75.11331,39.97102],[-75.11328,39.97102],[-75.11314,39.97107],[-75.11311,39.97109],[-75.1131,39.97111],[-75.1131,39.97113],[-75.11332,39.97146],[-75.11357,39.97182],[-75.11374,39.9721],[-75.11394,39.9724],[-75.11405,39.97257],[-75.11409,39.97265],[-75.11411,39.9727],[-75.11413,39.97276],[-75.11416,39.97288],[-75.11418,39.97299],[-75.11417,39.97302],[-75.11407,39.97306],[-75.11368,39.97322],[-75.11365,39.97317],[-75.11345,39.97286],[-75.11337,39.97276],[-75.11335,39.97275],[-75.11332,39.97274],[-75.11328,39.97277],[-75.11327,39.97279],[-75.11329,39.97282],[-75.11331,39.97285],[-75.11331,39.97288],[-75.11335,39.97295],[-75.11338,39.97299],[-75.11341,39.97306],[-75.11338,39.97307],[-75.11352,39.97329],[-75.11323,39.9734],[-75.11297,39.97351],[-75.1129,39.9734],[-75.11267,39.97304],[-75.11246,39.97272],[-75.11223,39.97238],[-75.11201,39.97204],[-75.11182,39.97175],[-75.11174,39.97164],[-75.11171,39.97164],[-75.11129,39.97181],[-75.11128,39.97184],[-75.1113,39.97186],[-75.11162,39.97234],[-75.11193,39.97282],[-75.11218,39.9732],[-75.11251,39.9737],[-75.11232,39.97377],[-75.11201,39.97389],[-75.11166,39.97403],[-75.11163,39.97403],[-75.11153,39.97386],[-75.11134,39.97353],[-75.11116,39.9736],[-75.11128,39.97378],[-75.11147,39.97408],[-75.11148,39.9741],[-75.11126,39.97419],[-75.11106,39.97427],[-75.11098,39.97414],[-75.11088,39.97398],[-75.11077,39.9738],[-75.11067,39.97367],[-75.11049,39.97338],[-75.11033,39.97315],[-75.11016,39.97289],[-75.11001,39.97265],[-75.10988,39.97246],[-75.10985,39.97241],[-75.10982,39.97241],[-75.10976,39.97243],[-75.10969,39.97246],[-75.10966,39.97248],[-75.10966,39.9725],[-75.10967,39.97252],[-75.10986,39.97281],[-75.11019,39.97332],[-75.11048,39.97376],[-75.1106,39.97394],[-75.11068,39.97407],[-75.11067,39.97409],[-75.11064,39.97411],[-75.11059,39.97413],[-75.11052,39.97414],[-75.11044,39.97415],[-75.11036,39.97415],[-75.11031,39.97414],[-75.11025,39.97412],[-75.11021,39.9741],[-75.11019,39.97408],[-75.11017,39.97406],[-75.11015,39.97404],[-75.11013,39.97403],[-75.11001,39.974],[-75.10995,39.97399],[-75.1099,39.97397],[-75.10985,39.97393],[-75.10982,39.97389],[-75.10979,39.97384],[-75.10977,39.97379],[-75.10975,39.97374],[-75.10974,39.97371],[-75.10973,39.97368],[-75.10969,39.97365],[-75.10964,39.9736],[-75.10959,39.97355],[-75.10953,39.97351],[-75.10948,39.97348],[-75.10942,39.97345],[-75.10936,39.97342],[-75.10929,39.9734],[-75.10922,39.97338],[-75.10916,39.97338],[-75.10909,39.97338],[-75.10901,39.97339],[-75.10893,39.97341],[-75.10865,39.97347],[-75.10858,39.97349],[-75.10847,39.97354],[-75.10834,39.97359],[-75.10818,39.97363],[-75.1081,39.97366],[-75.10802,39.97369],[-75.1079,39.97372],[-75.10778,39.97377],[-75.10767,39.97379],[-75.10758,39.97381],[-75.10747,39.97384],[-75.10736,39.97388],[-75.10724,39.97392],[-75.10713,39.97396],[-75.107,39.97402],[-75.10675,39.97414],[-75.10662,39.97421],[-75.10652,39.97427],[-75.10634,39.97436],[-75.10624,39.9744],[-75.10614,39.97445],[-75.10607,39.97449],[-75.10603,39.97454],[-75.106,39.97458],[-75.106,39.97463],[-75.10602,39.9747],[-75.10606,39.97479],[-75.1061,39.97488],[-75.10614,39.97495],[-75.1062,39.97502],[-75.10626,39.97509],[-75.10631,39.97516],[-75.10638,39.97524],[-75.10646,39.97532],[-75.10652,39.97538],[-75.10655,39.97544],[-75.10657,39.97546],[-75.10656,39.97549],[-75.10655,39.97552],[-75.10654,39.97554],[-75.10656,39.97556],[-75.10646,39.9756],[-75.10648,39.97564],[-75.10653,39.97572],[-75.10667,39.97595],[-75.10667,39.97597],[-75.10666,39.97598],[-75.10663,39.97601],[-75.1066,39.97604],[-75.10656,39.97608],[-75.10654,39.97612],[-75.10653,39.97616],[-75.10656,39.9762],[-75.10661,39.97626],[-75.10667,39.97633],[-75.10671,39.9764],[-75.10677,39.97647],[-75.10689,39.97658],[-75.10677,39.97665],[-75.1066,39.97646],[-75.10633,39.97615],[-75.10615,39.97596],[-75.10592,39.97571],[-75.10559,39.97534],[-75.10525,39.97496],[-75.10499,39.97466],[-75.10478,39.97443],[-75.10476,39.97443],[-75.10449,39.97456],[-75.10422,39.9747],[-75.10435,39.97485],[-75.10443,39.97496],[-75.10458,39.97514],[-75.10475,39.97534],[-75.10495,39.97555],[-75.10515,39.9758],[-75.10531,39.97596],[-75.1054,39.97606],[-75.10546,39.97613],[-75.10554,39.9762],[-75.10558,39.97626],[-75.10542,39.97634],[-75.10526,39.97642],[-75.10514,39.97649],[-75.10506,39.97653],[-75.10476,39.97619],[-75.10451,39.97591],[-75.10422,39.97558],[-75.10361,39.97487],[-75.10343,39.97495],[-75.10322,39.97504],[-75.10331,39.97515],[-75.10357,39.97543],[-75.10375,39.97563],[-75.10415,39.9761],[-75.10432,39.97629],[-75.10444,39.97644],[-75.10417,39.97652],[-75.10397,39.97659],[-75.10383,39.97664],[-75.10376,39.97657],[-75.10358,39.97634],[-75.10344,39.97619],[-75.10275,39.9754],[-75.10265,39.97529],[-75.10262,39.97529],[-75.10257,39.9753],[-75.10243,39.9753],[-75.1024,39.97526],[-75.10249,39.97521],[-75.10251,39.97522],[-75.10257,39.9752],[-75.10253,39.97517],[-75.10247,39.9752],[-75.10238,39.97525],[-75.10222,39.97534],[-75.1021,39.9754],[-75.10227,39.97559],[-75.10238,39.97572],[-75.10243,39.9757],[-75.1025,39.97568],[-75.10257,39.97578],[-75.10255,39.97581],[-75.1025,39.97583],[-75.1025,39.97585],[-75.10272,39.9761],[-75.10295,39.97635],[-75.10319,39.97664],[-75.10334,39.97681],[-75.10328,39.97684],[-75.10304,39.97691],[-75.10274,39.97702],[-75.10272,39.97699],[-75.10245,39.97669],[-75.10224,39.97645],[-75.10204,39.97622],[-75.10161,39.97573],[-75.10134,39.97544],[-75.10113,39.97555],[-75.10084,39.9757],[-75.10071,39.97578],[-75.10073,39.9758],[-75.10119,39.97633],[-75.10144,39.9766],[-75.10168,39.97688],[-75.10215,39.9774],[-75.10184,39.97756],[-75.10156,39.97771],[-75.10152,39.97769],[-75.10107,39.97718],[-75.10065,39.97672],[-75.09986,39.97581],[-75.09983,39.9758],[-75.0998,39.97581],[-75.0997,39.97587],[-75.09969,39.97589],[-75.09984,39.97606],[-75.10005,39.97631],[-75.10005,39.97633],[-75.10007,39.97636],[-75.1001,39.97635],[-75.10045,39.97676],[-75.10045,39.97679],[-75.10047,39.97681],[-75.1005,39.97681],[-75.10083,39.97719],[-75.10138,39.9778],[-75.10111,39.97794],[-75.10095,39.97775],[-75.10087,39.97775],[-75.10084,39.97775],[-75.10079,39.97775],[-75.10076,39.97774],[-75.10072,39.97771],[-75.10069,39.97772],[-75.10058,39.97778],[-75.1002,39.97735],[-75.09985,39.97696],[-75.09955,39.97662],[-75.09927,39.97631],[-75.099,39.97601],[-75.09898,39.976],[-75.09894,39.976],[-75.09892,39.97601],[-75.09872,39.97611],[-75.0985,39.97623],[-75.09869,39.97643],[-75.09888,39.97665],[-75.09898,39.97676],[-75.09924,39.97706],[-75.09946,39.97731],[-75.09948,39.97733],[-75.09951,39.97732],[-75.09953,39.97731],[-75.09957,39.97731],[-75.09959,39.97732],[-75.09962,39.97735],[-75.09963,39.97739],[-75.09963,39.97742],[-75.09959,39.97745],[-75.09962,39.97749],[-75.09976,39.97765],[-75.09955,39.97776],[-75.09923,39.97793],[-75.09884,39.97748],[-75.09848,39.97707],[-75.09815,39.9767],[-75.09778,39.97629],[-75.09776,39.97628],[-75.09773,39.97629],[-75.09747,39.97643],[-75.09746,39.97645],[-75.09775,39.97677],[-75.09807,39.97713],[-75.09797,39.97719],[-75.09796,39.9772],[-75.09812,39.97739],[-75.09843,39.97774],[-75.09832,39.9778],[-75.09835,39.97786],[-75.09831,39.97789],[-75.09826,39.97792],[-75.09819,39.97797],[-75.09812,39.978],[-75.09794,39.97811],[-75.09788,39.97814],[-75.09783,39.97817],[-75.0978,39.9782],[-75.09779,39.97822],[-75.09776,39.97824],[-75.09782,39.9783],[-75.0978,39.97832],[-75.09778,39.97834],[-75.09777,39.97837],[-75.09775,39.97843],[-75.09774,39.97846],[-75.09771,39.97847],[-75.09762,39.97848],[-75.09748,39.97833],[-75.09733,39.97817],[-75.09704,39.97785],[-75.09655,39.97727],[-75.09649,39.9773],[-75.09647,39.97728],[-75.09644,39.97726],[-75.09639,39.97724],[-75.09632,39.97719],[-75.09629,39.97718],[-75.09625,39.97714],[-75.09615,39.97706],[-75.09609,39.97701],[-75.09604,39.97697],[-75.09598,39.97694],[-75.09587,39.97691],[-75.09582,39.9769],[-75.09578,39.9769],[-75.09575,39.97691],[-75.09567,39.97681],[-75.09564,39.97679],[-75.09561,39.97679],[-75.09507,39.97689],[-75.0945,39.97699],[-75.09401,39.97707],[-75.09357,39.97715],[-75.09342,39.97718],[-75.09322,39.97721],[-75.09319,39.97722],[-75.09317,39.97724],[-75.09317,39.97727],[-75.09403,39.97863],[-75.094,39.97876],[-75.09395,39.97877],[-75.09396,39.97882],[-75.09391,39.97884],[-75.0936,39.9789],[-75.09347,39.97893],[-75.09332,39.97894],[-75.0932,39.97891],[-75.09312,39.97886],[-75.09307,39.97879],[-75.09298,39.97873],[-75.09288,39.97868],[-75.09283,39.97858],[-75.09275,39.97838],[-75.09272,39.97827],[-75.09268,39.97822],[-75.09265,39.97812],[-75.09253,39.97799],[-75.09237,39.97791],[-75.09226,39.97783],[-75.09216,39.97776],[-75.09208,39.97768],[-75.09201,39.97761],[-75.092,39.97755],[-75.09204,39.9775],[-75.09207,39.9775],[-75.09209,39.97752],[-75.09215,39.97749],[-75.09209,39.97743],[-75.09207,39.97742],[-75.09204,39.97742],[-75.09199,39.97743],[-75.09174,39.97756],[-75.09173,39.97758],[-75.09183,39.97769],[-75.09186,39.9777],[-75.0919,39.97769],[-75.09196,39.97773],[-75.09198,39.97778],[-75.09206,39.97786],[-75.09214,39.97795],[-75.09215,39.97798],[-75.09211,39.978],[-75.09228,39.97818],[-75.09267,39.97864],[-75.09294,39.97893],[-75.09296,39.97898],[-75.09284,39.97901],[-75.0927,39.97905],[-75.09253,39.97908],[-75.09244,39.97909],[-75.0924,39.9791],[-75.09238,39.97909],[-75.09236,39.97903],[-75.09231,39.97895],[-75.09197,39.97909],[-75.09149,39.97838],[-75.091,39.97766],[-75.09098,39.97764],[-75.09096,39.97763],[-75.09093,39.97762],[-75.09091,39.97762],[-75.08908,39.97794],[-75.08698,39.9783],[-75.08518,39.97862],[-75.08436,39.97876],[-75.08129,39.97929],[-75.08006,39.97951],[-75.08003,39.97951],[-75.07999,39.97953],[-75.07997,39.97954],[-75.07995,39.97955],[-75.07992,39.97958],[-75.07991,39.9796],[-75.0799,39.97962],[-75.07989,39.97964],[-75.07989,39.97966],[-75.07989,39.97969],[-75.07989,39.97971],[-75.07991,39.97975],[-75.07992,39.97976],[-75.07993,39.97978],[-75.08085,39.98082],[-75.08087,39.98083],[-75.0809,39.98084],[-75.08093,39.98085],[-75.08096,39.98084],[-75.08099,39.98082],[-75.081,39.9808],[-75.08101,39.98078],[-75.08101,39.98076],[-75.08102,39.98074],[-75.08106,39.98073],[-75.0811,39.98073],[-75.08114,39.98074],[-75.08118,39.98074],[-75.08127,39.98073],[-75.08134,39.98071],[-75.0814,39.98068],[-75.08146,39.98067],[-75.08153,39.98067],[-75.08157,39.98068],[-75.08163,39.9807],[-75.08166,39.98073],[-75.08169,39.98075],[-75.08172,39.9808],[-75.08176,39.98088],[-75.08178,39.98094],[-75.0818,39.981],[-75.08164,39.98105],[-75.08125,39.98116],[-75.08086,39.98127],[-75.07907,39.98178],[-75.07897,39.98182],[-75.07876,39.98188],[-75.07817,39.98207],[-75.07792,39.98216],[-75.0778,39.98202],[-75.07757,39.98174],[-75.07755,39.98172],[-75.0772,39.98134],[-75.07681,39.98089],[-75.07671,39.98078],[-75.07668,39.98077],[-75.0766,39.98082],[-75.07655,39.98077],[-75.07647,39.98081],[-75.07651,39.98087],[-75.0764,39.98094],[-75.07676,39.98133],[-75.07752,39.98219],[-75.07756,39.98223],[-75.0774,39.9823],[-75.0771,39.98238],[-75.07693,39.98245],[-75.07674,39.98253],[-75.07658,39.98261],[-75.07642,39.98268],[-75.07628,39.98274],[-75.07614,39.9828],[-75.07599,39.98287],[-75.07586,39.98293],[-75.07567,39.98303],[-75.07555,39.98311],[-75.07544,39.98318],[-75.07537,39.9832],[-75.07534,39.98321],[-75.07531,39.98325],[-75.07523,39.98328],[-75.0752,39.98331],[-75.07484,39.98349],[-75.07403,39.98258],[-75.07383,39.98269],[-75.07464,39.98361],[-75.07386,39.98409],[-75.07323,39.98459],[-75.07315,39.98456],[-75.07307,39.98452],[-75.07292,39.98444],[-75.07272,39.98432],[-75.07257,39.98422],[-75.07232,39.98405],[-75.07221,39.98398],[-75.07214,39.98394],[-75.07207,39.98391],[-75.07204,39.98391],[-75.072,39.98393],[-75.07201,39.98395],[-75.07205,39.98398],[-75.07212,39.98404],[-75.07223,39.98411],[-75.07234,39.98418],[-75.07243,39.98426],[-75.07255,39.98434],[-75.07264,39.98437],[-75.07289,39.98453],[-75.07311,39.98468],[-75.07293,39.98484],[-75.07299,39.98489],[-75.07287,39.985],[-75.07276,39.98493],[-75.07255,39.9848],[-75.07238,39.98468],[-75.0722,39.98456],[-75.07197,39.98442],[-75.07175,39.98427],[-75.07148,39.98409],[-75.07135,39.98401],[-75.07129,39.984],[-75.07124,39.98402],[-75.07121,39.98404],[-75.07118,39.98407],[-75.07115,39.9841],[-75.07116,39.98414],[-75.07117,39.98419],[-75.07115,39.98427],[-75.07111,39.98432],[-75.07108,39.98436],[-75.07105,39.98444],[-75.07101,39.98455],[-75.07101,39.98466],[-75.07102,39.98474],[-75.07104,39.98483],[-75.07105,39.98489],[-75.07108,39.98492],[-75.07118,39.985],[-75.07124,39.98504],[-75.07133,39.98511],[-75.07142,39.98521],[-75.0715,39.98532],[-75.0712,39.98547],[-75.07084,39.98564],[-75.07081,39.98562],[-75.07063,39.98555],[-75.07054,39.98549],[-75.07044,39.98543],[-75.07026,39.98543],[-75.0702,39.98549],[-75.07012,39.9856],[-75.07003,39.98575],[-75.06995,39.98586],[-75.06986,39.98595],[-75.06976,39.98603],[-75.06969,39.98609],[-75.06963,39.98616],[-75.06961,39.98619],[-75.06956,39.98627],[-75.06952,39.98636],[-75.06947,39.98645],[-75.06943,39.9865],[-75.06939,39.98656],[-75.0693,39.98664],[-75.06918,39.98673],[-75.06908,39.98684],[-75.06899,39.98698],[-75.0689,39.98712],[-75.06881,39.98723],[-75.06872,39.98735],[-75.06865,39.98745],[-75.0686,39.98753],[-75.0686,39.98762],[-75.06861,39.98769],[-75.06865,39.98778],[-75.0687,39.98789],[-75.06877,39.98808],[-75.06884,39.98829],[-75.0689,39.98844],[-75.06831,39.98898],[-75.06716,39.99],[-75.06727,39.99015],[-75.06727,39.99017],[-75.06727,39.99023],[-75.0673,39.99027],[-75.06731,39.99031],[-75.06729,39.99032],[-75.06725,39.9903],[-75.0672,39.99025],[-75.06714,39.99016],[-75.0671,39.99012],[-75.06704,39.99011],[-75.06699,39.9901],[-75.06695,39.99009],[-75.0669,39.99006],[-75.06685,39.99004],[-75.06679,39.99003],[-75.06674,39.99003],[-75.06668,39.99003],[-75.06665,39.99003],[-75.06661,39.99004],[-75.06659,39.99007],[-75.06655,39.99007],[-75.06651,39.99008],[-75.06646,39.99009],[-75.06643,39.99011],[-75.06639,39.99012],[-75.06636,39.99014],[-75.06634,39.99014],[-75.06627,39.99016],[-75.06625,39.99017],[-75.0662,39.99019],[-75.06618,39.99019],[-75.0661,39.99025],[-75.06607,39.99029],[-75.06605,39.99031],[-75.06602,39.99033],[-75.06601,39.99034],[-75.06599,39.99036],[-75.06596,39.99038],[-75.06593,39.99041],[-75.0659,39.99041],[-75.06587,39.99044],[-75.06586,39.99047],[-75.06583,39.99049],[-75.06581,39.99052],[-75.06578,39.99053],[-75.06574,39.99055],[-75.06571,39.99057],[-75.06569,39.99061],[-75.06566,39.99064],[-75.06564,39.99067],[-75.06561,39.99071],[-75.06559,39.99075],[-75.06556,39.99083],[-75.06555,39.99088],[-75.06553,39.99091],[-75.0655,39.99095],[-75.06547,39.991],[-75.06546,39.99104],[-75.06545,39.99107],[-75.06545,39.9911],[-75.06545,39.99114],[-75.06548,39.9912],[-75.06551,39.99125],[-75.06556,39.99131],[-75.06561,39.99135],[-75.06565,39.99141],[-75.06567,39.99145],[-75.06568,39.9915],[-75.06571,39.99157],[-75.06575,39.99169],[-75.06582,39.9918],[-75.06592,39.99194],[-75.06594,39.99199],[-75.06595,39.99204],[-75.06596,39.99209],[-75.06596,39.99214],[-75.06595,39.99217],[-75.06595,39.99223],[-75.06591,39.99244],[-75.06588,39.99252],[-75.06586,39.99258],[-75.06584,39.99262],[-75.06582,39.99268],[-75.06578,39.99272],[-75.06577,39.99283],[-75.06577,39.99285],[-75.06577,39.99291],[-75.06574,39.99286],[-75.06564,39.9929],[-75.06576,39.99308],[-75.06565,39.99348],[-75.0656,39.99363],[-75.06559,39.99366],[-75.0655,39.99367],[-75.06544,39.99367],[-75.06539,39.99367],[-75.06539,39.99375],[-75.06545,39.99385],[-75.06548,39.99388],[-75.0655,39.99391],[-75.06533,39.99436],[-75.06528,39.99436],[-75.06517,39.99433],[-75.06513,39.99431],[-75.06506,39.99423],[-75.06499,39.99415],[-75.06491,39.99405],[-75.06484,39.99395],[-75.0648,39.99388],[-75.06478,39.9938],[-75.06478,39.99376],[-75.06482,39.99373],[-75.06483,39.99368],[-75.06478,39.99366],[-75.06467,39.99367],[-75.06456,39.99368],[-75.06448,39.9937],[-75.06443,39.99374],[-75.06437,39.99382],[-75.06433,39.99391],[-75.06428,39.99402],[-75.06424,39.99412],[-75.06419,39.99424],[-75.06416,39.9943],[-75.06414,39.99435],[-75.06408,39.99444],[-75.06403,39.99456],[-75.06399,39.99467],[-75.06393,39.99478],[-75.06388,39.99487],[-75.06381,39.99498],[-75.06375,39.99506],[-75.0637,39.99516],[-75.06366,39.99524],[-75.06361,39.99532],[-75.0636,39.9954],[-75.06358,39.99548],[-75.06355,39.99557],[-75.06351,39.99564],[-75.06346,39.99576],[-75.06343,39.99584],[-75.0634,39.99599],[-75.06336,39.9961],[-75.06332,39.9962],[-75.0633,39.9963],[-75.06327,39.9964],[-75.06325,39.99644],[-75.06324,39.99649],[-75.06321,39.99657],[-75.06319,39.9966],[-75.06321,39.99663],[-75.06313,39.99685],[-75.06312,39.99687],[-75.0631,39.99689],[-75.06309,39.99692],[-75.06306,39.99697],[-75.06301,39.99708],[-75.06299,39.99715],[-75.06295,39.99724],[-75.06291,39.99734],[-75.06285,39.99746],[-75.0628,39.99759],[-75.06275,39.9977],[-75.06272,39.99779],[-75.06271,39.99784],[-75.06269,39.99789],[-75.06265,39.99799],[-75.06262,39.99806],[-75.06261,39.99812],[-75.06261,39.99816],[-75.0626,39.99821],[-75.06258,39.99828],[-75.06256,39.99833],[-75.06252,39.99839],[-75.06247,39.99847],[-75.06242,39.99865],[-75.06239,39.99872],[-75.06237,39.99879],[-75.06234,39.99885],[-75.06231,39.9989],[-75.06231,39.99902],[-75.06226,39.99914],[-75.06221,39.99923],[-75.06217,39.99932],[-75.06213,39.99939],[-75.06208,39.99946],[-75.06204,39.99943],[-75.06178,40.00003],[-75.06174,40.00005],[-75.06147,40.00066],[-75.06151,40.00067],[-75.06147,40.00077],[-75.06138,40.00072],[-75.06134,40.00075],[-75.0614,40.00078],[-75.06138,40.0008],[-75.06132,40.00077],[-75.06129,40.00079],[-75.0613,40.00081],[-75.06136,40.00086],[-75.06132,40.00088],[-75.06123,40.00093],[-75.06114,40.00098],[-75.06109,40.00102],[-75.06103,40.00105],[-75.06086,40.00115],[-75.06076,40.0012],[-75.06064,40.00127],[-75.06054,40.00131],[-75.06042,40.00136],[-75.06035,40.00139],[-75.06032,40.00141],[-75.06027,40.00144],[-75.06026,40.00147],[-75.06023,40.00148],[-75.06017,40.00149],[-75.06007,40.00154],[-75.05998,40.00159],[-75.05991,40.00161],[-75.05982,40.00165],[-75.05973,40.00168],[-75.05963,40.0017],[-75.05954,40.00174],[-75.05946,40.0018],[-75.05941,40.00187],[-75.05938,40.00195],[-75.05936,40.002],[-75.05936,40.00204],[-75.05937,40.0021],[-75.05935,40.00216],[-75.05931,40.00224],[-75.0593,40.00232],[-75.05927,40.0024],[-75.05923,40.00251],[-75.05922,40.0026],[-75.05921,40.00266],[-75.05919,40.00272],[-75.05918,40.00278],[-75.05924,40.00288],[-75.05934,40.00297],[-75.05949,40.00304],[-75.05958,40.0031],[-75.05962,40.00314],[-75.05954,40.00312],[-75.05943,40.0031],[-75.05936,40.00311],[-75.05935,40.00313],[-75.05936,40.00318],[-75.05943,40.00324],[-75.0595,40.00329],[-75.05954,40.00334],[-75.05952,40.0034],[-75.05946,40.00343],[-75.05941,40.00343],[-75.05933,40.00339],[-75.05927,40.00333],[-75.0592,40.00329],[-75.05911,40.00328],[-75.05904,40.0033],[-75.05896,40.00334],[-75.05891,40.0034],[-75.05886,40.00347],[-75.05878,40.00354],[-75.05871,40.0036],[-75.05861,40.00367],[-75.05853,40.00373],[-75.05844,40.00382],[-75.0584,40.00387],[-75.05832,40.00395],[-75.05829,40.00399],[-75.05822,40.00406],[-75.05819,40.00411],[-75.05811,40.00419],[-75.05801,40.00432],[-75.05798,40.00439],[-75.05797,40.00448],[-75.05798,40.00456],[-75.05802,40.00463],[-75.0581,40.00469],[-75.05818,40.00476],[-75.05828,40.00481],[-75.05836,40.00487],[-75.05841,40.00493],[-75.05843,40.00496],[-75.05846,40.005],[-75.05823,40.00542],[-75.0582,40.00542],[-75.05811,40.00544],[-75.05802,40.00545],[-75.05788,40.00547],[-75.05782,40.00548],[-75.05779,40.00549],[-75.0577,40.00549],[-75.05694,40.00637],[-75.05688,40.00641],[-75.0568,40.00647],[-75.05674,40.00656],[-75.05668,40.00663],[-75.0566,40.00671],[-75.05653,40.00676],[-75.05645,40.0068],[-75.05643,40.00682],[-75.05641,40.00684],[-75.05638,40.00694],[-75.05634,40.00701],[-75.0563,40.00709],[-75.05622,40.00713],[-75.05612,40.00716],[-75.05606,40.00719],[-75.05599,40.00726],[-75.05578,40.00754],[-75.05573,40.00762],[-75.05567,40.00771],[-75.05561,40.00779],[-75.05554,40.00786],[-75.05541,40.00801],[-75.05534,40.0081],[-75.0553,40.00818],[-75.05526,40.00827],[-75.05522,40.00836],[-75.05518,40.00843],[-75.05515,40.00849],[-75.05514,40.00854],[-75.0551,40.00859],[-75.05506,40.00863],[-75.05502,40.00865],[-75.05498,40.0087],[-75.05495,40.00877],[-75.05495,40.0088],[-75.05496,40.00884],[-75.05497,40.00892],[-75.05496,40.009],[-75.05494,40.00908],[-75.0549,40.00914],[-75.05486,40.00919],[-75.05478,40.00924],[-75.0547,40.00925],[-75.0546,40.00925],[-75.05449,40.00928],[-75.05438,40.00933],[-75.05428,40.0094],[-75.05418,40.00946],[-75.05404,40.00951],[-75.05391,40.00957],[-75.05378,40.00961],[-75.05365,40.0097],[-75.05355,40.00977],[-75.05344,40.00985],[-75.05331,40.00995],[-75.05322,40.01003],[-75.05313,40.01011],[-75.05304,40.01019],[-75.05297,40.01025],[-75.05293,40.01032],[-75.05292,40.01039],[-75.05294,40.01045],[-75.05299,40.01052],[-75.05294,40.01057],[-75.05283,40.01065],[-75.05275,40.01073],[-75.05247,40.01086],[-75.05233,40.01092],[-75.05221,40.01096],[-75.052,40.01109],[-75.05189,40.01121],[-75.05171,40.01133],[-75.05145,40.01146],[-75.0513,40.01156],[-75.05117,40.01166],[-75.05103,40.01173],[-75.05095,40.01178],[-75.05092,40.01185],[-75.05093,40.0119],[-75.05089,40.01199],[-75.05089,40.01204],[-75.0509,40.01205],[-75.05094,40.01211],[-75.051,40.01217],[-75.05105,40.01224],[-75.05108,40.0123],[-75.05108,40.01234],[-75.05102,40.01239],[-75.05099,40.01239],[-75.05091,40.01237],[-75.05088,40.0123],[-75.05086,40.01223],[-75.05084,40.01217],[-75.0508,40.01211],[-75.05075,40.01202],[-75.05075,40.01193],[-75.05072,40.01187],[-75.05067,40.01183],[-75.05059,40.0118],[-75.05054,40.01177],[-75.05053,40.01173],[-75.05043,40.01178],[-75.05029,40.01185],[-75.05017,40.01194],[-75.05,40.01201],[-75.04983,40.01211],[-75.04978,40.01212],[-75.04941,40.01229],[-75.04936,40.01229],[-75.04925,40.01231],[-75.04913,40.01235],[-75.04901,40.01239],[-75.0489,40.01246],[-75.04881,40.01252],[-75.0487,40.01255],[-75.04851,40.01266],[-75.04841,40.01271],[-75.04835,40.01275],[-75.04832,40.01277],[-75.04827,40.01271],[-75.04819,40.01275],[-75.04821,40.01277],[-75.04784,40.01295],[-75.04782,40.01298],[-75.04777,40.01299],[-75.04771,40.01301],[-75.04763,40.01306],[-75.04759,40.0131],[-75.04754,40.01313],[-75.04752,40.01315],[-75.04748,40.01318],[-75.04745,40.0132],[-75.04746,40.01322],[-75.04759,40.01335],[-75.04753,40.0134],[-75.04745,40.01343],[-75.04732,40.01348],[-75.04729,40.01349],[-75.0472,40.01355],[-75.04711,40.01363],[-75.04701,40.0137],[-75.04692,40.01377],[-75.04681,40.01384],[-75.04671,40.0139],[-75.04662,40.01395],[-75.04658,40.01401],[-75.04654,40.01406],[-75.04648,40.01409],[-75.04641,40.01413],[-75.04632,40.01416],[-75.04621,40.01418],[-75.04614,40.0142],[-75.04605,40.01422],[-75.04592,40.01407],[-75.04582,40.01412],[-75.04606,40.01439],[-75.04595,40.01444],[-75.04586,40.0145],[-75.04581,40.01454],[-75.04578,40.01458],[-75.04569,40.01461],[-75.04561,40.01464],[-75.04558,40.01465],[-75.04548,40.0147],[-75.04541,40.01476],[-75.04532,40.01485],[-75.04523,40.01491],[-75.04516,40.01494],[-75.04502,40.01501],[-75.04489,40.01509],[-75.04478,40.01517],[-75.04464,40.01526],[-75.0445,40.01533],[-75.04435,40.0154],[-75.0442,40.01545],[-75.04407,40.01546],[-75.04394,40.01549],[-75.0438,40.01553],[-75.04377,40.01554],[-75.0436,40.01562],[-75.04345,40.01568],[-75.0433,40.01575],[-75.04314,40.01581],[-75.04306,40.01582],[-75.04299,40.01587],[-75.04294,40.01593],[-75.04282,40.01599],[-75.04273,40.01605],[-75.04258,40.01612],[-75.0424,40.01619],[-75.04232,40.01621],[-75.04217,40.01628],[-75.04203,40.01635],[-75.04188,40.0164],[-75.04172,40.01648],[-75.04158,40.01653],[-75.04141,40.01655],[-75.04138,40.01654],[-75.04133,40.01652],[-75.04131,40.01653],[-75.04128,40.01649],[-75.04119,40.01656],[-75.04105,40.01663],[-75.04088,40.0167],[-75.0407,40.01676],[-75.04046,40.01686],[-75.04033,40.01692],[-75.0403,40.01694],[-75.04025,40.01697],[-75.04015,40.017],[-75.04011,40.01702],[-75.03989,40.01712],[-75.0396,40.01725],[-75.03915,40.01744],[-75.03896,40.01753],[-75.03875,40.01762],[-75.03867,40.01767],[-75.03853,40.01772],[-75.03844,40.01775],[-75.03835,40.01777],[-75.03828,40.01779],[-75.03822,40.01783],[-75.03814,40.01786],[-75.03804,40.0179],[-75.03801,40.0179],[-75.03791,40.01794],[-75.03785,40.01796],[-75.03772,40.01801],[-75.03756,40.01809],[-75.03748,40.01813],[-75.03744,40.01815],[-75.03741,40.01818],[-75.03738,40.01821],[-75.03734,40.01824],[-75.03729,40.01828],[-75.03722,40.01831],[-75.03717,40.01833],[-75.03711,40.01834],[-75.03703,40.01837],[-75.03696,40.01838],[-75.0369,40.01838],[-75.03682,40.0184],[-75.03674,40.01844],[-75.03665,40.01848],[-75.03663,40.01851],[-75.03661,40.01854],[-75.03656,40.01858],[-75.03654,40.0186],[-75.03651,40.01863],[-75.03605,40.01878],[-75.03602,40.01879],[-75.03593,40.0188],[-75.03566,40.0189],[-75.03525,40.01903],[-75.03515,40.01905],[-75.03453,40.01931],[-75.0345,40.01931],[-75.03444,40.01932],[-75.03435,40.01934],[-75.03425,40.01937],[-75.03414,40.0194],[-75.03404,40.01944],[-75.03394,40.01949],[-75.03384,40.01952],[-75.03376,40.01954],[-75.03369,40.01955],[-75.03363,40.01955],[-75.03359,40.01957],[-75.03352,40.01959],[-75.03346,40.0196],[-75.03331,40.01962],[-75.03319,40.01965],[-75.03308,40.01969],[-75.033,40.0197],[-75.0329,40.01971],[-75.03284,40.01973],[-75.03276,40.01976],[-75.03273,40.01978],[-75.03268,40.01985],[-75.03262,40.01988],[-75.03258,40.01992],[-75.03255,40.01995],[-75.03253,40.01999],[-75.03252,40.02003],[-75.03248,40.02005],[-75.03244,40.02005],[-75.03241,40.02003],[-75.03239,40.02],[-75.03237,40.01996],[-75.03237,40.01993],[-75.03236,40.01991],[-75.03232,40.01991],[-75.03228,40.01992],[-75.03225,40.01994],[-75.03228,40.01996],[-75.0323,40.02],[-75.03228,40.02004],[-75.03224,40.02006],[-75.03222,40.02005],[-75.0322,40.02001],[-75.03219,40.01999],[-75.03214,40.02001],[-75.0321,40.02004],[-75.03207,40.02007],[-75.0321,40.02009],[-75.03215,40.02012],[-75.03217,40.02013],[-75.03212,40.02015],[-75.03206,40.02016],[-75.03199,40.02018],[-75.03193,40.02019],[-75.03188,40.02021],[-75.03183,40.02024],[-75.03179,40.02027],[-75.03178,40.02029],[-75.03174,40.0203],[-75.03169,40.02034],[-75.03163,40.02037],[-75.03157,40.02039],[-75.03153,40.02041],[-75.03145,40.02042],[-75.0314,40.02041],[-75.03134,40.0204],[-75.03127,40.0204],[-75.03121,40.02041],[-75.03115,40.02041],[-75.03106,40.02041],[-75.03101,40.02039],[-75.03098,40.02038],[-75.03096,40.02034],[-75.03094,40.02032],[-75.03091,40.0203],[-75.03088,40.0203],[-75.03085,40.0203],[-75.03076,40.02019],[-75.03057,40.02013],[-75.03052,40.02014],[-75.03051,40.02031],[-75.03055,40.02035],[-75.03045,40.02042],[-75.03041,40.0204],[-75.03036,40.0204],[-75.03031,40.0204],[-75.03027,40.02041],[-75.03022,40.02043],[-75.0302,40.02045],[-75.03019,40.0205],[-75.03025,40.02062],[-75.03044,40.02093],[-75.03055,40.02102],[-75.03064,40.02112],[-75.03067,40.02119],[-75.03065,40.02128],[-75.03057,40.0214],[-75.03045,40.02149],[-75.0301,40.02169],[-75.02954,40.02188],[-75.0292,40.02198],[-75.0291,40.02198],[-75.02901,40.02204],[-75.02896,40.02212],[-75.02889,40.02217],[-75.02884,40.02218],[-75.02873,40.02214],[-75.02763,40.02066],[-75.02756,40.02064],[-75.0275,40.02063],[-75.02744,40.02062],[-75.0274,40.02062],[-75.02727,40.02064],[-75.02709,40.02067],[-75.0269,40.02069],[-75.02679,40.0207],[-75.02667,40.0207],[-75.02656,40.02071],[-75.02646,40.02071],[-75.02638,40.02072],[-75.02633,40.02072],[-75.02618,40.02078],[-75.02601,40.02085],[-75.02593,40.02089],[-75.02586,40.02092],[-75.0258,40.02094],[-75.02575,40.02095],[-75.02563,40.02096],[-75.02552,40.02099],[-75.02543,40.02101],[-75.02536,40.02105],[-75.02531,40.0211],[-75.02526,40.02114],[-75.0252,40.02117],[-75.02515,40.02119],[-75.02499,40.02121],[-75.02485,40.02122],[-75.02473,40.02124],[-75.02461,40.02129],[-75.02451,40.02134],[-75.02444,40.02137],[-75.02438,40.0214],[-75.02433,40.02141],[-75.02427,40.02142],[-75.02425,40.02143],[-75.02418,40.02144],[-75.0241,40.02144],[-75.02401,40.02145],[-75.02394,40.02144],[-75.02385,40.02145],[-75.02378,40.02146],[-75.02371,40.02148],[-75.02351,40.02152],[-75.02338,40.02154],[-75.02331,40.02155],[-75.02327,40.02155],[-75.02324,40.02155],[-75.0232,40.02155],[-75.02317,40.02154],[-75.02274,40.02105],[-75.02253,40.0208],[-75.02249,40.02077],[-75.02244,40.02074],[-75.02239,40.02072],[-75.02232,40.0207],[-75.02233,40.02083],[-75.02234,40.02085],[-75.02244,40.02097],[-75.02278,40.02136],[-75.02302,40.02161],[-75.023,40.02163],[-75.02297,40.02166],[-75.02292,40.0217],[-75.02289,40.02173],[-75.02282,40.0218],[-75.02279,40.02182],[-75.02272,40.02185],[-75.02264,40.02186],[-75.02256,40.02188],[-75.0225,40.02189],[-75.02245,40.0219],[-75.02241,40.02191],[-75.02239,40.02194],[-75.02238,40.02196],[-75.0219,40.02211],[-75.02096,40.02105],[-75.02094,40.02104],[-75.02091,40.02103],[-75.02088,40.02103],[-75.02038,40.02129],[-75.02036,40.0213],[-75.02036,40.02132],[-75.02038,40.02135],[-75.02154,40.02266],[-75.02222,40.02343],[-75.02218,40.02345],[-75.02212,40.02348],[-75.02207,40.0235],[-75.02204,40.02353],[-75.022,40.02359],[-75.02198,40.02363],[-75.02195,40.02368],[-75.02194,40.02373],[-75.02194,40.02377],[-75.02193,40.0238],[-75.02196,40.02391],[-75.02196,40.02396],[-75.02195,40.02401],[-75.02194,40.02405],[-75.02193,40.02408],[-75.02191,40.02413],[-75.02189,40.02417],[-75.02187,40.02419],[-75.02184,40.02422],[-75.02183,40.02423],[-75.02173,40.02429],[-75.0217,40.0243],[-75.02165,40.02433],[-75.02127,40.0239],[-75.02047,40.02299],[-75.01927,40.02164],[-75.01924,40.02161],[-75.01923,40.0216],[-75.01919,40.02159],[-75.01917,40.02159],[-75.01912,40.02159],[-75.01862,40.0218],[-75.01811,40.02203],[-75.01694,40.02254],[-75.01691,40.02255],[-75.01558,40.02314],[-75.01545,40.0232],[-75.01554,40.02331],[-75.01555,40.02334],[-75.01552,40.02339],[-75.01548,40.02347],[-75.01536,40.02363],[-75.01527,40.02377],[-75.01518,40.02391],[-75.01514,40.02399],[-75.01513,40.02401],[-75.01512,40.02402],[-75.01508,40.02418],[-75.01507,40.02438],[-75.01507,40.02455],[-75.01508,40.02469],[-75.01511,40.02477],[-75.01513,40.02485],[-75.01518,40.02495],[-75.01528,40.02508],[-75.01551,40.02531],[-75.01555,40.02543],[-75.01559,40.0255],[-75.01564,40.02554],[-75.01566,40.02561],[-75.01565,40.02565],[-75.01564,40.02568],[-75.01562,40.02575],[-75.01559,40.0258],[-75.01549,40.02588],[-75.0153,40.02602],[-75.01428,40.02512],[-75.01406,40.02527],[-75.01514,40.02623],[-75.01513,40.02625],[-75.01484,40.02649],[-75.0147,40.02654],[-75.01461,40.02653],[-75.01453,40.0265],[-75.0144,40.02642],[-75.01411,40.02621],[-75.01366,40.02597],[-75.01362,40.02596],[-75.0135,40.02591],[-75.01341,40.02586],[-75.01336,40.02585],[-75.0133,40.02586],[-75.01325,40.02588],[-75.01322,40.02592],[-75.01321,40.02596],[-75.0133,40.02616],[-75.01328,40.02625],[-75.01325,40.0263],[-75.01318,40.02637],[-75.01309,40.02643],[-75.01259,40.0267],[-75.01225,40.0269],[-75.01196,40.02708],[-75.01081,40.02772],[-75.01049,40.02791],[-75.00977,40.02831],[-75.00947,40.02848],[-75.00919,40.02864],[-75.00853,40.02897],[-75.00832,40.02906],[-75.00817,40.02913],[-75.00802,40.02922],[-75.00784,40.02936],[-75.00772,40.02942],[-75.00759,40.02949],[-75.00743,40.02957],[-75.00716,40.02972],[-75.0069,40.02987],[-75.00665,40.03],[-75.00647,40.03011],[-75.00631,40.0302],[-75.0062,40.03026],[-75.00604,40.03033],[-75.00592,40.0304],[-75.00578,40.03048],[-75.00568,40.03055],[-75.00564,40.0306],[-75.0056,40.03067],[-75.0056,40.03072],[-75.00561,40.0308],[-75.00562,40.03082],[-75.00565,40.03088],[-75.00563,40.03094],[-75.0056,40.031],[-75.00549,40.03109],[-75.00546,40.03111],[-75.00533,40.03119],[-75.00522,40.03127],[-75.00509,40.03135],[-75.00498,40.03144],[-75.00487,40.03152],[-75.00471,40.03169],[-75.00465,40.03179],[-75.00457,40.03188],[-75.00455,40.03192],[-75.00456,40.03195],[-75.00464,40.03203],[-75.00473,40.03208],[-75.00485,40.03213],[-75.00497,40.03215],[-75.00508,40.03216],[-75.00519,40.03216],[-75.00529,40.03215],[-75.00549,40.03213],[-75.00559,40.03211],[-75.0057,40.03206],[-75.00582,40.03205],[-75.00592,40.03205],[-75.00636,40.03243],[-75.00626,40.0324],[-75.00611,40.03237],[-75.00563,40.03233],[-75.00547,40.03235],[-75.00528,40.03237],[-75.00506,40.03242],[-75.00488,40.03245],[-75.00477,40.03246],[-75.00463,40.03247],[-75.00435,40.03245],[-75.00425,40.03245],[-75.00402,40.03249],[-75.00353,40.03259],[-75.00329,40.03264],[-75.003,40.03271],[-75.00273,40.03278],[-75.00247,40.03286],[-75.00237,40.03294],[-75.00227,40.03305],[-75.00209,40.03315],[-75.00194,40.03324],[-75.00178,40.03333],[-75.00171,40.03339],[-75.00158,40.03346],[-75.00141,40.03351],[-75.00121,40.03359],[-75.00113,40.03364],[-75.00104,40.0337],[-75.0009,40.03378],[-75.00071,40.03386],[-75.00061,40.03396],[-75.00049,40.03404],[-75.00034,40.03409],[-75.00025,40.03411],[-75.00012,40.03413],[-75.00004,40.03414],[-74.99983,40.03416],[-74.99973,40.03418],[-74.99968,40.03421],[-74.99964,40.03425],[-74.99957,40.03433],[-74.99945,40.03442],[-74.99938,40.03448],[-74.99929,40.03453],[-74.99925,40.03455],[-74.99923,40.03456],[-74.99919,40.03455],[-74.99915,40.03452],[-74.99912,40.03452],[-74.9991,40.03452],[-74.99904,40.03447],[-74.99902,40.03445],[-74.99898,40.03444],[-74.99892,40.0344],[-74.99882,40.03447],[-74.99881,40.03453],[-74.99882,40.03458],[-74.99881,40.03461],[-74.99879,40.03463],[-74.99859,40.03478],[-74.99858,40.03479],[-74.99836,40.03495],[-74.99831,40.03498],[-74.9982,40.03506],[-74.99811,40.03512],[-74.99801,40.03519],[-74.99795,40.03525],[-74.99778,40.03538],[-74.99771,40.03543],[-74.99764,40.03548],[-74.99726,40.03578],[-74.99697,40.03599],[-74.99639,40.03642],[-74.99621,40.03657],[-74.99585,40.03683],[-74.99552,40.03708],[-74.99525,40.03729],[-74.995,40.03747],[-74.99493,40.03749],[-74.99487,40.03756],[-74.99461,40.03772],[-74.99452,40.03777],[-74.99443,40.03781],[-74.99434,40.03785],[-74.99423,40.03794],[-74.99417,40.038],[-74.9941,40.03812],[-74.99406,40.03815],[-74.99395,40.03827],[-74.99358,40.03855],[-74.99354,40.03863],[-74.99352,40.03865],[-74.99349,40.03865],[-74.9934,40.03873],[-74.99336,40.03887],[-74.99333,40.03899],[-74.99327,40.03918],[-74.99318,40.03932],[-74.99311,40.03945],[-74.99304,40.0395],[-74.99293,40.03954],[-74.99289,40.03964],[-74.9928,40.03978],[-74.99254,40.04008],[-74.99237,40.0402],[-74.99215,40.04038],[-74.99198,40.04058],[-74.99191,40.04067],[-74.99188,40.04074],[-74.99189,40.0408],[-74.99191,40.04086],[-74.99194,40.0409],[-74.9919,40.04098],[-74.99185,40.04102],[-74.99174,40.04097],[-74.99164,40.04096],[-74.99155,40.04096],[-74.99148,40.04099],[-74.99139,40.04104],[-74.99131,40.0411],[-74.99123,40.04115],[-74.99113,40.04121],[-74.99103,40.04128],[-74.99095,40.04136],[-74.99085,40.04142],[-74.99073,40.04148],[-74.99064,40.04153],[-74.99057,40.0416],[-74.9905,40.04165],[-74.99046,40.0417],[-74.99042,40.04174],[-74.99026,40.04187],[-74.99022,40.04193],[-74.99019,40.04198],[-74.99017,40.04203],[-74.9902,40.0421],[-74.99026,40.04217],[-74.99032,40.04223],[-74.99036,40.0423],[-74.99032,40.04236],[-74.9903,40.04239],[-74.99026,40.04244],[-74.99021,40.04246],[-74.99014,40.04249],[-74.98994,40.0426],[-74.98984,40.04266],[-74.98973,40.04273],[-74.98952,40.04283],[-74.98941,40.04286],[-74.98932,40.0429],[-74.98921,40.04295],[-74.989,40.04306],[-74.98889,40.04312],[-74.98876,40.04317],[-74.98865,40.04322],[-74.98853,40.04328],[-74.98843,40.04334],[-74.98831,40.04341],[-74.9882,40.04345],[-74.9881,40.0435],[-74.98789,40.04354],[-74.98778,40.04356],[-74.98767,40.04359],[-74.98756,40.04362],[-74.98749,40.04364],[-74.98737,40.04368],[-74.98724,40.04384],[-74.98712,40.04396],[-74.98704,40.04403],[-74.98694,40.0441],[-74.98683,40.04416],[-74.98672,40.04426],[-74.98663,40.04431],[-74.98653,40.04436],[-74.98593,40.04467],[-74.98581,40.04475],[-74.98568,40.04481],[-74.98558,40.04485],[-74.98544,40.04489],[-74.98536,40.04491],[-74.98532,40.04487],[-74.98523,40.04493],[-74.98517,40.04497],[-74.98513,40.04501],[-74.98513,40.04503],[-74.98517,40.04507],[-74.98518,40.0451],[-74.98517,40.04515],[-74.98516,40.04518],[-74.98508,40.04523],[-74.985,40.04529],[-74.98492,40.04534],[-74.98484,40.0454],[-74.98476,40.04545],[-74.98465,40.04551],[-74.98447,40.04559],[-74.98439,40.04562],[-74.98432,40.04565],[-74.98427,40.04568],[-74.98417,40.04573],[-74.98409,40.04577],[-74.984,40.04581],[-74.98393,40.04586],[-74.98385,40.0459],[-74.98377,40.04596],[-74.9836,40.04609],[-74.98353,40.04615],[-74.98346,40.04621],[-74.98339,40.04628],[-74.98332,40.04633],[-74.98325,40.04638],[-74.98317,40.04642],[-74.98312,40.04646],[-74.98308,40.04652],[-74.98303,40.04658],[-74.98296,40.04664],[-74.98291,40.04671],[-74.98284,40.04678],[-74.98278,40.04682],[-74.98272,40.04688],[-74.98264,40.04694],[-74.98256,40.04701],[-74.98247,40.04708],[-74.98241,40.04715],[-74.98234,40.04721],[-74.98227,40.04727],[-74.98219,40.04733],[-74.98203,40.04745],[-74.98195,40.04751],[-74.98187,40.04757],[-74.98173,40.04771],[-74.98165,40.04778],[-74.98157,40.04784],[-74.98147,40.04791],[-74.98139,40.04798],[-74.98133,40.04806],[-74.98126,40.04814],[-74.9812,40.0482],[-74.98105,40.04834],[-74.98096,40.0484],[-74.98089,40.04845],[-74.98081,40.04847],[-74.98074,40.04847],[-74.98066,40.04848],[-74.98059,40.0485],[-74.98054,40.04854],[-74.98056,40.0486],[-74.98055,40.04865],[-74.98051,40.04873],[-74.98045,40.0488],[-74.98038,40.04887],[-74.9803,40.04893],[-74.98023,40.04902],[-74.98018,40.04909],[-74.98014,40.04917],[-74.9801,40.04925],[-74.98003,40.04931],[-74.97999,40.04939],[-74.97996,40.04947],[-74.9799,40.04955],[-74.97983,40.04963],[-74.97976,40.04971],[-74.97969,40.04979],[-74.97962,40.04989],[-74.97955,40.04999],[-74.97948,40.05009],[-74.9794,40.05019],[-74.97933,40.0503],[-74.97926,40.05038],[-74.97917,40.05049],[-74.97909,40.05058],[-74.97892,40.05077],[-74.97884,40.05087],[-74.97865,40.05103],[-74.97861,40.05109],[-74.97854,40.05117],[-74.97851,40.0512],[-74.97845,40.05128],[-74.97842,40.05132],[-74.9784,40.05134],[-74.97839,40.05137],[-74.97838,40.0514],[-74.97832,40.05151],[-74.9783,40.05159],[-74.97829,40.05166],[-74.97827,40.05175],[-74.97826,40.05179],[-74.97823,40.05196],[-74.97824,40.05199],[-74.97825,40.05204],[-74.97827,40.05206],[-74.97828,40.05208],[-74.9783,40.0521],[-74.97832,40.05213],[-74.97836,40.05217],[-74.97838,40.0522],[-74.97841,40.05222],[-74.97844,40.05225],[-74.97847,40.05227],[-74.9785,40.05228],[-74.97857,40.05232],[-74.97859,40.05233],[-74.97862,40.05235],[-74.97868,40.05237],[-74.97842,40.05242],[-74.97819,40.0523],[-74.97792,40.05214],[-74.97628,40.05067],[-74.97601,40.05043],[-74.975,40.04951],[-74.97398,40.0486],[-74.97744,40.04572],[-74.97785,40.04538],[-74.97933,40.04446],[-74.98026,40.04387],[-74.98078,40.04355],[-74.98146,40.04294],[-74.98277,40.04178],[-74.98319,40.04141],[-74.98657,40.03897],[-74.98764,40.03819],[-74.9902,40.03635],[-74.99099,40.03578],[-74.99409,40.03342],[-74.9953,40.03257],[-74.9962,40.03194],[-74.99712,40.0313],[-74.99817,40.03052],[-75.00062,40.02871],[-75.00335,40.02727],[-75.00385,40.027],[-75.01037,40.0225],[-75.01242,40.02093],[-75.01324,40.02031],[-75.01378,40.02017],[-75.01522,40.01981],[-75.01667,40.01944],[-75.01965,40.01844],[-75.01999,40.0184],[-75.02112,40.01824],[-75.02121,40.01823],[-75.02265,40.01803],[-75.02407,40.01784],[-75.0275,40.01709],[-75.0298,40.01643],[-75.03058,40.0162],[-75.03094,40.0161],[-75.03137,40.01598],[-75.03192,40.01584],[-75.03422,40.01523],[-75.03521,40.01489],[-75.03829,40.01384],[-75.03839,40.0138],[-75.04127,40.01272],[-75.04289,40.01204],[-75.04297,40.01201],[-75.04305,40.01197],[-75.04323,40.0119],[-75.04488,40.0112],[-75.04709,40.00995],[-75.04712,40.00992],[-75.0499,40.00723],[-75.05223,40.00547],[-75.05341,40.00458],[-75.05371,40.00409],[-75.05403,40.00358],[-75.0567,39.99934],[-75.05809,39.99741],[-75.0585,39.99481],[-75.05914,39.99334],[-75.05965,39.99215],[-75.05991,39.99154],[-75.05995,39.99146],[-75.06207,39.98866],[-75.06396,39.98631],[-75.06418,39.98604],[-75.06463,39.98564],[-75.06534,39.98502],[-75.06565,39.98474],[-75.0657,39.98469],[-75.06575,39.98465],[-75.06707,39.98349],[-75.06758,39.98313],[-75.06859,39.9824],[-75.0688,39.98225],[-75.07127,39.9805],[-75.07151,39.98037],[-75.07561,39.97805],[-75.0802,39.97703],[-75.08246,39.97626],[-75.08303,39.97606],[-75.08583,39.97511],[-75.08714,39.97502],[-75.08966,39.97484],[-75.09086,39.97475],[-75.09145,39.97467],[-75.09237,39.97454],[-75.09367,39.97436],[-75.09637,39.97399],[-75.09739,39.97371],[-75.10229,39.97239],[-75.10296,39.97216],[-75.10604,39.97111],[-75.10735,39.97062],[-75.10756,39.97054],[-75.10809,39.97034],[-75.11195,39.96873],[-75.11204,39.96869],[-75.11231,39.96858],[-75.11282,39.96837],[-75.11429,39.96775],[-75.11821,39.96595],[-75.1189,39.96556],[-75.11896,39.96554],[-75.11949,39.96538],[-75.12331,39.96307],[-75.12356,39.96291],[-75.12382,39.96275],[-75.12391,39.96271],[-75.12542,39.96197],[-75.1257,39.96183],[-75.12959,39.9593],[-75.12969,39.95924],[-75.13041,39.95875],[-75.13059,39.95862],[-75.13178,39.95733],[-75.13246,39.95636],[-75.1337,39.95463],[-75.13376,39.95447],[-75.13386,39.95423],[-75.13417,39.95342],[-75.13427,39.95316],[-75.13431,39.95307],[-75.13434,39.95298],[-75.13435,39.95295],[-75.13437,39.95291],[-75.13439,39.95287],[-75.13443,39.95275],[-75.13464,39.95223],[-75.13524,39.95069],[-75.13544,39.94941],[-75.13547,39.94919],[-75.13561,39.94832],[-75.13582,39.94698],[-75.13596,39.94607],[-75.136,39.94565],[-75.13627,39.94329],[-75.13626,39.94293],[-75.13626,39.94265],[-75.13627,39.94049],[-75.13625,39.94022],[-75.13622,39.93977],[-75.13621,39.93867],[-75.13623,39.93771],[-75.1362,39.9368],[-75.13618,39.93656],[-75.13619,39.9359],[-75.13606,39.9345],[-75.13606,39.93437],[-75.13607,39.93384],[-75.13609,39.93365],[-75.13615,39.93298],[-75.13607,39.9325],[-75.136,39.93206],[-75.13554,39.92925],[-75.13553,39.92917],[-75.13535,39.92867],[-75.1349,39.92736],[-75.13478,39.92702],[-75.13449,39.92618],[-75.1343,39.92579],[-75.13276,39.92254],[-75.13243,39.92186],[-75.13238,39.92174],[-75.13235,39.92167],[-75.13163,39.92015],[-75.13119,39.9192],[-75.13035,39.91741],[-75.13012,39.91706],[-75.12953,39.91619],[-75.12934,39.91591],[-75.12887,39.91479],[-75.12882,39.91467],[-75.1286,39.914],[-75.12825,39.91317],[-75.12838,39.91073],[-75.12846,39.9103],[-75.12854,39.9091],[-75.12867,39.90864],[-75.12889,39.90745],[-75.1289,39.90741],[-75.12893,39.90735],[-75.12925,39.90648],[-75.12931,39.90621],[-75.12952,39.90531],[-75.12955,39.90523],[-75.12956,39.90519],[-75.12959,39.90507],[-75.12964,39.90483],[-75.12974,39.90395],[-75.12991,39.90339],[-75.13006,39.9024],[-75.13073,39.90056],[-75.13136,39.89915],[-75.13192,39.8983],[-75.132,39.8982],[-75.1347,39.89462],[-75.1354,39.89307],[-75.13543,39.89302],[-75.13618,39.8918],[-75.1373,39.88997],[-75.13853,39.8889],[-75.13983,39.88833],[-75.14011,39.8882],[-75.14082,39.88754],[-75.14152,39.8869],[-75.14375,39.88501],[-75.14563,39.88451],[-75.14737,39.88393],[-75.14889,39.88374],[-75.15065,39.88351],[-75.15663,39.88304],[-75.16287,39.88266],[-75.16452,39.88263],[-75.16866,39.88251],[-75.16913,39.8825],[-75.17265,39.88243],[-75.17454,39.88237],[-75.17677,39.8823],[-75.1786,39.88225],[-75.18011,39.88221],[-75.18139,39.88213],[-75.18288,39.88199],[-75.18396,39.88189],[-75.18491,39.88174],[-75.18497,39.88173],[-75.18574,39.88162],[-75.18642,39.88145],[-75.18713,39.88129],[-75.18722,39.88128],[-75.18789,39.8811],[-75.18877,39.88084],[-75.18882,39.88082],[-75.1889,39.8808],[-75.18926,39.88067],[-75.1895,39.88058],[-75.1901,39.88036],[-75.19081,39.88004],[-75.19159,39.87962],[-75.19217,39.87931],[-75.19274,39.87901],[-75.19346,39.87856],[-75.19417,39.87812],[-75.19471,39.87775],[-75.19502,39.87753],[-75.19524,39.87737],[-75.19536,39.87728],[-75.19549,39.87718],[-75.19591,39.87682],[-75.19641,39.87643],[-75.19676,39.87611],[-75.19712,39.87583],[-75.19743,39.87552],[-75.19764,39.8753],[-75.19783,39.87514],[-75.19811,39.87487],[-75.19855,39.87445],[-75.19905,39.874],[-75.19947,39.87356],[-75.19986,39.87323],[-75.19994,39.87319],[-75.20409,39.87121],[-75.21146,39.86701],[-75.21604,39.87112],[-75.21602,39.87137]]]},"properties":{"kind":"water"}},{"type":"Feature","geometry":{"type":"Polygon","coordinates":[[[-75.20681,39.91719],[-75.20679,39.91724],[-75.20675,39.91725],[-75.20658,39.91726],[-75.20654,39.91725],[-75.20631,39.91719],[-75.206,39.91713],[-75.2058,39.91709],[-75.20573,39.91705],[-75.20575,39.91698],[-75.20583,39.91676],[-75.20594,39.9165],[-75.20597,39.91647],[-75.20601,39.91648],[-75.20617,39.91651],[-75.20625,39.91657],[-75.20638,39.91668],[-75.20652,39.91682],[-75.2068,39.91713],[-75.20681,39.91719]]]},"properties":{"kind":"water"}},{"type":"Feature","geometry":{"type":"Polygon","coordinates":[[[-75.19185,39.98285],[-75.19185,39.98313],[-75.19185,39.98332],[-75.19184,39.98343],[-75.19184,39.98354],[-75.19184,39.98363],[-75.19184,39.98368],[-75.19184,39.98374],[-75.19182,39.98379],[-75.1918,39.98384],[-75.19177,39.98389],[-75.19172,39.98394],[-75.19166,39.98399],[-75.1916,39.98402],[-75.19153,39.98405],[-75.19131,39.98412],[-75.19101,39.98422],[-75.19073,39.98431],[-75.19056,39.98436],[-75.19046,39.98438],[-75.19036,39.98439],[-75.19028,39.98439],[-75.19017,39.98439],[-75.18936,39.98428],[-75.18908,39.98424],[-75.18894,39.98423],[-75.18888,39.98422],[-75.18883,39.9842],[-75.18879,39.98415],[-75.18875,39.9841],[-75.18873,39.98405],[-75.18874,39.98396],[-75.18876,39.9839],[-75.18878,39.98383],[-75.18882,39.98371],[-75.18888,39.98362],[-75.18895,39.98356],[-75.18903,39.98349],[-75.18916,39.98343],[-75.18929,39.98338],[-75.18958,39.98328],[-75.18994,39.98316],[-75.19026,39.98306],[-75.19058,39.98295],[-75.19097,39.98282],[-75.1915,39.98265],[-75.19157,39.98262],[-75.19163,39.98261],[-75.1917,39.98262],[-75.19175,39.98263],[-75.19179,39.98266],[-75.19182,39.98269],[-75.19185,39.98273],[-75.19185,39.98276],[-75.19185,39.98285]]]},"properties":{"kind":"water"}},{"type":"Feature","geometry":{"type":"Polygon","coordinates":[[[-75.1962,39.98675],[-75.19603,39.98731],[-75.1959,39.98763],[-75.1957,39.98782],[-75.19544,39.98792],[-75.19379,39.988],[-75.19331,39.98811],[-75.19291,39.98818],[-75.19278,39.98806],[-75.19206,39.9841],[-75.19203,39.98352],[-75.19206,39.98278],[-75.19213,39.98266],[-75.19235,39.98266],[-75.19402,39.98312],[-75.19538,39.98421],[-75.19612,39.98611],[-75.1962,39.98637],[-75.1962,39.98675]]]},"properties":{"kind":"water"}},{"type":"Feature","geometry":{"type":"Polygon","coordinates":[[[-75.14339,39.99346],[-75.14339,39.99351],[-75.14334,39.99371],[-75.14332,39.99381],[-75.14329,39.99391],[-75.14327,39.99392],[-75.14324,39.99393],[-75.1432,39.99393],[-75.14308,39.99391],[-75.14293,39.99389],[-75.14276,39.99387],[-75.14239,39.99383],[-75.14225,39.99381],[-75.1422,39.9938],[-75.14217,39.99379],[-75.14215,39.99378],[-75.14212,39.99375],[-75.14211,39.99373],[-75.14212,39.99368],[-75.14218,39.9934],[-75.1422,39.99332],[-75.14221,39.9933],[-75.14222,39.99327],[-75.14225,39.99326],[-75.14229,39.99326],[-75.14235,39.99326],[-75.14256,39.99329],[-75.14281,39.99332],[-75.14293,39.99334],[-75.14333,39.99339],[-75.14337,39.99341],[-75.14339,39.99344],[-75.14339,39.99346]]]},"properties":{"kind":"water"}},{"type":"Feature","geometry":{"type":"Polygon","coordinates":[[[-75.2065,39.9175],[-75.20643,39.91769],[-75.2064,39.91774],[-75.20637,39.91777],[-75.20632,39.91782],[-75.20614,39.91779],[-75.20613,39.91776],[-75.2061,39.91773],[-75.20606,39.91771],[-75.20601,39.91771],[-75.20597,39.91772],[-75.20568,39.91764],[-75.20569,39.9176],[-75.2058,39.91727],[-75.20585,39.91727],[-75.20605,39.9173],[-75.20621,39.91733],[-75.20646,39.91739],[-75.20652,39.91743],[-75.2065,39.9175]]]},"properties":{"kind":"water"}},{"type":"Feature","geometry":{"type":"Polygon","coordinates":[[[-75.19632,39.97105],[-75.19629,39.97108],[-75.19619,39.97113],[-75.19615,39.97115],[-75.19607,39.9712],[-75.19598,39.97125],[-75.19594,39.97127],[-75.19585,39.97129],[-75.19575,39.97126],[-75.19571,39.97125],[-75.19563,39.97123],[-75.1955,39.97118],[-75.19549,39.97116],[-75.1955,39.97112],[-75.19553,39.97102],[-75.19552,39.97099],[-75.19549,39.97095],[-75.19545,39.9709],[-75.19542,39.97086],[-75.19539,39.9708],[-75.19537,39.97073],[-75.19536,39.97069],[-75.19533,39.97059],[-75.19534,39.97052],[-75.19534,39.97048],[-75.19535,39.97042],[-75.19536,39.97036],[-75.19538,39.97031],[-75.1954,39.97028],[-75.19544,39.97027],[-75.19549,39.97025],[-75.19557,39.97024],[-75.19566,39.97023],[-75.19575,39.97025],[-75.19585,39.97028],[-75.19595,39.97032],[-75.196,39.97036],[-75.19602,39.9704],[-75.196,39.97051],[-75.196,39.97056],[-75.19603,39.97058],[-75.19608,39.9706],[-75.19614,39.97061],[-75.1962,39.97062],[-75.19624,39.97064],[-75.19626,39.9707],[-75.19628,39.97078],[-75.19629,39.97089],[-75.19632,39.97097],[-75.19632,39.97102],[-75.19632,39.97105]],[[-75.196,39.97082],[-75.19599,39.97077],[-75.19598,39.97072],[-75.19594,39.97068],[-75.19588,39.97067],[-75.19582,39.97067],[-75.19577,39.97067],[-75.19573,39.9707],[-75.1957,39.97074],[-75.19567,39.97078],[-75.19568,39.97083],[-75.19572,39.97089],[-75.19573,39.97094],[-75.19576,39.971],[-75.19581,39.97101],[-75.19586,39.97102],[-75.19592,39.97099],[-75.19594,39.97097],[-75.19596,39.97094],[-75.19598,39.9709],[-75.196,39.97087],[-75.196,39.97082]]]},"properties":{"kind":"water"}},{"type":"Feature","geometry":{"type":"LineString","coordinates":[[-75.19233,39.95118],[-75.19227,39.95116],[-75.19207,39.95113],[-75.19201,39.95112],[-75.19191,39.95109],[-75.19187,39.95108],[-75.19184,39.95107],[-75.1918,39.95105],[-75.19171,39.95098],[-75.19168,39.95096],[-75.19165,39.95094],[-75.19163,39.95093],[-75.19159,39.95092],[-75.19156,39.95092],[-75.19141,39.95091],[-75.19135,39.9509],[-75.19129,39.95088],[-75.19124,39.95087],[-75.19121,39.95086],[-75.19118,39.95084],[-75.19108,39.95078],[-75.19103,39.95077],[-75.19099,39.95077],[-75.19096,39.95077],[-75.19092,39.95077],[-75.19087,39.95077],[-75.19082,39.95078],[-75.19077,39.95079],[-75.19072,39.95081],[-75.19066,39.95082],[-75.19061,39.95083],[-75.19056,39.95083],[-75.1905,39.95083],[-75.19045,39.95082],[-75.19039,39.95081],[-75.19033,39.95083],[-75.19026,39.95085],[-75.1902,39.95088],[-75.19016,39.95088],[-75.19013,39.95089],[-75.1901,39.9509],[-75.19006,39.9509],[-75.19003,39.9509],[-75.18999,39.9509],[-75.18996,39.95089],[-75.18993,39.95088],[-75.1899,39.95087],[-75.18987,39.95085],[-75.18983,39.95083],[-75.18978,39.95082],[-75.18974,39.95081],[-75.18969,39.95081],[-75.18963,39.95081],[-75.18958,39.9508],[-75.18952,39.95078],[-75.18947,39.95076],[-75.18944,39.95074],[-75.18942,39.95073],[-75.18939,39.95071],[-75.18936,39.95071],[-75.18932,39.9507],[-75.18929,39.9507],[-75.18926,39.95071],[-75.18923,39.95072],[-75.1892,39.95073],[-75.18916,39.95074],[-75.18911,39.95074],[-75.18906,39.95073],[-75.18902,39.95072],[-75.18898,39.9507],[-75.18894,39.95068],[-75.18891,39.95067],[-75.18887,39.95066],[-75.18884,39.95065],[-75.18882,39.95065],[-75.18879,39.95065],[-75.18876,39.95065],[-75.18874,39.95066],[-75.18872,39.95066]]},"properties":{"kind":"stream","name":"unnamed trib to Beaver Creek"}},{"type":"Feature","geometry":{"type":"LineString","coordinates":[[-75.1609,39.95362],[-75.16046,39.95347],[-75.16031,39.95324],[-75.16026,39.95299],[-75.16035,39.95272],[-75.16026,39.9524],[-75.16007,39.95216],[-75.16006,39.95188],[-75.15994,39.95171],[-75.16001,39.9515],[-75.1601,39.95128]]},"properties":{"kind":"stream","name":""}},{"type":"Feature","geometry":{"type":"LineString","coordinates":[[-75.17538,39.99658],[-75.17532,39.99657],[-75.17525,39.99657],[-75.17519,39.99656],[-75.17513,39.99655],[-75.17507,39.99654],[-75.17502,39.99653],[-75.17496,39.99651],[-75.1749,39.99649],[-75.17488,39.99648],[-75.17485,39.99647],[-75.17475,39.99641],[-75.17472,39.9964],[-75.17468,39.99638],[-75.17464,39.99637],[-75.17462,39.99637],[-75.17458,39.99637],[-75.17454,39.99638],[-75.1744,39.9964],[-75.17436,39.9964],[-75.17433,39.9964],[-75.17429,39.99639],[-75.17426,39.99638],[-75.17423,39.99635],[-75.17417,39.9963],[-75.17414,39.99627],[-75.1741,39.99626],[-75.17408,39.99625],[-75.17406,39.99624],[-75.17403,39.99624],[-75.17399,39.99624],[-75.17384,39.99626],[-75.17379,39.99626],[-75.17376,39.99626],[-75.17373,39.99626],[-75.1737,39.99625],[-75.17368,39.99624],[-75.17366,39.99622],[-75.17362,39.99618],[-75.17361,39.99616],[-75.17359,39.99615],[-75.17356,39.99613],[-75.17354,39.99613],[-75.17351,39.99612],[-75.17336,39.99611],[-75.17333,39.99611],[-75.17331,39.9961],[-75.17326,39.99608],[-75.17321,39.99604],[-75.17302,39.99591],[-75.17298,39.99589],[-75.17288,39.99585],[-75.17284,39.99582],[-75.17281,39.9958],[-75.17278,39.99578],[-75.17267,39.99566],[-75.17265,39.99565],[-75.17263,39.99563],[-75.17256,39.9956],[-75.17253,39.99559],[-75.17251,39.99558],[-75.1725,39.99556],[-75.17248,39.99554],[-75.17247,39.99551],[-75.17245,39.99547],[-75.17244,39.99542],[-75.17242,39.99537],[-75.17241,39.99531],[-75.1724,39.99525],[-75.1724,39.9952],[-75.17235,39.99498],[-75.17234,39.99497],[-75.17232,39.99496],[-75.17228,39.99495],[-75.17217,39.99491],[-75.17215,39.9949],[-75.17214,39.99489],[-75.17212,39.99487],[-75.1721,39.99483],[-75.17199,39.99469],[-75.17199,39.99468],[-75.17199,39.99464],[-75.17199,39.99446],[-75.17198,39.99443],[-75.17198,39.99442],[-75.1719,39.99431],[-75.17189,39.99429],[-75.17187,39.99427],[-75.17183,39.99423],[-75.17173,39.9941],[-75.17168,39.99404],[-75.17166,39.99402],[-75.17163,39.994],[-75.1716,39.99398],[-75.17158,39.99398],[-75.17157,39.99397],[-75.17156,39.99397],[-75.17153,39.99394],[-75.17152,39.99393],[-75.17148,39.99392],[-75.17145,39.99391],[-75.17143,39.9939],[-75.1714,39.99388],[-75.17138,39.99387],[-75.17136,39.99385],[-75.17134,39.99383],[-75.17132,39.99381],[-75.17131,39.99379],[-75.1713,39.99376],[-75.17126,39.99364],[-75.17125,39.99362],[-75.17124,39.9936],[-75.17121,39.99357],[-75.17118,39.99354],[-75.17115,39.99352],[-75.17104,39.99346],[-75.17099,39.99342],[-75.17089,39.99334],[-75.17085,39.99331],[-75.17081,39.99328],[-75.1707,39.99323],[-75.17066,39.99321],[-75.17063,39.99318],[-75.17061,39.99317],[-75.1706,39.99316],[-75.1706,39.99314],[-75.17059,39.99311],[-75.17059,39.99303],[-75.17059,39.99301],[-75.17059,39.99299],[-75.17058,39.99297],[-75.17057,39.99295],[-75.17055,39.99294],[-75.17048,39.99289],[-75.17043,39.99285],[-75.17031,39.99278],[-75.17027,39.99275],[-75.17023,39.99271],[-75.17021,39.9927],[-75.1702,39.99268],[-75.17018,39.99265],[-75.17016,39.99259],[-75.17014,39.99256],[-75.17012,39.99253],[-75.17009,39.99249],[-75.16996,39.99235],[-75.16994,39.99232],[-75.16992,39.9923],[-75.16992,39.99227],[-75.16991,39.99223],[-75.16991,39.99221],[-75.16991,39.99218],[-75.16994,39.99207],[-75.16994,39.99202],[-75.16994,39.99198],[-75.16994,39.99193],[-75.16993,39.99188],[-75.16993,39.99182],[-75.16993,39.99177],[-75.16996,39.99165],[-75.16996,39.9916],[-75.16997,39.99154],[-75.16996,39.99148]]},"properties":{"kind":"stream","name":"Cohocksink Creek, trib"}},{"type":"Feature","geometry":{"type":"LineString","coordinates":[[-75.16653,39.95501],[-75.16635,39.95475],[-75.16632,39.95453],[-75.16658,39.95436],[-75.16655,39.95405],[-75.16666,39.95373],[-75.1665,39.95355],[-75.16633,39.95339],[-75.1662,39.95322],[-75.1663,39.95305],[-75.16638,39.953],[-75.16664,39.95292],[-75.16667,39.9527],[-75.167,39.95252],[-75.16722,39.95246]]},"properties":{"kind":"stream","name":""}},{"type":"Feature","geometry":{"type":"LineString","coordinates":[[-75.19692,39.98463],[-75.19694,39.98454],[-75.19697,39.98445],[-75.19698,39.9844],[-75.197,39.98425],[-75.19701,39.98418],[-75.19702,39.98415],[-75.19703,39.98412],[-75.19704,39.9841],[-75.19705,39.98409],[-75.19707,39.98408],[-75.19708,39.98406],[-75.19711,39.98406],[-75.19718,39.98403],[-75.1972,39.98402],[-75.19722,39.98401],[-75.19724,39.98399],[-75.19726,39.98397],[-75.19727,39.98395],[-75.19728,39.98393],[-75.1973,39.9839],[-75.19732,39.98381],[-75.19734,39.98377],[-75.19742,39.98356],[-75.19745,39.9835],[-75.19747,39.98345],[-75.1975,39.98341],[-75.19753,39.98337],[-75.19755,39.98334],[-75.19758,39.98331],[-75.19761,39.9833],[-75.19764,39.98328],[-75.19767,39.98327],[-75.19775,39.98326],[-75.19778,39.98325],[-75.19781,39.98324],[-75.19784,39.98322],[-75.19789,39.98318],[-75.19796,39.9831],[-75.19798,39.98308],[-75.19801,39.98306],[-75.19811,39.98299],[-75.19813,39.98297],[-75.19815,39.98295],[-75.19817,39.98293],[-75.19819,39.9829],[-75.19823,39.98281],[-75.19824,39.98278],[-75.19826,39.98276],[-75.19828,39.98274],[-75.1983,39.98272],[-75.19832,39.9827],[-75.19843,39.98263],[-75.19848,39.9826],[-75.19853,39.98255],[-75.19857,39.98252],[-75.19859,39.98248],[-75.19861,39.98245],[-75.19862,39.98243],[-75.19863,39.98239],[-75.19862,39.98236],[-75.19861,39.98228],[-75.19861,39.98225],[-75.19862,39.98222],[-75.19863,39.9822],[-75.19864,39.98218],[-75.19867,39.98216],[-75.1987,39.98214],[-75.19881,39.98208],[-75.19883,39.98207],[-75.19885,39.98205],[-75.19887,39.98202],[-75.19889,39.982],[-75.1989,39.98197],[-75.19891,39.98193],[-75.19893,39.98186],[-75.19895,39.98172],[-75.19895,39.9817],[-75.19895,39.98167],[-75.19894,39.98157],[-75.19894,39.98152],[-75.19894,39.9815],[-75.19895,39.98148],[-75.19895,39.98146],[-75.19896,39.98145],[-75.19898,39.98143],[-75.19901,39.98141],[-75.19904,39.98139],[-75.19911,39.98136],[-75.19914,39.98134],[-75.19916,39.98132],[-75.19918,39.98131],[-75.19919,39.98128],[-75.1992,39.98126],[-75.19921,39.98114],[-75.19925,39.98094],[-75.19929,39.98079],[-75.19933,39.98066],[-75.19937,39.98055],[-75.19941,39.98044],[-75.19946,39.98032],[-75.19952,39.98017],[-75.19964,39.97992]]},"properties":{"kind":"stream","name":"unnamed trib to Schuylkill River"}},{"type":"Feature","geometry":{"type":"LineString","coordinates":[[-75.13174,39.9902],[-75.1317,39.99015],[-75.13166,39.99011],[-75.13163,39.99006],[-75.1316,39.99001],[-75.13157,39.98996],[-75.13155,39.98991],[-75.13153,39.98985],[-75.13151,39.9898],[-75.13151,39.98978],[-75.1315,39.98975],[-75.1315,39.98965],[-75.1315,39.98962],[-75.13149,39.98958],[-75.13148,39.98956],[-75.13147,39.98953],[-75.13145,39.98951],[-75.13138,39.98942],[-75.13135,39.98938],[-75.13133,39.98933],[-75.13129,39.98923],[-75.13127,39.9892],[-75.13126,39.98918],[-75.13124,39.98915],[-75.1312,39.98913],[-75.13117,39.9891],[-75.13108,39.98905],[-75.13104,39.98902],[-75.13103,39.98901],[-75.13101,39.98899],[-75.131,39.98898],[-75.13099,39.98896],[-75.13099,39.98894],[-75.13099,39.98893],[-75.13099,39.98883],[-75.13099,39.98881],[-75.13098,39.98879],[-75.13097,39.98877],[-75.13096,39.98874],[-75.13094,39.98872],[-75.13087,39.98864],[-75.13085,39.98862],[-75.13084,39.98859],[-75.13082,39.98856],[-75.1308,39.98848],[-75.13079,39.98844],[-75.13078,39.98841],[-75.13076,39.98839],[-75.13074,39.98836],[-75.13072,39.98833],[-75.13067,39.98828],[-75.13055,39.98816],[-75.1305,39.9881],[-75.13039,39.98798],[-75.13037,39.98794],[-75.13035,39.98791],[-75.13034,39.98789],[-75.13034,39.98786],[-75.13033,39.98778],[-75.13033,39.98775],[-75.13032,39.98772],[-75.13031,39.9877],[-75.13029,39.98768],[-75.13027,39.98766],[-75.13017,39.98759],[-75.13014,39.98757],[-75.13006,39.9875],[-75.13002,39.98746],[-75.13,39.98743],[-75.12998,39.98739],[-75.12997,39.98737],[-75.12997,39.98735],[-75.12999,39.98726],[-75.12999,39.98724],[-75.12999,39.98721],[-75.12999,39.98719],[-75.12997,39.98717],[-75.12992,39.98712],[-75.1299,39.98709],[-75.12989,39.98706],[-75.12987,39.98698],[-75.12986,39.98695],[-75.12984,39.98691],[-75.12982,39.98687],[-75.1298,39.98684],[-75.12978,39.98681],[-75.12976,39.98679],[-75.12974,39.98677],[-75.12963,39.9867],[-75.12959,39.98667],[-75.12958,39.98665],[-75.12956,39.98662],[-75.12955,39.98659],[-75.12954,39.98652],[-75.12953,39.98649],[-75.12952,39.98647],[-75.12951,39.98646],[-75.1295,39.98645],[-75.12949,39.98644],[-75.12941,39.9864],[-75.12937,39.98638],[-75.12935,39.98637],[-75.12932,39.98637],[-75.12924,39.98636],[-75.12922,39.98636],[-75.1292,39.98635],[-75.12918,39.98634],[-75.12917,39.98633],[-75.12916,39.98632],[-75.12915,39.98629],[-75.12915,39.98622],[-75.12915,39.9862],[-75.12914,39.98617],[-75.12912,39.98614],[-75.12909,39.98612],[-75.12905,39.98608],[-75.12887,39.98597],[-75.1288,39.98591],[-75.12873,39.98586],[-75.12866,39.98583],[-75.1286,39.98579],[-75.12856,39.98578],[-75.12854,39.98577],[-75.12851,39.98575],[-75.12849,39.98573],[-75.12848,39.98571],[-75.12846,39.98568],[-75.12846,39.98566],[-75.12844,39.98562],[-75.12841,39.98558],[-75.12837,39.98555],[-75.12833,39.98552],[-75.12828,39.9855],[-75.12823,39.98548],[-75.12818,39.98547],[-75.12814,39.98547],[-75.12811,39.98547],[-75.12808,39.98545],[-75.12805,39.98544],[-75.12802,39.98542],[-75.128,39.9854],[-75.12795,39.98536],[-75.12793,39.98535],[-75.12791,39.98534],[-75.12788,39.98534],[-75.12785,39.98534],[-75.1278,39.98534],[-75.12774,39.98533],[-75.12768,39.98532],[-75.12763,39.9853],[-75.12758,39.98528],[-75.12754,39.98525],[-75.1275,39.98521],[-75.12747,39.98518],[-75.12744,39.98516],[-75.1274,39.98515],[-75.12723,39.9851],[-75.12715,39.98507],[-75.12711,39.98506],[-75.12709,39.98504],[-75.12707,39.98503],[-75.12701,39.98495],[-75.12698,39.98492],[-75.12695,39.98491],[-75.12692,39.9849],[-75.12689,39.98489],[-75.12683,39.98489],[-75.1268,39.98489],[-75.12677,39.98488],[-75.12674,39.98487],[-75.12672,39.98486],[-75.1267,39.98484],[-75.12661,39.98477],[-75.12658,39.98475],[-75.12655,39.98473],[-75.12653,39.98472],[-75.1265,39.98472],[-75.12647,39.98471],[-75.12635,39.98472],[-75.12631,39.98472],[-75.12628,39.98472],[-75.12625,39.98472],[-75.12623,39.9847],[-75.1262,39.98469],[-75.12618,39.98467],[-75.12613,39.98462],[-75.12611,39.9846],[-75.12609,39.98458],[-75.12606,39.98457],[-75.12598,39.98454],[-75.12595,39.98453],[-75.12592,39.98452],[-75.1259,39.98452],[-75.12588,39.98452],[-75.12577,39.98452],[-75.12574,39.98452],[-75.12572,39.98451],[-75.12568,39.9845],[-75.12564,39.98447],[-75.12558,39.98444],[-75.1255,39.98438],[-75.12538,39.98431]]},"properties":{"kind":"stream","name":"Gunner's Run, trib"}},{"type":"Feature","geometry":{"type":"LineString","coordinates":[[-75.20772,39.97068],[-75.20773,39.97078],[-75.20774,39.97088],[-75.20774,39.97096],[-75.20774,39.97103],[-75.20774,39.9711],[-75.20773,39.97115],[-75.20772,39.9712],[-75.2077,39.97123],[-75.20769,39.97124],[-75.20768,39.97126],[-75.20766,39.97127],[-75.20765,39.97128],[-75.20761,39.97129],[-75.20753,39.97132],[-75.2075,39.97134],[-75.20748,39.97135],[-75.20747,39.97136],[-75.20746,39.97137],[-75.20745,39.97139],[-75.20745,39.9714],[-75.20744,39.97142],[-75.20744,39.97152],[-75.20743,39.97154],[-75.20742,39.97156],[-75.20741,39.97157],[-75.2074,39.97158],[-75.20732,39.97163],[-75.2073,39.97166],[-75.20729,39.97166],[-75.20729,39.97167],[-75.20729,39.9717],[-75.20729,39.97173],[-75.2073,39.9718],[-75.2073,39.97183],[-75.2073,39.97185],[-75.20729,39.97187],[-75.20728,39.97187],[-75.20727,39.97188],[-75.20724,39.97189],[-75.2072,39.9719],[-75.20709,39.97191],[-75.20704,39.97192],[-75.207,39.97193],[-75.20699,39.97194],[-75.20698,39.97195],[-75.20697,39.97196],[-75.20695,39.97198],[-75.20688,39.9721],[-75.20686,39.97213],[-75.20684,39.97214],[-75.20682,39.97216],[-75.2068,39.97217],[-75.20677,39.97219],[-75.20673,39.9722],[-75.20665,39.97222],[-75.20645,39.97228],[-75.2064,39.97229],[-75.20637,39.97231],[-75.20631,39.97234],[-75.20625,39.97237],[-75.20619,39.97241],[-75.20613,39.97246],[-75.20611,39.97248],[-75.20605,39.97254],[-75.20604,39.97256],[-75.20602,39.97257],[-75.20599,39.97258],[-75.20596,39.97259],[-75.20592,39.9726],[-75.20582,39.97261],[-75.20578,39.97262],[-75.20575,39.97263],[-75.20572,39.97265],[-75.20569,39.97267],[-75.20566,39.9727],[-75.20564,39.97273],[-75.20558,39.97282],[-75.20556,39.97285],[-75.20554,39.97287],[-75.20552,39.97289],[-75.20545,39.97295],[-75.20543,39.97296],[-75.20542,39.97298],[-75.20541,39.973],[-75.20541,39.97303],[-75.20541,39.97306],[-75.20541,39.97314],[-75.20541,39.97316],[-75.20541,39.97318],[-75.20539,39.97321],[-75.20537,39.97324],[-75.20534,39.97327],[-75.20527,39.97334],[-75.20525,39.97337],[-75.20524,39.97339],[-75.20522,39.97341],[-75.2052,39.97342],[-75.20519,39.97343],[-75.20515,39.97343],[-75.20513,39.97344],[-75.20511,39.97345],[-75.20509,39.97347],[-75.20508,39.97348],[-75.20507,39.97349],[-75.20506,39.97352],[-75.20506,39.97356],[-75.20505,39.97364],[-75.20504,39.97368],[-75.20503,39.9737],[-75.20502,39.97372],[-75.20501,39.97373],[-75.205,39.97374],[-75.20487,39.97381],[-75.20478,39.97386],[-75.20472,39.97389],[-75.20468,39.9739],[-75.20467,39.97391],[-75.20466,39.97391],[-75.20465,39.97393],[-75.20465,39.97396],[-75.20464,39.97399],[-75.20464,39.97403],[-75.20464,39.97408],[-75.20464,39.97426],[-75.20461,39.97432],[-75.20457,39.97437],[-75.20453,39.97442],[-75.20448,39.97447],[-75.20442,39.97451],[-75.20435,39.97454],[-75.20429,39.97457],[-75.20421,39.97459],[-75.20417,39.9746],[-75.20412,39.97461],[-75.20392,39.97465],[-75.20389,39.97465],[-75.20385,39.97465],[-75.2038,39.97465],[-75.2037,39.97464],[-75.20365,39.97464],[-75.20363,39.97464],[-75.20361,39.97464],[-75.20359,39.97465],[-75.20358,39.97465],[-75.20357,39.97466],[-75.20356,39.97467],[-75.20354,39.9747],[-75.20353,39.97473],[-75.20352,39.9748],[-75.20351,39.97483],[-75.2035,39.97486],[-75.20348,39.97488],[-75.20346,39.9749],[-75.20343,39.97492],[-75.20339,39.97494],[-75.20327,39.975],[-75.20324,39.97502],[-75.20321,39.97504],[-75.20319,39.97506],[-75.20318,39.97509],[-75.20313,39.97519],[-75.20311,39.97522],[-75.20309,39.97525],[-75.20308,39.97526],[-75.20306,39.97527],[-75.20305,39.97527],[-75.20303,39.97528],[-75.20301,39.97528],[-75.20299,39.97528],[-75.20294,39.97528],[-75.20283,39.97528],[-75.20279,39.97527],[-75.20274,39.97528],[-75.20271,39.97528],[-75.20268,39.97529],[-75.20266,39.9753],[-75.20254,39.97537],[-75.20251,39.97538],[-75.20249,39.97539],[-75.20244,39.9754],[-75.20239,39.97541],[-75.20233,39.97542],[-75.20221,39.97542],[-75.20218,39.97542],[-75.20214,39.97541],[-75.2021,39.9754],[-75.20201,39.97537],[-75.20197,39.97536],[-75.20194,39.97536],[-75.20191,39.97536],[-75.20186,39.97537],[-75.20182,39.97538],[-75.20177,39.9754],[-75.20172,39.97543],[-75.20168,39.97545],[-75.20164,39.97548],[-75.20148,39.9756],[-75.20142,39.97565],[-75.20138,39.97566],[-75.20134,39.97569],[-75.20108,39.9758],[-75.20103,39.97582],[-75.20099,39.97584],[-75.20096,39.97586],[-75.20093,39.97587],[-75.2009,39.97588],[-75.20086,39.97589],[-75.2008,39.9759],[-75.20066,39.97591],[-75.20062,39.97592],[-75.20059,39.97593],[-75.20056,39.97594],[-75.20053,39.97595],[-75.2005,39.97596],[-75.20048,39.97598],[-75.20032,39.97611],[-75.20025,39.97616],[-75.2002,39.97618],[-75.20015,39.9762],[-75.2001,39.97621],[-75.2,39.97623]]},"properties":{"kind":"stream","name":"unnamed trib to Schuylkill River"}},{"type":"Feature","geometry":{"type":"LineString","coordinates":[[-75.15908,39.91202],[-75.15919,39.91202],[-75.1593,39.91202],[-75.15941,39.91201],[-75.15951,39.91199],[-75.15962,39.91197],[-75.15972,39.91193],[-75.15982,39.9119],[-75.15991,39.91185],[-75.16,39.9118],[-75.16008,39.91175],[-75.16017,39.91169],[-75.16027,39.91163],[-75.16037,39.91157],[-75.16048,39.91152],[-75.16058,39.91148],[-75.1607,39.91144],[-75.16081,39.91141],[-75.16092,39.91138],[-75.16102,39.91135],[-75.16112,39.91132],[-75.16121,39.91127],[-75.1613,39.91123],[-75.16139,39.91117],[-75.16146,39.91111],[-75.16151,39.91107],[-75.16155,39.91103],[-75.16161,39.91099],[-75.16167,39.91095],[-75.16173,39.91093],[-75.16179,39.9109],[-75.16186,39.91088],[-75.16204,39.91084],[-75.16222,39.9108],[-75.1624,39.91075],[-75.16259,39.91067],[-75.16277,39.91058],[-75.16295,39.91049],[-75.16313,39.91039],[-75.1633,39.91029],[-75.16341,39.91024],[-75.16351,39.91019],[-75.16361,39.91013],[-75.16371,39.91007],[-75.16379,39.91],[-75.16387,39.90992],[-75.16391,39.90985],[-75.16396,39.90978],[-75.16401,39.90971],[-75.16407,39.90964],[-75.16414,39.90958],[-75.16422,39.90953],[-75.16426,39.90948],[-75.16438,39.90924],[-75.16441,39.90919],[-75.16444,39.90914],[-75.16448,39.90909],[-75.16452,39.90905],[-75.16457,39.90901],[-75.16463,39.90897],[-75.16469,39.90894],[-75.16476,39.9089],[-75.16506,39.90876],[-75.16541,39.90854],[-75.16544,39.9085],[-75.16545,39.90845],[-75.16546,39.9084],[-75.16545,39.90836],[-75.16544,39.90831],[-75.16542,39.90818],[-75.16541,39.90805],[-75.1654,39.90792],[-75.16539,39.90779],[-75.16539,39.90774],[-75.16538,39.90769],[-75.16538,39.90751]]},"properties":{"kind":"stream","name":"Hay Creek"}},{"type":"Feature","geometry":{"type":"LineString","coordinates":[[-75.20903,39.99069],[-75.20897,39.99066],[-75.2089,39.99063],[-75.20884,39.99061],[-75.20877,39.99059],[-75.20873,39.99058],[-75.20865,39.99058],[-75.20861,39.99057],[-75.20858,39.99056],[-75.20849,39.99054],[-75.20845,39.99053],[-75.20842,39.99053],[-75.2084,39.99053],[-75.20828,39.99054],[-75.20822,39.99054],[-75.20817,39.99054],[-75.20804,39.99051],[-75.20799,39.9905],[-75.20791,39.9905],[-75.20788,39.9905],[-75.20786,39.9905],[-75.20784,39.99049],[-75.2078,39.99047],[-75.20777,39.99045],[-75.20769,39.99039],[-75.20766,39.99037],[-75.20764,39.99036],[-75.20761,39.99035],[-75.20753,39.99033],[-75.2075,39.99032],[-75.20749,39.99031],[-75.20745,39.99028],[-75.20742,39.99025],[-75.20739,39.99021],[-75.20736,39.99016],[-75.20735,39.99014],[-75.20732,39.99007],[-75.20728,39.98998],[-75.20726,39.98994],[-75.20723,39.9899],[-75.20722,39.98988],[-75.2072,39.98987],[-75.20718,39.98986],[-75.20716,39.98984],[-75.20705,39.9898],[-75.20702,39.98979],[-75.207,39.98978],[-75.20698,39.98977],[-75.20696,39.98975],[-75.2069,39.98969],[-75.20688,39.98966],[-75.20686,39.98965],[-75.20684,39.98963],[-75.20678,39.98961],[-75.20672,39.9896],[-75.20666,39.98958],[-75.20659,39.98958],[-75.20656,39.98958],[-75.20652,39.98958],[-75.20648,39.98959],[-75.2064,39.98962],[-75.20636,39.98962],[-75.20633,39.98963],[-75.20629,39.98963],[-75.20624,39.98962],[-75.20618,39.98961],[-75.20613,39.98959],[-75.20607,39.98956],[-75.20605,39.98955],[-75.20602,39.98953],[-75.20596,39.98946],[-75.20593,39.98944],[-75.20591,39.98942],[-75.20588,39.98941],[-75.20586,39.9894],[-75.20583,39.9894],[-75.20579,39.9894],[-75.20571,39.98941],[-75.20568,39.98941],[-75.20564,39.98941],[-75.20561,39.9894],[-75.20558,39.98939],[-75.20554,39.98937],[-75.2055,39.98935],[-75.2054,39.98928],[-75.20535,39.98925],[-75.20524,39.98916],[-75.20519,39.98913],[-75.20516,39.98911],[-75.20513,39.98909],[-75.2051,39.98908],[-75.20508,39.98907],[-75.20505,39.98907],[-75.20501,39.98906],[-75.20486,39.98905],[-75.20483,39.98905],[-75.20481,39.98904],[-75.20476,39.98902],[-75.20467,39.98898],[-75.20463,39.98896],[-75.20453,39.98893],[-75.20449,39.98892],[-75.20446,39.9889],[-75.20444,39.98888],[-75.20438,39.98881],[-75.20436,39.98879],[-75.20434,39.98877],[-75.20432,39.98876],[-75.20429,39.98875],[-75.20421,39.98874],[-75.20418,39.98873],[-75.20417,39.98872],[-75.20415,39.98871],[-75.20412,39.98868],[-75.2041,39.98865],[-75.20404,39.98856],[-75.20403,39.98854],[-75.20401,39.98852],[-75.20398,39.9885],[-75.20308,39.98818],[-75.20278,39.98808]]},"properties":{"kind":"stream","name":"unnamed trib to Schuylkill River"}},{"type":"Feature","geometry":{"type":"LineString","coordinates":[[-75.21388,39.94316],[-75.21386,39.94316],[-75.21384,39.94317],[-75.21381,39.94319],[-75.21379,39.94321],[-75.21376,39.94326],[-75.21373,39.94328],[-75.21371,39.9433],[-75.21367,39.94331],[-75.21367,39.94331],[-75.21363,39.94332],[-75.21358,39.94332],[-75.21353,39.94332],[-75.21347,39.94332],[-75.21344,39.94332],[-75.21336,39.94331],[-75.21333,39.94331],[-75.21332,39.94331],[-75.2133,39.94331],[-75.21328,39.94332],[-75.21322,39.94335],[-75.21319,39.94336],[-75.21315,39.94337],[-75.21311,39.94338],[-75.21307,39.94338],[-75.21297,39.94338],[-75.21293,39.94338],[-75.21289,39.94339],[-75.21286,39.9434],[-75.21284,39.94341],[-75.21282,39.94342],[-75.21275,39.94347],[-75.21273,39.94349],[-75.2127,39.9435],[-75.21268,39.94351],[-75.21258,39.94352],[-75.21253,39.94353],[-75.21248,39.94353],[-75.21244,39.94354],[-75.21239,39.94355],[-75.21235,39.94357],[-75.21232,39.94358],[-75.21222,39.94359],[-75.2122,39.9436],[-75.21219,39.9436],[-75.21215,39.94363],[-75.21209,39.94368],[-75.21206,39.9437],[-75.21204,39.94371],[-75.21202,39.94372],[-75.212,39.94372],[-75.21198,39.94372],[-75.21195,39.94372],[-75.21189,39.94371],[-75.21187,39.94371],[-75.21185,39.94371],[-75.21184,39.94372],[-75.21182,39.94373],[-75.21181,39.94374],[-75.21178,39.94376],[-75.21172,39.94384],[-75.2117,39.94386],[-75.21168,39.94387],[-75.21165,39.94388],[-75.21162,39.94389],[-75.21158,39.9439],[-75.21149,39.94392],[-75.21144,39.94393],[-75.21142,39.94394],[-75.2114,39.94395],[-75.21139,39.94396],[-75.21138,39.94397],[-75.21137,39.944],[-75.21135,39.94405],[-75.21134,39.94407],[-75.21132,39.94408],[-75.2113,39.94409],[-75.21128,39.9441],[-75.21121,39.94413],[-75.21119,39.94414],[-75.21117,39.94415],[-75.21108,39.94423],[-75.21106,39.94424],[-75.21103,39.94426],[-75.211,39.94427],[-75.21096,39.94428],[-75.21094,39.94429],[-75.21092,39.94429],[-75.21082,39.9443],[-75.21077,39.94431],[-75.21074,39.94432],[-75.21072,39.94433],[-75.21069,39.94435],[-75.21065,39.94438],[-75.21062,39.9444],[-75.2106,39.94441],[-75.21057,39.94442],[-75.21052,39.94443],[-75.21041,39.94443],[-75.21037,39.94443],[-75.21034,39.94444],[-75.21031,39.94445],[-75.21028,39.94447],[-75.21024,39.94449],[-75.21021,39.94452],[-75.21018,39.94455],[-75.21006,39.94467],[-75.21001,39.94471],[-75.20998,39.94474],[-75.20996,39.94475],[-75.20993,39.94477],[-75.20991,39.94478],[-75.20987,39.94479],[-75.20983,39.9448],[-75.20969,39.94483],[-75.20964,39.94484],[-75.20959,39.94486],[-75.20955,39.94488],[-75.20953,39.94489],[-75.20951,39.94491],[-75.20951,39.94492],[-75.2095,39.94495],[-75.2095,39.94497],[-75.20948,39.94498],[-75.20946,39.94499],[-75.20942,39.94501],[-75.20929,39.94507],[-75.20925,39.94509],[-75.20922,39.94511],[-75.20921,39.94512],[-75.2092,39.94514],[-75.20919,39.94516],[-75.20917,39.94521],[-75.20916,39.94524],[-75.20915,39.94526],[-75.20913,39.94527],[-75.20909,39.94529],[-75.20898,39.94534],[-75.20896,39.94535],[-75.20894,39.94537],[-75.20893,39.9454],[-75.20889,39.94548],[-75.20888,39.9455],[-75.20887,39.94551],[-75.20882,39.94555],[-75.20876,39.94558],[-75.2087,39.94561],[-75.20861,39.94564]]},"properties":{"kind":"stream","name":"unnamed trib to Mill Creek"}},{"type":"Feature","geometry":{"type":"LineString","coordinates":[[-75.16147,39.94422],[-75.16108,39.94431],[-75.16078,39.94445],[-75.1606,39.94472],[-75.16057,39.94498]]},"properties":{"kind":"stream","name":"Shackaminsing Creek"}},{"type":"Feature","geometry":{"type":"LineString","coordinates":[[-75.15622,39.94601],[-75.15622,39.94629],[-75.15618,39.94652],[-75.15625,39.94661],[-75.15656,39.94672],[-75.15698,39.94669],[-75.15727,39.94684],[-75.15779,39.94694],[-75.15837,39.94737],[-75.15843,39.94763],[-75.15872,39.94782],[-75.15945,39.94799],[-75.15986,39.9483],[-75.16058,39.94852],[-75.16084,39.94859],[-75.16106,39.94868],[-75.16126,39.94891],[-75.16136,39.94918],[-75.16175,39.94944],[-75.16177,39.94959],[-75.16186,39.94978],[-75.16205,39.94991],[-75.16211,39.95],[-75.16208,39.95043],[-75.16214,39.95065],[-75.16238,39.95079],[-75.16368,39.95095],[-75.16385,39.95092],[-75.16395,39.95084],[-75.16447,39.95056]]},"properties":{"kind":"stream","name":"Dock Creek"}},{"type":"Feature","geometry":{"type":"LineString","coordinates":[[-75.15571,39.99348],[-75.15569,39.99348],[-75.15566,39.99348],[-75.15563,39.99347],[-75.1556,39.99346],[-75.15553,39.99343],[-75.15543,39.99337],[-75.15507,39.99316],[-75.15486,39.99299],[-75.15475,39.9929],[-75.15467,39.99283],[-75.15464,39.9928],[-75.15462,39.99278]]},"properties":{"kind":"stream","name":"Cohocksink Creek, trib"}},{"type":"Feature","geometry":{"type":"MultiLineString","coordinates":[[[-75.13715,39.99898],[-75.13706,39.99898],[-75.13696,39.99898],[-75.13692,39.99898],[-75.13682,39.99896],[-75.13676,39.99896],[-75.13673,39.99897],[-75.13669,39.99897],[-75.13665,39.99898],[-75.13653,39.99901],[-75.13649,39.99902],[-75.13645,39.99902],[-75.13641,39.99902],[-75.13637,39.99902],[-75.13632,39.99901],[-75.13627,39.999],[-75.13617,39.99898],[-75.13599,39.99893],[-75.13587,39.99889],[-75.13574,39.99885],[-75.13554,39.99878],[-75.13549,39.99876],[-75.13545,39.99874],[-75.1354,39.99872],[-75.13536,39.99869],[-75.13533,39.99867],[-75.1353,39.99864],[-75.13528,39.99863],[-75.13523,39.99862],[-75.13521,39.99861],[-75.13519,39.99859],[-75.13517,39.99857],[-75.1351,39.99854],[-75.13492,39.99845],[-75.13487,39.99842],[-75.13482,39.99838],[-75.13452,39.99817],[-75.13447,39.99813],[-75.13441,39.9981],[-75.13423,39.998],[-75.13405,39.9979],[-75.13397,39.99786],[-75.13389,39.99782],[-75.1338,39.99778],[-75.13355,39.99768],[-75.13348,39.99766],[-75.13342,39.99764],[-75.13333,39.99762],[-75.13326,39.9976],[-75.1332,39.99759],[-75.13314,39.99759],[-75.13309,39.99758],[-75.13296,39.99757],[-75.13293,39.99756],[-75.13289,39.99757],[-75.13279,39.99758],[-75.13252,39.99762],[-75.13234,39.99765],[-75.13229,39.99765],[-75.13226,39.99766],[-75.13201,39.99767],[-75.13187,39.99767],[-75.13176,39.99767],[-75.13169,39.99767],[-75.13137,39.99771],[-75.13131,39.99771],[-75.13124,39.99772],[-75.13116,39.99772],[-75.13106,39.99772],[-75.13093,39.99772],[-75.13082,39.99771],[-75.13072,39.9977],[-75.13064,39.99768],[-75.13057,39.99766],[-75.13051,39.99764],[-75.13046,39.99762],[-75.13037,39.99757],[-75.1303,39.99754],[-75.13027,39.99752],[-75.13023,39.99748],[-75.13009,39.99735],[-75.13001,39.99728],[-75.12992,39.9972],[-75.12988,39.99716],[-75.12984,39.99713],[-75.1298,39.99711],[-75.12976,39.9971],[-75.12971,39.99708],[-75.12966,39.99707],[-75.12958,39.99706],[-75.12954,39.99705],[-75.12949,39.99704],[-75.12929,39.99703],[-75.12913,39.99702],[-75.12908,39.99701],[-75.12905,39.997],[-75.12903,39.99699],[-75.129,39.99698],[-75.12898,39.99696],[-75.12896,39.99695],[-75.12891,39.9969],[-75.12886,39.99685],[-75.12884,39.99682],[-75.1288,39.99674],[-75.12878,39.99672],[-75.12877,39.99671],[-75.12873,39.99668],[-75.12868,39.99664],[-75.12864,39.99662],[-75.12855,39.99658],[-75.12852,39.99656],[-75.12849,39.99654],[-75.12846,39.99652],[-75.12843,39.99649],[-75.1284,39.99646],[-75.12834,39.9964],[-75.12825,39.99628],[-75.1282,39.99623],[-75.12816,39.99618],[-75.12811,39.99614],[-75.12805,39.99609],[-75.12801,39.99606],[-75.12799,39.99605],[-75.12797,39.99604],[-75.12795,39.99604],[-75.12788,39.99603],[-75.12786,39.99602],[-75.12784,39.99601],[-75.12765,39.99591],[-75.12759,39.99587],[-75.12752,39.99583],[-75.12744,39.99577],[-75.12737,39.99571],[-75.12719,39.99556],[-75.12708,39.99548],[-75.12698,39.99541],[-75.12686,39.99533],[-75.12653,39.99512],[-75.12649,39.99509],[-75.12639,39.99504],[-75.12635,39.99502],[-75.12631,39.99499],[-75.12628,39.99496],[-75.12626,39.99494],[-75.12625,39.99492],[-75.12619,39.99482],[-75.12612,39.99471],[-75.12607,39.99465],[-75.12602,39.99458],[-75.12596,39.99451],[-75.12589,39.99445],[-75.12582,39.99438],[-75.12574,39.99431],[-75.12565,39.99424],[-75.12556,39.99417],[-75.12552,39.99414],[-75.12548,39.99412],[-75.12533,39.99403],[-75.12527,39.99399],[-75.12521,39.99395],[-75.12519,39.99393],[-75.12517,39.9939],[-75.12515,39.99389],[-75.12514,39.99387],[-75.12508,39.99377],[-75.12507,39.99374],[-75.12505,39.99372],[-75.12503,39.99371],[-75.12501,39.9937],[-75.12493,39.99365],[-75.1249,39.99363],[-75.12483,39.99357],[-75.12478,39.99353],[-75.12473,39.99349],[-75.1247,39.99344],[-75.12468,39.99342],[-75.12467,39.9934],[-75.12463,39.9933],[-75.12461,39.99326],[-75.12457,39.99323],[-75.12453,39.99319],[-75.12449,39.99316],[-75.12438,39.99309],[-75.12433,39.99305],[-75.12425,39.99297],[-75.12418,39.99291],[-75.12413,39.99286],[-75.12408,39.99281],[-75.12402,39.99274],[-75.12398,39.99269],[-75.12395,39.99264],[-75.12392,39.9926],[-75.1239,39.99256],[-75.12388,39.99251],[-75.12387,39.99246],[-75.12385,39.99242],[-75.12385,39.99238],[-75.12385,39.99228],[-75.12385,39.99226],[-75.12385,39.99224],[-75.12383,39.99221],[-75.12382,39.99218],[-75.1238,39.99214],[-75.12377,39.9921],[-75.12373,39.99205],[-75.12369,39.99201],[-75.12364,39.99197],[-75.12351,39.99187],[-75.12348,39.99184],[-75.12345,39.99181],[-75.12336,39.99173],[-75.12333,39.9917],[-75.12331,39.99166],[-75.12329,39.99163],[-75.12329,39.9916],[-75.12329,39.99153],[-75.12328,39.9915],[-75.12327,39.99146],[-75.12325,39.99143],[-75.12322,39.99139],[-75.12316,39.99132],[-75.12309,39.99123],[-75.12307,39.9912],[-75.12304,39.99118],[-75.12299,39.99113],[-75.12295,39.99109],[-75.1229,39.99105],[-75.12285,39.99099],[-75.12273,39.99084],[-75.12268,39.99079],[-75.12264,39.99075],[-75.12255,39.99067],[-75.12247,39.9906],[-75.12239,39.99053],[-75.12232,39.99047],[-75.12224,39.99042],[-75.12217,39.99037],[-75.1221,39.99032],[-75.12202,39.99028],[-75.12195,39.99025],[-75.12188,39.99021],[-75.12181,39.99018],[-75.12173,39.99015],[-75.1216,39.9901],[-75.12151,39.99007],[-75.12143,39.99005],[-75.12139,39.99004],[-75.12135,39.99003],[-75.12126,39.99002],[-75.12117,39.99002],[-75.12107,39.99003],[-75.12097,39.99004],[-75.12089,39.99006],[-75.12082,39.99008],[-75.12075,39.9901],[-75.1207,39.99012],[-75.12067,39.99013],[-75.12064,39.99015],[-75.12061,39.99017],[-75.12058,39.99019],[-75.12053,39.99024],[-75.12041,39.99035],[-75.12029,39.99046],[-75.12021,39.99054],[-75.12002,39.99075],[-75.11993,39.99085],[-75.11985,39.99095],[-75.11978,39.99104],[-75.1197,39.99115],[-75.11961,39.99125],[-75.11951,39.99135],[-75.11938,39.99148],[-75.11925,39.99161],[-75.11922,39.99165],[-75.11918,39.99167],[-75.119,39.99179],[-75.11895,39.99182],[-75.1189,39.99185],[-75.11875,39.99193],[-75.11847,39.99199],[-75.11835,39.99202],[-75.11828,39.99203],[-75.11813,39.99206],[-75.11806,39.99208],[-75.11802,39.99209],[-75.11799,39.99211],[-75.11797,39.99212],[-75.11795,39.99214],[-75.11792,39.99217],[-75.11789,39.9922],[-75.11785,39.99223],[-75.11782,39.99225],[-75.11778,39.99228],[-75.11774,39.9923],[-75.1177,39.99232],[-75.11765,39.99234],[-75.11753,39.9924],[-75.11743,39.99244],[-75.11734,39.99247],[-75.11725,39.99249],[-75.11719,39.99251],[-75.11705,39.99253],[-75.11701,39.99253],[-75.11698,39.99254],[-75.11686,39.99259],[-75.11681,39.9926],[-75.11671,39.99263],[-75.11668,39.99264],[-75.11665,39.99265],[-75.1165,39.99272],[-75.11645,39.99274],[-75.11641,39.99276],[-75.11636,39.99278],[-75.11632,39.99279],[-75.11627,39.9928],[-75.11623,39.9928],[-75.11618,39.99281],[-75.11614,39.99282],[-75.11611,39.99283],[-75.11607,39.99284],[-75.11605,39.99285],[-75.116,39.99285],[-75.11595,39.99286],[-75.11584,39.99286],[-75.11551,39.99287],[-75.11536,39.99287],[-75.11528,39.99288],[-75.11522,39.99288],[-75.11517,39.99289],[-75.11513,39.9929],[-75.11509,39.99291],[-75.11505,39.99292],[-75.1149,39.99294],[-75.11485,39.99295],[-75.11479,39.99296],[-75.11477,39.99297],[-75.11475,39.99298],[-75.1147,39.99301],[-75.11467,39.99302],[-75.11465,39.99304],[-75.11462,39.99308],[-75.11456,39.99315],[-75.11447,39.99326],[-75.11442,39.99333],[-75.11437,39.99338],[-75.11434,39.9934],[-75.11431,39.99342],[-75.11425,39.99347],[-75.11419,39.99351],[-75.11412,39.99354],[-75.11406,39.99358],[-75.11399,39.99361],[-75.11393,39.99364],[-75.11386,39.99367],[-75.1138,39.9937],[-75.11373,39.99372],[-75.11365,39.99374],[-75.11355,39.99375],[-75.11335,39.99378],[-75.11326,39.9938],[-75.11317,39.99382],[-75.11309,39.99384],[-75.11301,39.99387],[-75.11293,39.99391],[-75.11285,39.99395],[-75.11266,39.99405],[-75.11256,39.9941],[-75.11235,39.9942],[-75.11218,39.99427],[-75.11208,39.9943],[-75.11198,39.99434],[-75.11188,39.99437],[-75.11178,39.99441],[-75.11168,39.99444],[-75.11158,39.99446],[-75.11147,39.99449],[-75.11137,39.99452],[-75.11126,39.99454],[-75.11116,39.99456],[-75.11105,39.99458],[-75.11095,39.9946],[-75.11084,39.99461],[-75.11073,39.99463],[-75.11063,39.99464],[-75.11052,39.99465],[-75.11039,39.99466],[-75.1103,39.99466],[-75.11026,39.99466],[-75.11022,39.99466],[-75.11019,39.99465],[-75.11016,39.99465],[-75.11013,39.99464],[-75.1101,39.99463],[-75.11002,39.99459],[-75.10999,39.99457],[-75.10995,39.99455],[-75.10992,39.99452],[-75.10989,39.99449],[-75.10981,39.99435],[-75.10973,39.99403],[-75.10972,39.99391],[-75.1097,39.9938],[-75.10967,39.99368],[-75.10963,39.99357],[-75.10959,39.99346],[-75.10954,39.99335],[-75.10948,39.99324],[-75.10936,39.993],[-75.10923,39.99277],[-75.10909,39.99254],[-75.10901,39.99246],[-75.10895,39.99237],[-75.1089,39.99229],[-75.10885,39.9922],[-75.10881,39.9921],[-75.10878,39.99201],[-75.10876,39.99191],[-75.10875,39.99181],[-75.10875,39.99172],[-75.10875,39.99162],[-75.10877,39.99152],[-75.10879,39.99143],[-75.1088,39.99138],[-75.10879,39.99133],[-75.10878,39.99127],[-75.10872,39.99101],[-75.1087,39.99094],[-75.10852,39.99039],[-75.10834,39.99002],[-75.10832,39.98992],[-75.1083,39.98983],[-75.10829,39.98972],[-75.10827,39.98959],[-75.10827,39.98956],[-75.10827,39.98952],[-75.10828,39.98949],[-75.10829,39.98945],[-75.10831,39.98938],[-75.10837,39.9892],[-75.10839,39.98915],[-75.10841,39.9891],[-75.10844,39.98904],[-75.10848,39.98897],[-75.10852,39.98891],[-75.10857,39.98885],[-75.10862,39.9888],[-75.10868,39.98874],[-75.10874,39.98869],[-75.10881,39.98863],[-75.10903,39.98845],[-75.10911,39.98839],[-75.10919,39.98832],[-75.10927,39.98826],[-75.10936,39.9882],[-75.10945,39.98813],[-75.10965,39.988],[-75.11002,39.98776],[-75.11017,39.98766],[-75.11033,39.98755],[-75.11046,39.98745],[-75.11047,39.98744],[-75.11048,39.98742],[-75.11054,39.98725],[-75.11055,39.98722],[-75.11056,39.98721],[-75.11059,39.98718],[-75.11062,39.98715],[-75.11064,39.98711],[-75.11068,39.98704],[-75.1107,39.98701],[-75.11072,39.98697],[-75.11074,39.98695],[-75.11077,39.98691],[-75.11079,39.98688],[-75.11081,39.98685],[-75.11084,39.98675],[-75.11086,39.98672],[-75.11087,39.98669],[-75.111,39.98651],[-75.1113,39.98607],[-75.11138,39.98596],[-75.11145,39.98587],[-75.1115,39.98579],[-75.11157,39.98571],[-75.11164,39.98563],[-75.11171,39.98555],[-75.11179,39.98547],[-75.11187,39.98539],[-75.11197,39.9853],[-75.11209,39.98519],[-75.11217,39.98513],[-75.11226,39.98505],[-75.11236,39.98497],[-75.11269,39.98474],[-75.11279,39.98466],[-75.11288,39.98459],[-75.11295,39.98453],[-75.11302,39.98446],[-75.11334,39.98414],[-75.11341,39.98407],[-75.11349,39.98401],[-75.11366,39.98386],[-75.114,39.98358],[-75.11412,39.98348],[-75.11414,39.98347],[-75.11416,39.98344],[-75.11426,39.98334],[-75.11429,39.98332],[-75.11433,39.9833],[-75.11438,39.98328],[-75.11445,39.98325],[-75.1146,39.98319],[-75.1149,39.98308],[-75.11498,39.98305],[-75.11503,39.98303],[-75.11509,39.98299],[-75.11516,39.98295],[-75.11523,39.98291],[-75.11538,39.9828],[-75.11567,39.98259],[-75.11578,39.98251],[-75.11589,39.98244],[-75.11597,39.98239],[-75.11653,39.98206],[-75.1168,39.98189],[-75.11692,39.98182],[-75.11702,39.98175],[-75.1171,39.98169],[-75.11717,39.98164],[-75.11732,39.98152],[-75.11739,39.98146],[-75.11743,39.98143],[-75.11745,39.9814],[-75.11748,39.98137],[-75.1175,39.98134],[-75.11753,39.98129],[-75.11756,39.98123],[-75.11758,39.98117],[-75.11761,39.98108],[-75.11762,39.98104],[-75.11763,39.98099],[-75.11764,39.98094],[-75.11764,39.98089],[-75.11765,39.9808],[-75.11765,39.98059],[-75.11765,39.9805],[-75.11765,39.98043],[-75.11765,39.98028],[-75.11765,39.98021],[-75.11766,39.98013],[-75.11767,39.98007],[-75.11767,39.98007],[-75.11766,39.97979],[-75.11767,39.97977],[-75.11767,39.97974],[-75.11769,39.97963],[-75.1177,39.97959],[-75.11771,39.97955],[-75.11772,39.97952],[-75.11775,39.97949],[-75.11778,39.97945],[-75.11782,39.97941],[-75.11794,39.9793],[-75.11797,39.97927],[-75.11799,39.97924],[-75.11802,39.97918],[-75.11807,39.97903],[-75.1181,39.97897],[-75.11812,39.97894],[-75.11815,39.9789],[-75.11824,39.97878],[-75.11828,39.97873],[-75.1183,39.97868],[-75.11832,39.97864],[-75.11833,39.9786],[-75.11834,39.97856],[-75.11836,39.97839],[-75.11837,39.97833],[-75.11837,39.97829],[-75.11837,39.97825],[-75.11836,39.97813],[-75.11836,39.97808],[-75.11836,39.97804],[-75.11836,39.97801],[-75.11838,39.97794],[-75.11841,39.97787],[-75.11844,39.97781],[-75.11853,39.97764],[-75.11856,39.97759],[-75.1186,39.97753],[-75.11875,39.97732],[-75.11881,39.97723],[-75.11884,39.97718],[-75.11886,39.97714],[-75.11888,39.97709],[-75.11889,39.97705],[-75.1189,39.97697],[-75.11891,39.97682],[-75.11892,39.97673],[-75.11892,39.97652],[-75.11893,39.97643],[-75.11895,39.97638],[-75.11898,39.97631],[-75.11903,39.97623],[-75.11912,39.97609],[-75.11913,39.97607],[-75.11916,39.97605],[-75.11919,39.97603],[-75.11927,39.97598],[-75.11929,39.97596],[-75.11931,39.97594],[-75.11933,39.97593],[-75.11934,39.97592],[-75.11939,39.97589],[-75.11944,39.97587],[-75.11958,39.97581],[-75.11962,39.97579],[-75.11965,39.97577],[-75.1197,39.97573],[-75.11975,39.97569],[-75.11985,39.9756],[-75.11995,39.97551],[-75.12016,39.97529],[-75.12021,39.97524],[-75.12025,39.97519],[-75.1203,39.97513],[-75.12035,39.97506],[-75.12039,39.97501],[-75.12042,39.97495],[-75.12052,39.97476],[-75.12055,39.9747],[-75.12059,39.97465],[-75.12062,39.9746],[-75.12067,39.97453],[-75.12074,39.97446],[-75.12081,39.97438],[-75.12093,39.97426],[-75.12097,39.97423],[-75.121,39.97419],[-75.12105,39.97416],[-75.12109,39.97413],[-75.12114,39.9741],[-75.1212,39.97406],[-75.12133,39.97399],[-75.12248,39.97305],[-75.12244,39.973],[-75.12235,39.9729],[-75.12232,39.97286],[-75.12225,39.97278],[-75.12221,39.97273],[-75.1222,39.97271],[-75.12219,39.97268],[-75.12218,39.97265],[-75.12218,39.97263],[-75.12219,39.9726],[-75.12221,39.97256],[-75.12236,39.97231],[-75.12238,39.97227],[-75.12238,39.97226],[-75.12242,39.97212],[-75.12248,39.97197],[-75.12248,39.97195],[-75.12249,39.97193],[-75.12251,39.97183],[-75.12251,39.9718],[-75.12252,39.97176],[-75.12253,39.97171],[-75.12253,39.97166],[-75.12253,39.97161],[-75.12253,39.97155],[-75.12252,39.97143],[-75.12247,39.97116],[-75.12246,39.97109],[-75.12246,39.97102],[-75.12246,39.97088],[-75.12246,39.97077],[-75.12246,39.97068],[-75.12247,39.9706],[-75.12249,39.97045],[-75.1225,39.97036],[-75.12252,39.97027],[-75.12255,39.97019],[-75.12258,39.97012],[-75.12266,39.96998],[-75.12272,39.96988],[-75.12286,39.96963],[-75.12293,39.96952],[-75.12296,39.96946],[-75.12299,39.9694],[-75.12301,39.96935],[-75.12302,39.96929],[-75.12304,39.96921],[-75.12306,39.96913],[-75.12307,39.96904],[-75.12307,39.96894],[-75.12307,39.96884],[-75.12307,39.96874],[-75.12306,39.96862],[-75.12304,39.96848],[-75.12303,39.9684],[-75.12302,39.96833],[-75.123,39.96824],[-75.12298,39.96816],[-75.12293,39.96799],[-75.1228,39.9676],[-75.12274,39.9674],[-75.12269,39.96722],[-75.12264,39.96704],[-75.12258,39.9668],[-75.12257,39.96675],[-75.12255,39.9667],[-75.12252,39.96661],[-75.12246,39.9665],[-75.12238,39.96633],[-75.12224,39.96606]],[[-75.14667,40.01036],[-75.14667,40.01032],[-75.14667,40.01028],[-75.14667,40.01023],[-75.14666,40.01019],[-75.14665,40.01015],[-75.14664,40.01011],[-75.14662,40.01007],[-75.1466,40.01003],[-75.14657,40.00999],[-75.1465,40.00991],[-75.14648,40.00987],[-75.14644,40.00982],[-75.14641,40.00977],[-75.14638,40.00971],[-75.14636,40.00966],[-75.14634,40.00961],[-75.14633,40.00955],[-75.14633,40.0095],[-75.14632,40.00936],[-75.14631,40.0093],[-75.1463,40.00924],[-75.14628,40.0092],[-75.14625,40.00916],[-75.14623,40.00912],[-75.14612,40.00901],[-75.14609,40.00897],[-75.14607,40.00894],[-75.14605,40.00891],[-75.14604,40.00888],[-75.14603,40.00885],[-75.14599,40.00872],[-75.14597,40.00866],[-75.14592,40.00854],[-75.1459,40.00848],[-75.14588,40.00846],[-75.14586,40.00843],[-75.14584,40.00841],[-75.14582,40.00839],[-75.14577,40.00836],[-75.14574,40.00834],[-75.14572,40.00833],[-75.14569,40.00832],[-75.14566,40.00831],[-75.14564,40.00831],[-75.1456,40.00831],[-75.14557,40.00832],[-75.14554,40.00832],[-75.1454,40.00835],[-75.14535,40.00836],[-75.14529,40.00836],[-75.14527,40.00836],[-75.14525,40.00836],[-75.14516,40.00834],[-75.14508,40.00832],[-75.145,40.00829],[-75.14493,40.00825],[-75.14489,40.00823],[-75.14486,40.00821],[-75.14483,40.00818],[-75.14481,40.00816],[-75.14479,40.00813],[-75.14477,40.0081],[-75.14471,40.00798],[-75.14462,40.00778],[-75.14459,40.00774],[-75.14457,40.00769],[-75.14451,40.00761],[-75.1444,40.00746],[-75.14438,40.00742],[-75.14437,40.00739],[-75.14436,40.00737],[-75.14435,40.00733],[-75.14435,40.00725],[-75.14434,40.00721],[-75.14433,40.00716],[-75.14431,40.00712],[-75.14426,40.00703],[-75.14407,40.00675],[-75.14403,40.00669],[-75.14401,40.00665],[-75.144,40.00662],[-75.14399,40.00659],[-75.14397,40.00648],[-75.14396,40.00645],[-75.14395,40.00641],[-75.14393,40.00638],[-75.14393,40.00634],[-75.14392,40.0063],[-75.1439,40.00624],[-75.14385,40.00608],[-75.14384,40.00603],[-75.14383,40.00599],[-75.14383,40.00595],[-75.14381,40.00586],[-75.1438,40.00581],[-75.14381,40.00578],[-75.14381,40.00574],[-75.14384,40.00564],[-75.14385,40.0056],[-75.14385,40.00556],[-75.14385,40.00553],[-75.14384,40.00549],[-75.14383,40.00545],[-75.14381,40.0054],[-75.14379,40.00536],[-75.14377,40.00533],[-75.14374,40.0053],[-75.14372,40.00527],[-75.14364,40.00521],[-75.14361,40.00518],[-75.14359,40.00516],[-75.14358,40.00514],[-75.14357,40.00512],[-75.14357,40.0051],[-75.14357,40.00507],[-75.14358,40.00501],[-75.1436,40.00488],[-75.14361,40.00484],[-75.14361,40.0048],[-75.1436,40.00476],[-75.1436,40.00473],[-75.14358,40.0047],[-75.14358,40.00469],[-75.14356,40.00468],[-75.14347,40.00462],[-75.14346,40.00461],[-75.14345,40.00461],[-75.14344,40.00459],[-75.14343,40.00457],[-75.14341,40.00455],[-75.14333,40.00446],[-75.14331,40.00443],[-75.1433,40.00441],[-75.1433,40.00438],[-75.1433,40.00436],[-75.14331,40.00434],[-75.14334,40.0043],[-75.14335,40.00428],[-75.14335,40.00425],[-75.14335,40.00423],[-75.14335,40.0042],[-75.14334,40.00417],[-75.14333,40.00415],[-75.14331,40.00412],[-75.14323,40.00404],[-75.14321,40.00402],[-75.14319,40.00399],[-75.14318,40.00397],[-75.14318,40.00394],[-75.14318,40.00391],[-75.14318,40.00388],[-75.14318,40.00386],[-75.14319,40.00383],[-75.1432,40.00381],[-75.14321,40.00379],[-75.14322,40.00377],[-75.14323,40.00376],[-75.14325,40.00375],[-75.14329,40.00372],[-75.14333,40.0037],[-75.14343,40.00366],[-75.14346,40.00365],[-75.1435,40.00364],[-75.14362,40.00362],[-75.14367,40.00361],[-75.14369,40.0036],[-75.14371,40.00359],[-75.14373,40.00358],[-75.14374,40.00357],[-75.14379,40.00352],[-75.14384,40.00347],[-75.14387,40.00342],[-75.1439,40.00338],[-75.14391,40.00334],[-75.14391,40.0033],[-75.1439,40.00326],[-75.14388,40.00323],[-75.14386,40.00319],[-75.14383,40.00316],[-75.14381,40.00314],[-75.1438,40.00311],[-75.14379,40.00308],[-75.14378,40.00306],[-75.14378,40.00303],[-75.14379,40.00301],[-75.14379,40.00299],[-75.1438,40.00298],[-75.14384,40.00294],[-75.14385,40.00292],[-75.14386,40.0029],[-75.14386,40.00288],[-75.14387,40.00287],[-75.14386,40.00285],[-75.14386,40.00281],[-75.14383,40.00272],[-75.14382,40.00269],[-75.14381,40.00265],[-75.14382,40.00263],[-75.14382,40.00261],[-75.14383,40.00259],[-75.14387,40.00253],[-75.14388,40.0025],[-75.14389,40.00246],[-75.14389,40.00239],[-75.1439,40.00233],[-75.1439,40.00228],[-75.1439,40.00224],[-75.14389,40.0022],[-75.14388,40.00217],[-75.14386,40.0021],[-75.14385,40.00207],[-75.14385,40.00205],[-75.14385,40.00203],[-75.14386,40.00193],[-75.14386,40.00189],[-75.14385,40.00187],[-75.14384,40.00184],[-75.14382,40.00181],[-75.14377,40.00172],[-75.14375,40.00169],[-75.14374,40.00167],[-75.14374,40.00163],[-75.14374,40.00159],[-75.14374,40.00156],[-75.14376,40.00147],[-75.14376,40.00143],[-75.14376,40.00139],[-75.14376,40.00136],[-75.14375,40.00133],[-75.14373,40.0013],[-75.14371,40.00127],[-75.14363,40.00117],[-75.14361,40.00114],[-75.1436,40.00111],[-75.14359,40.00109],[-75.14359,40.00107],[-75.14359,40.00105],[-75.14359,40.00102],[-75.1436,40.00097],[-75.14364,40.00084],[-75.14365,40.00081],[-75.14365,40.00078],[-75.14365,40.00075],[-75.14364,40.00072],[-75.14363,40.0007],[-75.14361,40.00068],[-75.14358,40.00066],[-75.14351,40.00063],[-75.14349,40.00062],[-75.14346,40.0006],[-75.14344,40.00058],[-75.14339,40.00054],[-75.14336,40.00049],[-75.14333,40.00044],[-75.14333,40.00036],[-75.14332,40.00028],[-75.14331,40.00021],[-75.14328,40.00013],[-75.14325,40.00006],[-75.14321,39.99999],[-75.14316,39.99992],[-75.14311,39.99986],[-75.14304,39.9998],[-75.14297,39.99975],[-75.1429,39.9997],[-75.14282,39.99965],[-75.14273,39.99961],[-75.14264,39.99958],[-75.14262,39.99956],[-75.14259,39.99955],[-75.14256,39.99952],[-75.14253,39.99949],[-75.14251,39.99947],[-75.14249,39.99944],[-75.14247,39.99942],[-75.14246,39.99939],[-75.14244,39.99936],[-75.14243,39.99932],[-75.14241,39.99926],[-75.14241,39.99923],[-75.14242,39.9992],[-75.14242,39.99917],[-75.14245,39.9991],[-75.14246,39.99906],[-75.14246,39.99905],[-75.14245,39.99903],[-75.14245,39.99901],[-75.14244,39.999],[-75.14241,39.99896],[-75.14238,39.99893],[-75.14236,39.99892],[-75.14234,39.99891],[-75.14224,39.99889],[-75.14221,39.99887],[-75.14215,39.99884],[-75.1421,39.9988],[-75.14206,39.99876],[-75.14202,39.99871],[-75.142,39.99868],[-75.14199,39.99865],[-75.14198,39.99861],[-75.14196,39.9985],[-75.14195,39.99847],[-75.14193,39.99844],[-75.1419,39.99838],[-75.14187,39.99834],[-75.14185,39.99831],[-75.14182,39.99829],[-75.1418,39.99829],[-75.14179,39.99828],[-75.14175,39.99828],[-75.14171,39.99827],[-75.1416,39.99828],[-75.14157,39.99828],[-75.14154,39.99827],[-75.1415,39.99826],[-75.14146,39.99825],[-75.14141,39.99823],[-75.14132,39.99818],[-75.14128,39.99816],[-75.14124,39.99815],[-75.1412,39.99814],[-75.14113,39.99813],[-75.14103,39.99812],[-75.14096,39.99812],[-75.14094,39.99812],[-75.14092,39.99812],[-75.14091,39.99813],[-75.14089,39.99813],[-75.14083,39.99816],[-75.14081,39.99817],[-75.14077,39.99818],[-75.14073,39.99819],[-75.14069,39.9982],[-75.14064,39.9982],[-75.14058,39.99821],[-75.14052,39.99821],[-75.14046,39.9982],[-75.1404,39.9982],[-75.14034,39.99819],[-75.14029,39.99818],[-75.14025,39.99816],[-75.14021,39.99815],[-75.14017,39.99813],[-75.14008,39.99807],[-75.14004,39.99805],[-75.13991,39.998],[-75.13987,39.99798],[-75.13984,39.99797],[-75.1398,39.99797],[-75.13976,39.99798],[-75.13971,39.99798],[-75.13956,39.99802],[-75.13951,39.99802],[-75.13947,39.99803],[-75.1394,39.99802],[-75.13937,39.99802],[-75.13935,39.99802],[-75.13933,39.99803],[-75.1393,39.99804],[-75.13928,39.99805],[-75.13924,39.99807],[-75.13913,39.99813],[-75.1391,39.99814],[-75.13908,39.99815],[-75.13904,39.99816],[-75.13901,39.99817],[-75.13889,39.99819],[-75.13884,39.9982],[-75.1388,39.99821],[-75.13876,39.99823],[-75.13873,39.99824],[-75.13871,39.99827],[-75.13868,39.9983],[-75.13863,39.99837],[-75.1386,39.9984],[-75.13857,39.99842],[-75.13854,39.99844],[-75.1385,39.99845],[-75.1384,39.99847],[-75.13827,39.9985],[-75.13822,39.99852],[-75.13819,39.99853],[-75.13816,39.99854],[-75.13813,39.99856],[-75.1381,39.99857],[-75.13808,39.99859],[-75.13802,39.99864],[-75.13793,39.99874],[-75.13788,39.99877],[-75.13784,39.99881],[-75.13779,39.99884],[-75.1377,39.99888],[-75.13762,39.99892],[-75.13753,39.99895],[-75.13744,39.99898],[-75.13738,39.999],[-75.1373,39.99901],[-75.13723,39.99902],[-75.13714,39.99903]]]},"properties":{"kind":"stream","name":"Gunner's Run"}},{"type":"Feature","geometry":{"type":"LineString","coordinates":[[-75.14372,39.94495],[-75.14387,39.94507],[-75.14394,39.94559],[-75.14392,39.94589],[-75.14431,39.94639],[-75.1445,39.94647],[-75.14493,39.94652],[-75.14512,39.94686],[-75.14546,39.94735],[-75.14621,39.94776],[-75.14662,39.94783]]},"properties":{"kind":"stream","name":"Dock Creek"}},{"type":"Feature","geometry":{"type":"LineString","coordinates":[[-75.18216,39.98478],[-75.18193,39.98406],[-75.18183,39.98365]]},"properties":{"kind":"stream","name":"unnamed trib to Schuylkill River"}},{"type":"Feature","geometry":{"type":"LineString","coordinates":[[-75.16468,39.94913],[-75.165,39.94873],[-75.16538,39.94842],[-75.16565,39.94779],[-75.16588,39.94756],[-75.1661,39.94741],[-75.16644,39.9473],[-75.16663,39.94717],[-75.16686,39.94695],[-75.16685,39.9468],[-75.16703,39.94662],[-75.16707,39.94643],[-75.16708,39.94616]]},"properties":{"kind":"stream","name":"Shackaminsing Creek"}},{"type":"Feature","geometry":{"type":"LineString","coordinates":[[-75.18925,39.96509],[-75.18888,39.96539],[-75.18869,39.96555],[-75.18834,39.96575],[-75.1879,39.96596],[-75.18774,39.96621],[-75.18675,39.96741]]},"properties":{"kind":"stream","name":"unnamed trib to Schuylkill River"}},{"type":"Feature","geometry":{"type":"LineString","coordinates":[[-75.16646,39.9455],[-75.16675,39.94578],[-75.16708,39.94616],[-75.16748,39.94631],[-75.16789,39.9464],[-75.16812,39.94643],[-75.16837,39.94639],[-75.16861,39.9465],[-75.16889,39.94649],[-75.16916,39.9466],[-75.16942,39.9466],[-75.16969,39.94661],[-75.16994,39.94678],[-75.17008,39.94696],[-75.17029,39.94707],[-75.17042,39.94733],[-75.17031,39.94758],[-75.17037,39.9477],[-75.17023,39.94793],[-75.17031,39.94808],[-75.17034,39.94819],[-75.17025,39.94856],[-75.17047,39.94876],[-75.17087,39.94887],[-75.17124,39.94891],[-75.17191,39.94939],[-75.17231,39.94953]]},"properties":{"kind":"stream","name":"Shackaminsing Creek"}},{"type":"Feature","geometry":{"type":"LineString","coordinates":[[-75.13053,40.00136],[-75.13053,40.00134],[-75.13054,40.00132],[-75.13055,40.00131],[-75.1306,40.00128],[-75.13061,40.00127],[-75.13062,40.00126],[-75.13064,40.00122],[-75.13067,40.00114],[-75.13068,40.0011],[-75.1307,40.00107],[-75.13072,40.00104],[-75.13075,40.00101],[-75.13078,40.00099],[-75.13081,40.00098],[-75.1309,40.00094],[-75.13094,40.00091],[-75.13097,40.00089],[-75.13098,40.00088],[-75.13099,40.00087],[-75.131,40.00085],[-75.13101,40.00083],[-75.13102,40.00075],[-75.13104,40.00071],[-75.13106,40.00068],[-75.13112,40.00061],[-75.13113,40.00057],[-75.13114,40.00054],[-75.13115,40.00051],[-75.13115,40.00047],[-75.13115,40.00036],[-75.13115,40.00033],[-75.13116,40.0003],[-75.13117,40.00028],[-75.13118,40.00025],[-75.13124,40.00017],[-75.13126,40.00014],[-75.13127,40.00011],[-75.13128,40.00008],[-75.13128,40.00005],[-75.13127,40.00002],[-75.13126,39.99998],[-75.13123,39.99991],[-75.13122,39.99988],[-75.13122,39.99984],[-75.13122,39.99981],[-75.13122,39.99979],[-75.13123,39.99976],[-75.13128,39.99965],[-75.13128,39.99963],[-75.13129,39.99961],[-75.13128,39.99958],[-75.13128,39.99954],[-75.13126,39.99951],[-75.13122,39.99941],[-75.13121,39.99937],[-75.1312,39.99935],[-75.1312,39.99932],[-75.1312,39.99929],[-75.13122,39.99917],[-75.13122,39.99914],[-75.13122,39.99912],[-75.13121,39.99907],[-75.13119,39.99902],[-75.13116,39.99897],[-75.1311,39.99886],[-75.13107,39.99882],[-75.13098,39.99868],[-75.13097,39.99864],[-75.13096,39.9986],[-75.13095,39.99856],[-75.13094,39.99846],[-75.13094,39.99845],[-75.13094,39.99843],[-75.13096,39.99835],[-75.13096,39.99833],[-75.13096,39.99832],[-75.13096,39.99829],[-75.13095,39.99825],[-75.13093,39.99822],[-75.1309,39.99818],[-75.13089,39.99815],[-75.13086,39.99813],[-75.13082,39.99811],[-75.13073,39.99807],[-75.1307,39.99805],[-75.13067,39.99803],[-75.13064,39.99801],[-75.13063,39.99799],[-75.13063,39.99797],[-75.13063,39.99794],[-75.13064,39.99789],[-75.13064,39.99786],[-75.13064,39.99784],[-75.13064,39.99782],[-75.1306,39.99776],[-75.13059,39.99772],[-75.13058,39.99769],[-75.13058,39.99766]]},"properties":{"kind":"stream","name":"Gunner's Run, trib"}},{"type":"Feature","geometry":{"type":"LineString","coordinates":[[-75.1663,39.95305],[-75.16611,39.95301],[-75.16602,39.95283],[-75.16583,39.95271],[-75.1657,39.95256],[-75.16571,39.95238],[-75.16553,39.95224],[-75.16515,39.95201]]},"properties":{"kind":"stream","name":""}},{"type":"Feature","geometry":{"type":"LineString","coordinates":[[-75.18278,39.92174],[-75.18265,39.92151],[-75.1826,39.92133],[-75.1825,39.92122],[-75.18233,39.92115],[-75.18225,39.92111],[-75.18211,39.92099],[-75.18211,39.92083],[-75.18196,39.92072],[-75.1819,39.9206],[-75.18179,39.92049],[-75.18163,39.92043],[-75.18153,39.92039],[-75.18144,39.92031],[-75.18143,39.92022],[-75.18137,39.92017],[-75.1813,39.92011],[-75.18117,39.92002],[-75.18113,39.91993],[-75.1811,39.91985],[-75.18091,39.91978],[-75.1808,39.91978],[-75.18039,39.91955],[-75.18017,39.91944],[-75.18013,39.91941],[-75.18005,39.91937],[-75.17979,39.91922]]},"properties":{"kind":"stream","name":"unnamed trib to Chickhansink Cre"}},{"type":"Feature","geometry":{"type":"LineString","coordinates":[[-75.17447,39.95478],[-75.1744,39.9546],[-75.17411,39.95443],[-75.17406,39.95429],[-75.17404,39.95403],[-75.17379,39.95386],[-75.17336,39.95374],[-75.17306,39.95354],[-75.17292,39.95334],[-75.17281,39.95305],[-75.1728,39.95281],[-75.1727,39.95269],[-75.17258,39.95256],[-75.17242,39.95235]]},"properties":{"kind":"stream","name":""}},{"type":"Feature","geometry":{"type":"LineString","coordinates":[[-75.19955,39.9657],[-75.19942,39.96577],[-75.19933,39.96582],[-75.1993,39.96585],[-75.19926,39.96587],[-75.19924,39.96589],[-75.19921,39.96592],[-75.19918,39.96596],[-75.19915,39.96599],[-75.19914,39.96601],[-75.1991,39.96608],[-75.19907,39.96613],[-75.19906,39.96616],[-75.19905,39.96618],[-75.19902,39.96627],[-75.19901,39.9663],[-75.19899,39.96633],[-75.19896,39.96635],[-75.19895,39.96637],[-75.19892,39.96638],[-75.19882,39.96642],[-75.19879,39.96643],[-75.19876,39.96645],[-75.19875,39.96646],[-75.19875,39.96647],[-75.1987,39.96655],[-75.19868,39.9666],[-75.19867,39.96663],[-75.19865,39.96665],[-75.19863,39.96667],[-75.19861,39.96669],[-75.19855,39.96672],[-75.19839,39.96681],[-75.19836,39.96683],[-75.19833,39.96686],[-75.1982,39.96696],[-75.19814,39.96702],[-75.19811,39.96706],[-75.19809,39.96709],[-75.19807,39.96712],[-75.19806,39.96715],[-75.19806,39.96717],[-75.19805,39.96719],[-75.19805,39.9673],[-75.19805,39.96732],[-75.19804,39.96734],[-75.19803,39.96736],[-75.19801,39.96739],[-75.19799,39.96741],[-75.19796,39.96743],[-75.1979,39.96748],[-75.19778,39.96755],[-75.19773,39.96758],[-75.19767,39.96762],[-75.19754,39.96769],[-75.19749,39.96772],[-75.19744,39.96776],[-75.1974,39.96779],[-75.19736,39.96784],[-75.19732,39.9679],[-75.19729,39.96797],[-75.19725,39.96804],[-75.19725,39.96806],[-75.19725,39.96808],[-75.19726,39.96816],[-75.19728,39.96825],[-75.19734,39.96848],[-75.19736,39.96858],[-75.19736,39.96864],[-75.19736,39.96866],[-75.19736,39.96867],[-75.19733,39.96871],[-75.19728,39.96877],[-75.19721,39.96886],[-75.19712,39.96895],[-75.19695,39.96914],[-75.19676,39.96932],[-75.19658,39.96948],[-75.1964,39.96964],[-75.19623,39.96978],[-75.19614,39.96984],[-75.19606,39.9699],[-75.19603,39.96992],[-75.19599,39.96995],[-75.19595,39.96996],[-75.19591,39.96998],[-75.19587,39.96999],[-75.19583,39.97001],[-75.19579,39.97001],[-75.19574,39.97002],[-75.19569,39.97003],[-75.19565,39.97003],[-75.19559,39.97003],[-75.19554,39.97003],[-75.19543,39.97003],[-75.19514,39.97001],[-75.19505,39.97],[-75.19498,39.97001],[-75.19494,39.97001],[-75.1949,39.97001],[-75.19486,39.97002],[-75.19483,39.97003],[-75.19479,39.97004],[-75.19476,39.97005],[-75.19473,39.97007],[-75.1947,39.97008],[-75.19459,39.97015],[-75.19448,39.97021],[-75.19437,39.97027],[-75.19426,39.97032],[-75.19416,39.97037],[-75.19405,39.97042],[-75.19395,39.97047],[-75.19385,39.97051],[-75.19375,39.97055],[-75.19366,39.97059],[-75.19357,39.97062],[-75.19347,39.97065],[-75.19339,39.97068],[-75.19329,39.97071],[-75.19304,39.97077],[-75.193,39.97078],[-75.19298,39.97079]]},"properties":{"kind":"stream","name":"unnamed trib to Schuylkill River"}},{"type":"Feature","geometry":{"type":"LineString","coordinates":[[-75.15985,39.97652],[-75.15981,39.97652],[-75.15977,39.97652],[-75.15974,39.97652],[-75.15971,39.97651],[-75.15964,39.97647],[-75.15962,39.97646],[-75.15956,39.97644],[-75.15947,39.97638],[-75.15944,39.97637],[-75.15941,39.97636],[-75.15938,39.97636],[-75.15925,39.97635],[-75.15923,39.97635],[-75.15922,39.97635],[-75.15921,39.97634],[-75.15919,39.97633],[-75.15919,39.97631],[-75.15918,39.97628],[-75.15917,39.97627],[-75.15916,39.97625],[-75.15914,39.97625],[-75.15913,39.97624],[-75.15912,39.97623],[-75.1591,39.97619],[-75.15909,39.97617],[-75.15908,39.97617],[-75.15906,39.97616],[-75.15905,39.97616],[-75.15902,39.97615],[-75.15893,39.97615],[-75.1589,39.97615],[-75.15887,39.97615],[-75.15884,39.97614],[-75.1588,39.97611],[-75.15869,39.97602],[-75.15865,39.97598],[-75.15859,39.97596],[-75.15854,39.97593],[-75.15849,39.97591],[-75.15843,39.97589],[-75.15838,39.97587],[-75.15833,39.97586],[-75.15806,39.9758],[-75.15791,39.97575],[-75.15786,39.97574],[-75.15783,39.97574],[-75.15773,39.97573],[-75.1577,39.97572],[-75.15767,39.97571],[-75.15764,39.9757],[-75.15754,39.97565],[-75.15751,39.97564],[-75.15748,39.97563],[-75.15746,39.97563],[-75.15743,39.97563],[-75.15731,39.97563],[-75.15726,39.97562],[-75.15721,39.97562],[-75.15711,39.97559],[-75.15706,39.97558],[-75.15697,39.97558],[-75.15693,39.97557],[-75.15691,39.97556],[-75.1569,39.97555],[-75.15688,39.97553],[-75.15683,39.97548],[-75.15681,39.97546],[-75.15679,39.97545],[-75.15674,39.97544],[-75.1567,39.97543],[-75.15667,39.97542],[-75.15665,39.97542],[-75.15653,39.97543],[-75.15651,39.97543],[-75.15649,39.97543],[-75.15645,39.97542],[-75.15642,39.9754],[-75.15638,39.97538],[-75.15632,39.97533],[-75.15628,39.9753],[-75.15624,39.97527],[-75.15614,39.97518],[-75.15605,39.9751],[-75.15602,39.97507],[-75.156,39.97504],[-75.15595,39.97497],[-75.15593,39.97495],[-75.15592,39.97492],[-75.15592,39.9749],[-75.15592,39.97483],[-75.15592,39.97481],[-75.15591,39.9748],[-75.15591,39.97479],[-75.1559,39.97478],[-75.15588,39.97477],[-75.15587,39.97476],[-75.15583,39.97474],[-75.15574,39.9747],[-75.15571,39.97469],[-75.15567,39.97467],[-75.15565,39.97465],[-75.15561,39.9746],[-75.1556,39.97458],[-75.1556,39.97456],[-75.15559,39.97455],[-75.1556,39.97453],[-75.15561,39.97448],[-75.15562,39.97446],[-75.15562,39.97445],[-75.15562,39.97443],[-75.15561,39.97442],[-75.15559,39.9744],[-75.15558,39.97438],[-75.15555,39.97436],[-75.15554,39.97435],[-75.15552,39.97434],[-75.15543,39.9743],[-75.15541,39.97429],[-75.1554,39.97428],[-75.15536,39.97425],[-75.15533,39.97422],[-75.1553,39.97419],[-75.15529,39.97416],[-75.15528,39.97413],[-75.15528,39.9741],[-75.15529,39.97407],[-75.1553,39.97402],[-75.15531,39.974],[-75.15534,39.97394],[-75.15535,39.97393],[-75.15535,39.97391],[-75.15534,39.97388],[-75.15533,39.97385],[-75.15532,39.97382],[-75.15529,39.97377],[-75.15526,39.97374],[-75.1552,39.97369],[-75.15519,39.97367],[-75.15518,39.97366],[-75.15511,39.97354],[-75.1551,39.97351],[-75.15509,39.97348]]},"properties":{"kind":"stream","name":"Cohocksink Creek, trib"}},{"type":"Feature","geometry":{"type":"LineString","coordinates":[[-75.13738,39.94421],[-75.14372,39.94495]]},"properties":{"kind":"stream","name":"Dock Creek"}},{"type":"Feature","geometry":{"type":"MultiLineString","coordinates":[[[-75.19945,39.87733],[-75.19962,39.87715],[-75.19978,39.87697],[-75.19994,39.87677],[-75.20011,39.87656],[-75.20028,39.87633],[-75.20046,39.87608],[-75.20064,39.87581],[-75.20115,39.87507],[-75.20131,39.87484],[-75.20146,39.87464],[-75.20163,39.87441],[-75.2018,39.87419],[-75.20197,39.874],[-75.20214,39.87381],[-75.20223,39.87371],[-75.20232,39.87362],[-75.20242,39.87352],[-75.20253,39.87342],[-75.20275,39.87322],[-75.20299,39.87301],[-75.20326,39.87278],[-75.20356,39.87254],[-75.20389,39.87229],[-75.20455,39.87178],[-75.20483,39.87156],[-75.20512,39.87134],[-75.20537,39.87113],[-75.20552,39.87101],[-75.20566,39.87089],[-75.20579,39.87077],[-75.20592,39.87066],[-75.20604,39.87054],[-75.20615,39.87043],[-75.20626,39.87032],[-75.20637,39.87021],[-75.20647,39.8701],[-75.20658,39.86998],[-75.20669,39.86986],[-75.20679,39.86973],[-75.2069,39.86961],[-75.20701,39.86947],[-75.20723,39.86919],[-75.20742,39.86892],[-75.20764,39.86862],[-75.20785,39.86832],[-75.2084,39.86752],[-75.20857,39.86729],[-75.20872,39.86708],[-75.20889,39.86684],[-75.20906,39.86662],[-75.20922,39.86642],[-75.20938,39.86622],[-75.20957,39.866],[-75.20977,39.86576],[-75.20998,39.86553],[-75.21019,39.86529],[-75.21041,39.86505],[-75.21063,39.86481],[-75.21086,39.86456],[-75.2111,39.86431],[-75.21159,39.86379],[-75.21213,39.86324],[-75.21272,39.86265],[-75.21341,39.86196],[-75.21388,39.86149],[-75.2143,39.86109],[-75.21468,39.86072],[-75.21504,39.86038],[-75.21539,39.86006],[-75.21572,39.85975],[-75.21605,39.85945],[-75.21637,39.85917],[-75.21684,39.85876],[-75.21731,39.85836],[-75.21778,39.85797],[-75.21826,39.85759],[-75.21873,39.85721],[-75.2192,39.85684],[-75.21968,39.85648],[-75.22016,39.85613],[-75.22063,39.85578],[-75.22111,39.85544],[-75.22159,39.85511],[-75.22207,39.85478],[-75.22255,39.85447],[-75.22304,39.85415],[-75.22352,39.85385],[-75.224,39.85356],[-75.22416,39.85346],[-75.22433,39.85337],[-75.22451,39.85327],[-75.22471,39.85317],[-75.22509,39.85297],[-75.2258,39.85262],[-75.22609,39.85247],[-75.22638,39.85232],[-75.22664,39.85219],[-75.22678,39.8521],[-75.22692,39.85202],[-75.22705,39.85194],[-75.22718,39.85187],[-75.2273,39.85179],[-75.22742,39.85171],[-75.22753,39.85163],[-75.22763,39.85155],[-75.22777,39.85145],[-75.2279,39.85133],[-75.22804,39.85121],[-75.22818,39.85108],[-75.22831,39.85096],[-75.22845,39.85082],[-75.22894,39.85032],[-75.22915,39.85012],[-75.22936,39.84992],[-75.22946,39.84983],[-75.22956,39.84974],[-75.22963,39.84968],[-75.22971,39.84961],[-75.22979,39.84953],[-75.22988,39.84945],[-75.23003,39.84929],[-75.2304,39.84889],[-75.2305,39.84879],[-75.2306,39.84869],[-75.2307,39.8486],[-75.23079,39.84851],[-75.23088,39.84843],[-75.23097,39.84836],[-75.23109,39.84827],[-75.23121,39.84819],[-75.23133,39.84812],[-75.23139,39.84809],[-75.23145,39.84806],[-75.23151,39.84803],[-75.23157,39.848],[-75.23163,39.84798],[-75.23169,39.84796],[-75.23176,39.84794],[-75.23182,39.84792],[-75.23188,39.8479],[-75.23195,39.84789],[-75.2321,39.84786],[-75.23226,39.84784]],[[-75.1377,39.88952],[-75.13806,39.88948],[-75.13842,39.88944],[-75.13877,39.88941],[-75.13913,39.88938],[-75.13948,39.88936],[-75.13984,39.88934],[-75.14019,39.88932],[-75.14055,39.8893],[-75.1409,39.88929],[-75.14126,39.88928],[-75.14161,39.88927],[-75.14196,39.88927],[-75.14232,39.88927],[-75.14267,39.88927],[-75.14302,39.88928],[-75.14338,39.88929],[-75.14365,39.8893],[-75.14392,39.88931],[-75.1442,39.88933],[-75.14449,39.88936],[-75.14478,39.88939],[-75.14508,39.88942],[-75.14539,39.88946],[-75.14571,39.8895],[-75.14599,39.88954],[-75.14629,39.88959],[-75.1466,39.88964],[-75.14693,39.88969],[-75.14755,39.8898],[-75.14918,39.8901],[-75.14966,39.89018],[-75.15009,39.89025],[-75.15057,39.89032],[-75.15103,39.89038],[-75.15146,39.89044],[-75.15167,39.89046],[-75.15187,39.89048],[-75.15229,39.89052],[-75.15275,39.89055],[-75.1532,39.89058],[-75.15428,39.89065],[-75.15483,39.89069],[-75.15511,39.89071],[-75.15537,39.89074],[-75.15562,39.89076],[-75.15585,39.89079],[-75.15629,39.89084],[-75.15673,39.89089],[-75.15717,39.89096],[-75.15762,39.89102],[-75.15806,39.89109],[-75.15851,39.89117],[-75.15896,39.89124],[-75.15942,39.89133],[-75.15987,39.89142],[-75.16033,39.89151],[-75.16079,39.8916],[-75.16125,39.8917],[-75.16172,39.89181],[-75.16218,39.89192],[-75.16265,39.89203],[-75.16312,39.89215],[-75.16392,39.89232],[-75.16472,39.8925],[-75.16552,39.89268],[-75.16632,39.89286],[-75.16711,39.89306],[-75.1679,39.89325],[-75.16869,39.89346],[-75.16948,39.89366],[-75.16985,39.89377],[-75.17022,39.89388],[-75.1706,39.89397],[-75.17098,39.89406],[-75.17136,39.89414],[-75.17174,39.89422],[-75.17212,39.89429],[-75.17251,39.89435],[-75.1729,39.89441],[-75.17329,39.89446],[-75.17368,39.8945],[-75.17408,39.89454],[-75.17447,39.89456],[-75.17525,39.89462],[-75.17585,39.89467],[-75.17622,39.8947],[-75.17663,39.89475],[-75.17702,39.89479],[-75.17797,39.89491],[-75.17846,39.89497],[-75.1787,39.89499],[-75.17893,39.89502],[-75.17915,39.89503],[-75.17935,39.89505],[-75.17962,39.89506],[-75.17987,39.89507],[-75.18011,39.89507],[-75.18035,39.89507],[-75.18058,39.89506],[-75.1808,39.89505],[-75.18101,39.89503],[-75.18123,39.89501],[-75.18137,39.89498],[-75.18151,39.89496],[-75.18167,39.89493],[-75.18183,39.89489],[-75.182,39.89485],[-75.18219,39.8948],[-75.18238,39.89474],[-75.18294,39.89458],[-75.18312,39.89453],[-75.18327,39.89449],[-75.18345,39.89444],[-75.18362,39.89441],[-75.18379,39.89438],[-75.18394,39.89435],[-75.18407,39.89433],[-75.1842,39.89432],[-75.18435,39.8943],[-75.1845,39.89429],[-75.1848,39.89427],[-75.18542,39.89424],[-75.18567,39.89423],[-75.18594,39.89421],[-75.18618,39.89419],[-75.18649,39.89415],[-75.18679,39.89411],[-75.18708,39.89407],[-75.18735,39.89403],[-75.18762,39.89399],[-75.18788,39.89395],[-75.18813,39.8939],[-75.18837,39.89386],[-75.18861,39.89381],[-75.18884,39.89376],[-75.18907,39.89371],[-75.18928,39.89365],[-75.1895,39.8936],[-75.18971,39.89354],[-75.18991,39.89348],[-75.19011,39.89342],[-75.19053,39.89328],[-75.1909,39.89315],[-75.19124,39.89303],[-75.19155,39.89291],[-75.19185,39.89279],[-75.19213,39.89267],[-75.1924,39.89255],[-75.19264,39.89243],[-75.19277,39.89237],[-75.19288,39.8923],[-75.193,39.89224],[-75.19311,39.89218],[-75.19322,39.89211],[-75.19332,39.89205],[-75.19342,39.89198],[-75.19352,39.89191],[-75.19361,39.89185],[-75.1937,39.89178],[-75.19379,39.89171],[-75.19387,39.89164],[-75.19395,39.89157],[-75.19403,39.8915],[-75.1941,39.89143],[-75.19418,39.89136],[-75.19428,39.89125],[-75.19438,39.89114],[-75.19447,39.89104],[-75.19456,39.89093],[-75.19464,39.89084],[-75.19472,39.89074],[-75.19479,39.89064],[-75.19485,39.89055],[-75.1951,39.89008],[-75.19534,39.8896],[-75.19558,39.88913],[-75.19581,39.88865],[-75.19603,39.88817],[-75.19624,39.88768],[-75.19645,39.8872],[-75.19822,39.88039],[-75.19844,39.87973],[-75.19864,39.87917],[-75.19881,39.87869],[-75.1989,39.87848],[-75.19897,39.87829],[-75.19905,39.87811],[-75.19911,39.87795],[-75.19918,39.8778],[-75.19924,39.87768],[-75.1993,39.87756],[-75.19935,39.87747],[-75.1994,39.87739],[-75.19945,39.87733]],[[-75.13414,39.92247],[-75.13412,39.92239],[-75.13409,39.92232],[-75.13407,39.92225],[-75.13403,39.92218],[-75.13399,39.92212],[-75.13395,39.92205],[-75.13378,39.92181],[-75.13373,39.92175],[-75.13369,39.9217],[-75.13363,39.92164],[-75.13357,39.92158],[-75.13351,39.92153],[-75.13344,39.92147],[-75.13321,39.92129],[-75.13312,39.92121],[-75.13304,39.92114],[-75.13297,39.92107],[-75.13287,39.92097],[-75.13277,39.92087],[-75.13268,39.92076],[-75.13259,39.92065],[-75.1325,39.92054],[-75.13241,39.92042],[-75.13233,39.92031],[-75.13224,39.92018],[-75.13216,39.92006],[-75.13208,39.91994],[-75.132,39.91981],[-75.13193,39.91967],[-75.13185,39.91954],[-75.13178,39.9194],[-75.13171,39.91926],[-75.13164,39.91911],[-75.13157,39.91897],[-75.13151,39.91882],[-75.13144,39.91867],[-75.13138,39.91852],[-75.13132,39.91836],[-75.13126,39.9182],[-75.13114,39.91785],[-75.13103,39.91751],[-75.13091,39.91712],[-75.13079,39.91673],[-75.13057,39.91594],[-75.13053,39.91581],[-75.1305,39.91567],[-75.13039,39.91518],[-75.13035,39.915],[-75.1303,39.91481],[-75.13027,39.91473],[-75.13024,39.91465],[-75.13019,39.91451],[-75.13013,39.91437],[-75.13005,39.91422],[-75.12997,39.91407],[-75.12988,39.91391],[-75.12977,39.91375],[-75.12965,39.91357],[-75.12933,39.9131],[-75.12923,39.91295],[-75.12915,39.91282],[-75.12906,39.91267],[-75.12898,39.91252],[-75.12891,39.91239],[-75.12885,39.91225],[-75.12882,39.91217],[-75.12879,39.91208],[-75.12876,39.91199],[-75.12873,39.91189],[-75.1287,39.91179],[-75.12867,39.91168],[-75.12863,39.91146],[-75.12858,39.91122],[-75.12855,39.91096],[-75.12852,39.91069],[-75.12849,39.9104],[-75.12848,39.91009],[-75.12846,39.90977],[-75.12846,39.90944],[-75.12846,39.90909],[-75.12847,39.90873],[-75.12848,39.90836],[-75.1285,39.90798],[-75.12852,39.90759],[-75.12855,39.90718],[-75.12859,39.90676],[-75.12863,39.90634],[-75.12868,39.90591],[-75.12874,39.90549],[-75.1288,39.90506],[-75.12887,39.90465],[-75.12894,39.90424],[-75.12901,39.90384],[-75.12909,39.90345],[-75.12917,39.90308],[-75.12925,39.90273],[-75.12934,39.9024],[-75.12942,39.90209],[-75.12951,39.9018],[-75.1296,39.90154],[-75.12963,39.90152],[-75.12965,39.90149],[-75.12967,39.90145],[-75.1297,39.9014],[-75.12972,39.90135],[-75.12974,39.90129],[-75.12981,39.90103],[-75.12985,39.90094],[-75.12987,39.90089],[-75.12989,39.90085],[-75.12991,39.90082],[-75.12993,39.9008],[-75.12997,39.90075],[-75.13001,39.90071],[-75.13004,39.90065],[-75.13008,39.9006],[-75.13012,39.90053],[-75.13015,39.90047],[-75.13018,39.90039],[-75.13021,39.90031],[-75.13026,39.90017],[-75.13031,39.9],[-75.13036,39.89983],[-75.13046,39.89943],[-75.13051,39.89924],[-75.13054,39.89915],[-75.13057,39.89907],[-75.1306,39.899],[-75.13063,39.89893],[-75.13075,39.89869],[-75.13086,39.89846],[-75.13096,39.89825],[-75.13106,39.89804],[-75.13115,39.89783],[-75.13125,39.8976],[-75.1315,39.89701],[-75.13169,39.89655],[-75.13187,39.89612],[-75.13206,39.89571],[-75.13225,39.89531],[-75.13235,39.89512],[-75.13245,39.89493],[-75.13255,39.89475],[-75.13264,39.89456],[-75.13274,39.89438],[-75.13284,39.89421],[-75.13295,39.89403],[-75.13305,39.89386],[-75.13315,39.89369],[-75.13326,39.89353],[-75.13337,39.89336],[-75.13348,39.8932],[-75.13359,39.89304],[-75.1337,39.89288],[-75.13381,39.89273],[-75.13393,39.89258],[-75.13404,39.89243],[-75.13416,39.89228],[-75.13428,39.89213],[-75.1344,39.89199],[-75.13453,39.89185],[-75.13465,39.89171],[-75.13478,39.89157],[-75.13491,39.89143],[-75.13517,39.89116],[-75.13537,39.89095],[-75.13557,39.89076],[-75.13575,39.8906],[-75.13593,39.89044],[-75.1361,39.89029],[-75.13627,39.89016],[-75.13645,39.89004],[-75.13655,39.88997],[-75.13666,39.8899],[-75.13677,39.88983],[-75.13688,39.88976],[-75.13701,39.8897],[-75.13714,39.88963],[-75.13727,39.88956],[-75.13741,39.8895],[-75.13766,39.88939],[-75.13794,39.88927],[-75.13821,39.88915],[-75.13891,39.88887],[-75.13911,39.88879],[-75.13928,39.88872],[-75.14001,39.8884],[-75.14067,39.88813],[-75.14097,39.88801],[-75.14127,39.88789],[-75.14157,39.88777],[-75.14185,39.88766],[-75.14213,39.88755],[-75.14241,39.88745],[-75.14268,39.88735],[-75.14295,39.88726],[-75.14322,39.88717],[-75.14348,39.88708],[-75.14374,39.887],[-75.14399,39.88692],[-75.14442,39.88679],[-75.14487,39.88666],[-75.14535,39.88653],[-75.14587,39.88639],[-75.14611,39.88633],[-75.14636,39.88627],[-75.14662,39.88621],[-75.1469,39.88614],[-75.14718,39.88608],[-75.14749,39.88602],[-75.1487,39.88578],[-75.14922,39.88567],[-75.1495,39.88561],[-75.14976,39.88555],[-75.15,39.8855],[-75.15024,39.88544],[-75.15062,39.88534],[-75.15104,39.88522],[-75.15143,39.88511],[-75.15238,39.88483],[-75.15286,39.88469],[-75.1531,39.88463],[-75.15332,39.88457],[-75.15354,39.88452],[-75.15374,39.88447],[-75.15415,39.88438],[-75.15457,39.88429],[-75.15501,39.8842],[-75.15549,39.88411],[-75.15597,39.88402],[-75.1565,39.88393],[-75.15709,39.88384],[-75.15792,39.8837],[-75.15861,39.8836],[-75.15931,39.8835],[-75.16001,39.8834],[-75.16072,39.88331],[-75.16143,39.88322],[-75.16215,39.88313],[-75.16288,39.88306],[-75.1636,39.88298],[-75.16434,39.88292],[-75.16508,39.88285],[-75.16582,39.8828],[-75.16656,39.88274],[-75.16732,39.8827],[-75.16807,39.88266],[-75.16883,39.88262],[-75.1696,39.88259],[-75.16978,39.88258],[-75.17002,39.88256],[-75.1703,39.88254],[-75.17063,39.88252],[-75.17144,39.88245],[-75.17247,39.88236],[-75.17347,39.88227],[-75.17467,39.88216],[-75.17985,39.88166],[-75.18216,39.88145],[-75.18333,39.88134],[-75.18439,39.88124],[-75.18535,39.88116],[-75.18624,39.88108],[-75.18712,39.88101],[-75.18791,39.88095],[-75.18861,39.8809],[-75.18923,39.88085],[-75.18975,39.88082],[-75.19019,39.88081],[-75.19038,39.8808],[-75.19054,39.8808],[-75.19069,39.8808],[-75.19081,39.8808],[-75.19093,39.88077],[-75.19109,39.88073],[-75.19129,39.88069],[-75.19153,39.88064],[-75.19206,39.88054],[-75.19352,39.88027],[-75.19423,39.88013],[-75.1946,39.88006],[-75.19493,39.88],[-75.19524,39.87993],[-75.19552,39.87987],[-75.19581,39.87981],[-75.19608,39.87974],[-75.19631,39.87968],[-75.19651,39.87962],[-75.19669,39.87957],[-75.19684,39.87952],[-75.1969,39.87949],[-75.19696,39.87947],[-75.19701,39.87944],[-75.19705,39.87942],[-75.19718,39.87934],[-75.19731,39.87926],[-75.19744,39.87917],[-75.19758,39.87907],[-75.19771,39.87897],[-75.19784,39.87887],[-75.19797,39.87876],[-75.19811,39.87864],[-75.19824,39.87853],[-75.19837,39.87841],[-75.19851,39.87828],[-75.19865,39.87814],[-75.19895,39.87785],[-75.19945,39.87733]],[[-75.13414,39.92247],[-75.13302,39.9276],[-75.132,39.93831],[-75.13095,39.94132],[-75.13048,39.94453],[-75.13022,39.94729],[-75.13022,39.94973],[-75.13051,39.95232],[-75.13133,39.95405],[-75.1331,39.95558]],[[-75.1331,39.95558],[-75.13334,39.95543],[-75.13357,39.95529],[-75.13379,39.95513],[-75.13401,39.95498],[-75.13422,39.95481],[-75.13442,39.95465],[-75.13462,39.95447],[-75.13481,39.9543],[-75.13499,39.95411],[-75.13517,39.95393],[-75.13534,39.95374],[-75.1355,39.95354],[-75.13565,39.95334],[-75.13579,39.95314],[-75.13593,39.95294],[-75.13605,39.95273],[-75.13617,39.95252],[-75.13628,39.95231],[-75.13638,39.95209],[-75.13648,39.95187],[-75.13656,39.95165],[-75.13664,39.95143],[-75.13682,39.95042],[-75.13691,39.94974],[-75.137,39.94907],[-75.13708,39.9484],[-75.13715,39.94772],[-75.13722,39.94705],[-75.13727,39.94638],[-75.13731,39.9457],[-75.13735,39.94502],[-75.13737,39.94435],[-75.13739,39.94367],[-75.1374,39.943],[-75.13739,39.94232],[-75.13738,39.94164],[-75.13736,39.94097],[-75.13733,39.94029],[-75.13729,39.93962],[-75.13724,39.93894],[-75.13719,39.93827],[-75.13712,39.93759],[-75.13705,39.93692],[-75.13696,39.93625],[-75.13687,39.93557],[-75.13676,39.9349],[-75.13665,39.93423],[-75.13653,39.93356],[-75.1364,39.93289],[-75.13626,39.93223],[-75.13611,39.93156],[-75.13595,39.93089],[-75.13579,39.93023],[-75.13561,39.92957],[-75.13543,39.92891],[-75.13414,39.92247]],[[-75.12483,39.96247],[-75.12734,39.96128],[-75.1295,39.95974],[-75.13133,39.95796],[-75.13282,39.95605],[-75.1331,39.95558]],[[-75.07577,39.9754],[-75.07589,39.97518],[-75.07601,39.97496],[-75.07615,39.97474],[-75.07629,39.97452],[-75.07644,39.97431],[-75.0766,39.9741],[-75.07677,39.9739],[-75.07695,39.9737],[-75.07713,39.9735],[-75.07732,39.97331],[-75.07752,39.97312],[-75.07772,39.97294],[-75.07794,39.97276],[-75.07815,39.97258],[-75.07838,39.97242],[-75.07861,39.97225],[-75.07885,39.97209],[-75.07909,39.97194],[-75.07934,39.97179],[-75.0796,39.97165],[-75.07986,39.97152],[-75.08012,39.97139],[-75.0804,39.97126],[-75.08067,39.97115],[-75.08095,39.97103],[-75.08204,39.97084],[-75.08314,39.97064],[-75.08423,39.97043],[-75.08532,39.97022],[-75.0864,39.97],[-75.08748,39.96977],[-75.08857,39.96953],[-75.08964,39.96929],[-75.09072,39.96904],[-75.09179,39.96879],[-75.09286,39.96853],[-75.09393,39.96826],[-75.095,39.96799],[-75.09523,39.96788],[-75.09546,39.96778],[-75.09568,39.96766],[-75.0959,39.96754],[-75.09611,39.96742],[-75.09632,39.96729],[-75.09652,39.96715],[-75.09671,39.96701],[-75.0969,39.96686],[-75.09709,39.96671],[-75.09726,39.96656],[-75.09743,39.9664],[-75.09759,39.96623],[-75.09774,39.96607],[-75.09789,39.96589],[-75.09803,39.96572],[-75.09816,39.96554],[-75.09828,39.96535],[-75.0984,39.96517],[-75.0985,39.96498],[-75.0986,39.96479],[-75.09934,39.96353],[-75.10042,39.96131],[-75.10178,39.95977],[-75.10406,39.95895],[-75.1076,39.95854],[-75.1094,39.95893],[-75.11131,39.96001],[-75.11424,39.96115],[-75.11911,39.96251],[-75.12483,39.96247]],[[-75.07577,39.9754],[-75.07754,39.97577],[-75.0824,39.97732],[-75.08625,39.97771],[-75.08971,39.97749],[-75.0974,39.9757],[-75.10242,39.97462],[-75.10856,39.97234],[-75.11363,39.97089],[-75.11934,39.968],[-75.12148,39.96694],[-75.1233,39.96488],[-75.12483,39.96247]],[[-74.91993,40.07553],[-74.92055,40.07532],[-74.92115,40.0751],[-74.92176,40.07487],[-74.92236,40.07464],[-74.92296,40.0744],[-74.92355,40.07415],[-74.92414,40.0739],[-74.92472,40.07364],[-74.9253,40.07337],[-74.92587,40.0731],[-74.92644,40.07282],[-74.927,40.07254],[-74.92756,40.07225],[-74.92812,40.07196],[-74.92866,40.07166],[-74.92921,40.07135],[-74.92974,40.07104],[-74.93028,40.07072],[-74.9308,40.0704],[-74.93132,40.07007],[-74.93184,40.06974],[-74.93234,40.0694],[-74.93285,40.06905],[-74.93334,40.0687],[-74.93383,40.06835],[-74.93606,40.06734],[-74.93828,40.06634],[-74.9405,40.06533],[-74.94272,40.06431],[-74.94493,40.06328],[-74.94714,40.06226],[-74.94934,40.06122],[-74.95153,40.06018],[-74.95373,40.05914],[-74.95592,40.05808],[-74.95736,40.05735],[-74.95879,40.05661],[-74.96023,40.05587],[-74.96152,40.05494],[-74.96283,40.05402],[-74.96414,40.0531],[-74.96545,40.05219],[-74.96677,40.05128],[-74.9681,40.05038],[-74.96943,40.04948],[-74.97077,40.04859],[-74.97212,40.0477],[-74.97347,40.04682],[-74.97483,40.04595],[-74.97619,40.04508],[-74.97756,40.04421],[-74.97894,40.04335],[-74.98032,40.0425],[-74.9817,40.04165],[-74.9831,40.04081],[-74.98449,40.03997],[-74.9859,40.03914],[-74.98731,40.03831],[-74.98872,40.03749],[-74.99014,40.03668],[-74.99157,40.03587],[-74.993,40.03507],[-74.99443,40.03427],[-74.99588,40.03348],[-74.99732,40.03269],[-74.99878,40.03191],[-75.00023,40.03114],[-75.0017,40.03037],[-75.00316,40.02961],[-75.00464,40.02885],[-75.00612,40.0281],[-75.0076,40.02735],[-75.00909,40.02662],[-75.01058,40.02588],[-75.01208,40.02516],[-75.01358,40.02443],[-75.01509,40.02372],[-75.0166,40.02301],[-75.01812,40.02231],[-75.01964,40.02161],[-75.02117,40.02092],[-75.0227,40.02024],[-75.02424,40.01956],[-75.02578,40.01889],[-75.02732,40.01822],[-75.02887,40.01756],[-75.03043,40.01691],[-75.03198,40.01626],[-75.03355,40.01562],[-75.03431,40.01526],[-75.03507,40.01491],[-75.03582,40.01454],[-75.03657,40.01417],[-75.03732,40.01379],[-75.03806,40.01341],[-75.03879,40.01302],[-75.03952,40.01263],[-75.04025,40.01223],[-75.04096,40.01182],[-75.04168,40.01141],[-75.04239,40.01099],[-75.04309,40.01057],[-75.04378,40.01014],[-75.04447,40.00971],[-75.04516,40.00927],[-75.04584,40.00882],[-75.04651,40.00837],[-75.04718,40.00792],[-75.04784,40.00746],[-75.04849,40.00699],[-75.04914,40.00652],[-75.04978,40.00604],[-75.05042,40.00556],[-75.05104,40.00508],[-75.05167,40.00459],[-75.05228,40.00409],[-75.05289,40.00359],[-75.05349,40.00308],[-75.05409,40.00257],[-75.05468,40.00206],[-75.05526,40.00154],[-75.05583,40.00102],[-75.0564,40.00049],[-75.05696,39.99995],[-75.05751,39.99942],[-75.05806,39.99887],[-75.06289,39.98868],[-75.06977,39.98083],[-75.07226,39.97745],[-75.07577,39.9754]]]},"properties":{"kind":"stream","name":"Delaware River"}},{"type":"Feature","geometry":{"type":"LineString","coordinates":[[-75.21631,39.98036],[-75.21613,39.98037],[-75.21602,39.98037],[-75.21594,39.98036],[-75.2159,39.98036],[-75.21588,39.98036],[-75.21584,39.98034],[-75.2158,39.98032],[-75.21576,39.9803],[-75.21566,39.98025],[-75.21562,39.98022],[-75.21557,39.98021],[-75.21553,39.9802],[-75.2155,39.98019],[-75.21547,39.98019],[-75.21533,39.98019],[-75.21528,39.98019],[-75.21523,39.98017],[-75.21515,39.98014],[-75.21511,39.98013],[-75.21508,39.98012],[-75.21499,39.98006],[-75.21496,39.98005],[-75.21493,39.98004],[-75.21489,39.98004],[-75.21481,39.98002],[-75.21477,39.98002],[-75.21475,39.98001],[-75.21473,39.98],[-75.21472,39.97999],[-75.21471,39.97998],[-75.21468,39.97996],[-75.21466,39.97993],[-75.21458,39.97979],[-75.21457,39.97976],[-75.21455,39.97974],[-75.21452,39.97971],[-75.21447,39.97962],[-75.21444,39.97959],[-75.21441,39.97956],[-75.21437,39.97952],[-75.21434,39.97949],[-75.2143,39.97946],[-75.21427,39.97944],[-75.21423,39.97941],[-75.21419,39.97939],[-75.21415,39.97937],[-75.2141,39.97935],[-75.21404,39.97933],[-75.21398,39.97931],[-75.21385,39.97927],[-75.2136,39.9792],[-75.21349,39.97916],[-75.21346,39.97915],[-75.21344,39.97915],[-75.2134,39.97915],[-75.21337,39.97915],[-75.21324,39.97917],[-75.2132,39.97917],[-75.21317,39.97918],[-75.21313,39.97919],[-75.2131,39.9792],[-75.21305,39.97922],[-75.21297,39.97927],[-75.21277,39.97939],[-75.21273,39.97941],[-75.21269,39.97943],[-75.21265,39.97945],[-75.21261,39.97946],[-75.21258,39.97947],[-75.21256,39.97947],[-75.21244,39.97957],[-75.21234,39.97967],[-75.21231,39.9797],[-75.21225,39.97977],[-75.21223,39.9798],[-75.2122,39.97983],[-75.21217,39.97985],[-75.21214,39.97987],[-75.21206,39.9799],[-75.21204,39.97991],[-75.21203,39.97992],[-75.21201,39.97994],[-75.21198,39.98],[-75.21197,39.98001],[-75.21196,39.98002],[-75.21195,39.98004],[-75.21193,39.98005],[-75.21184,39.98008],[-75.21182,39.98009],[-75.2118,39.98011],[-75.21179,39.98012],[-75.21178,39.98014],[-75.21174,39.98022],[-75.21173,39.98024],[-75.21172,39.98026],[-75.21169,39.98029],[-75.21165,39.98032],[-75.2116,39.98034],[-75.21149,39.98039],[-75.21138,39.98045],[-75.21134,39.98047],[-75.21131,39.98048],[-75.21126,39.98049],[-75.21121,39.9805],[-75.21116,39.9805],[-75.21102,39.98051],[-75.21096,39.98051],[-75.21093,39.98052],[-75.21091,39.98052],[-75.21089,39.98053],[-75.21087,39.98055],[-75.21082,39.98059],[-75.21069,39.98072],[-75.21066,39.98075],[-75.21064,39.98077],[-75.21062,39.98078],[-75.21059,39.98079],[-75.21047,39.98082],[-75.21045,39.98083],[-75.21043,39.98084],[-75.2104,39.98086],[-75.21038,39.98087],[-75.21037,39.98089],[-75.21036,39.98091],[-75.21035,39.98095],[-75.21034,39.98104],[-75.21034,39.98105],[-75.21033,39.98106],[-75.21033,39.98107],[-75.21031,39.98109],[-75.21024,39.98114],[-75.21023,39.98115],[-75.21022,39.98116],[-75.21019,39.9812],[-75.21015,39.98125],[-75.21007,39.98134],[-75.21005,39.98136],[-75.21002,39.98137],[-75.20999,39.98137],[-75.20993,39.98137],[-75.2099,39.98138],[-75.20987,39.98138],[-75.20985,39.9814],[-75.20983,39.98141],[-75.20983,39.98142],[-75.20983,39.98142],[-75.20984,39.98143],[-75.20984,39.98143],[-75.20984,39.98144],[-75.20982,39.98145],[-75.20978,39.98148],[-75.20962,39.9816],[-75.20958,39.98163],[-75.20956,39.98164],[-75.20954,39.98165],[-75.20954,39.98166],[-75.20953,39.98167],[-75.20953,39.98168],[-75.20952,39.98169],[-75.20951,39.98169],[-75.2095,39.9817],[-75.20946,39.98172],[-75.20931,39.98176],[-75.20928,39.98178],[-75.20926,39.98179],[-75.20924,39.9818],[-75.20922,39.98182],[-75.20912,39.98192],[-75.2091,39.98193],[-75.20909,39.98195],[-75.20907,39.98196],[-75.20904,39.98197],[-75.20901,39.98198],[-75.20898,39.98198],[-75.20891,39.98199],[-75.20874,39.98199],[-75.20868,39.98201],[-75.20865,39.98201],[-75.20862,39.98202],[-75.20858,39.98204],[-75.20848,39.98211],[-75.20845,39.98212],[-75.20843,39.98213],[-75.20839,39.98214],[-75.20832,39.98215],[-75.2083,39.98215],[-75.20828,39.98215],[-75.20827,39.98216],[-75.20826,39.98217],[-75.20825,39.98219],[-75.20824,39.98222],[-75.20821,39.9823],[-75.2082,39.98232],[-75.20819,39.98233],[-75.20817,39.98235],[-75.20815,39.98237],[-75.20806,39.98243],[-75.20802,39.98245],[-75.20799,39.98249],[-75.20792,39.98257],[-75.20789,39.9826],[-75.20783,39.98264],[-75.20777,39.98268],[-75.20772,39.98271],[-75.20766,39.98273],[-75.20763,39.98274],[-75.2076,39.98274],[-75.20757,39.98275],[-75.20753,39.98275],[-75.20746,39.98275],[-75.20727,39.98274],[-75.20723,39.98273],[-75.20709,39.98272],[-75.20705,39.98272],[-75.20702,39.98272],[-75.20697,39.98273],[-75.20688,39.98276],[-75.20684,39.98277],[-75.20681,39.98278],[-75.20678,39.98278],[-75.20671,39.98278],[-75.20665,39.98278],[-75.20651,39.98276],[-75.20644,39.98276],[-75.20627,39.98274],[-75.20623,39.98274],[-75.20619,39.98274],[-75.20611,39.98274],[-75.20573,39.98276],[-75.20565,39.98276],[-75.20561,39.98277],[-75.20553,39.98277],[-75.20544,39.98278],[-75.20535,39.98278],[-75.20522,39.98277],[-75.20508,39.98277],[-75.20411,39.98276],[-75.20386,39.98276],[-75.20372,39.98275]]},"properties":{"kind":"stream","name":"unnamed trib to Schuylkill River"}},{"type":"Feature","geometry":{"type":"LineString","coordinates":[[-75.20727,39.95507],[-75.20732,39.95507],[-75.20736,39.95506],[-75.2074,39.95505],[-75.20744,39.95504],[-75.20747,39.95503],[-75.2075,39.95501],[-75.20753,39.955],[-75.20756,39.95498],[-75.20758,39.95497],[-75.20759,39.95495],[-75.20764,39.95488],[-75.20766,39.95487],[-75.20767,39.95485],[-75.20769,39.95485],[-75.20772,39.95484],[-75.20776,39.95484],[-75.20785,39.95484],[-75.20788,39.95484],[-75.2079,39.95484],[-75.20793,39.95483],[-75.20796,39.95481],[-75.20799,39.9548],[-75.20807,39.95474],[-75.2081,39.95472],[-75.20813,39.95471],[-75.20817,39.9547],[-75.20827,39.95468],[-75.2083,39.95468],[-75.20832,39.95467],[-75.20834,39.95466],[-75.20836,39.95464],[-75.20842,39.95458],[-75.20844,39.95456],[-75.20846,39.95454],[-75.20848,39.95453],[-75.2085,39.95452],[-75.20852,39.95452],[-75.20855,39.95452],[-75.20864,39.95451],[-75.20867,39.95451],[-75.20869,39.9545],[-75.20871,39.95449],[-75.20872,39.95448],[-75.20879,39.95443],[-75.2088,39.95442],[-75.20882,39.95442],[-75.20885,39.95441],[-75.20888,39.95441],[-75.20892,39.95441],[-75.20902,39.95442],[-75.20905,39.95443],[-75.20908,39.95442],[-75.2091,39.95442],[-75.20912,39.95441],[-75.20913,39.95441],[-75.20915,39.9544],[-75.20918,39.95438],[-75.20924,39.95433],[-75.20927,39.9543]]},"properties":{"kind":"stream","name":"unnamed trib to Mill Creek"}},{"type":"Feature","geometry":{"type":"LineString","coordinates":[[-75.16187,39.91871],[-75.16189,39.91871],[-75.162,39.91867],[-75.16206,39.91865],[-75.1621,39.91863],[-75.16219,39.91858],[-75.16222,39.91857],[-75.16224,39.91856],[-75.16226,39.91855],[-75.16229,39.91855],[-75.1624,39.91853],[-75.16244,39.91852],[-75.16246,39.91851],[-75.16249,39.91849],[-75.16257,39.91844],[-75.16259,39.91842],[-75.16262,39.9184],[-75.16264,39.9184],[-75.16267,39.91839],[-75.1627,39.91839],[-75.16274,39.91839],[-75.16284,39.91839],[-75.16288,39.91839],[-75.16291,39.91839],[-75.16295,39.91838],[-75.16299,39.91836],[-75.16303,39.91834],[-75.16315,39.91827],[-75.16319,39.91825],[-75.16323,39.91823],[-75.16331,39.91821],[-75.16339,39.91819],[-75.16343,39.91819],[-75.16354,39.91819],[-75.16356,39.91818],[-75.16359,39.91818],[-75.16362,39.91816],[-75.16365,39.91814],[-75.16368,39.91812],[-75.16375,39.91805],[-75.16377,39.91803],[-75.16379,39.91801],[-75.16388,39.91796],[-75.16391,39.91795],[-75.16394,39.91794],[-75.16396,39.91793],[-75.16399,39.91793],[-75.16403,39.91793],[-75.16412,39.91793],[-75.16415,39.91793],[-75.16418,39.91793],[-75.1642,39.91792],[-75.16422,39.91791],[-75.16425,39.9179],[-75.16427,39.91789],[-75.16431,39.91786],[-75.16441,39.91779],[-75.16445,39.91777],[-75.16453,39.91773],[-75.16461,39.9177],[-75.16465,39.91769],[-75.16469,39.91768],[-75.16474,39.91768],[-75.16478,39.91768],[-75.16482,39.91769],[-75.16487,39.91769],[-75.16491,39.9177],[-75.16496,39.9177],[-75.165,39.91769],[-75.16504,39.91768],[-75.16508,39.91767],[-75.16511,39.91765],[-75.16514,39.91763],[-75.16516,39.91761],[-75.16518,39.9176],[-75.16519,39.91759],[-75.16522,39.91758],[-75.16524,39.91758],[-75.16526,39.91758],[-75.16528,39.91758],[-75.1653,39.91758],[-75.16535,39.91759],[-75.16541,39.9176],[-75.16546,39.91759],[-75.16551,39.91758],[-75.16556,39.91757],[-75.16561,39.91754],[-75.16564,39.91753],[-75.16566,39.91752],[-75.16569,39.91751],[-75.16575,39.91749],[-75.16577,39.91749],[-75.16578,39.91748]]},"properties":{"kind":"stream","name":"unnamed trib to Chickhansink Cre"}},{"type":"Feature","geometry":{"type":"LineString","coordinates":[[-75.15488,39.94591],[-75.15512,39.94613],[-75.15524,39.94632],[-75.15522,39.94699],[-75.15548,39.94732],[-75.15574,39.94748]]},"properties":{"kind":"stream","name":"Dock Creek"}},{"type":"Feature","geometry":{"type":"LineString","coordinates":[[-75.15139,39.94709],[-75.15192,39.94687],[-75.15257,39.9464],[-75.15275,39.94621],[-75.1529,39.94587],[-75.15307,39.94573],[-75.15333,39.94571],[-75.15389,39.94572],[-75.15425,39.94582],[-75.15488,39.94591]]},"properties":{"kind":"stream","name":"Dock Creek"}},{"type":"Feature","geometry":{"type":"LineString","coordinates":[[-75.2106,39.99817],[-75.21055,39.99814],[-75.21049,39.99812],[-75.21044,39.9981],[-75.21038,39.99809],[-75.21033,39.99807],[-75.21027,39.99807],[-75.21022,39.99806],[-75.21016,39.99806],[-75.21013,39.99806],[-75.21009,39.99806],[-75.20993,39.99809],[-75.20987,39.9981],[-75.20982,39.9981],[-75.20971,39.9981],[-75.20954,39.99812],[-75.20949,39.99812],[-75.20946,39.99811],[-75.20942,39.99811],[-75.20938,39.9981],[-75.20923,39.99806],[-75.20917,39.99805],[-75.20909,39.99804],[-75.20892,39.99803],[-75.20885,39.99802],[-75.2088,39.99801],[-75.20869,39.99799],[-75.20864,39.99798],[-75.20862,39.99797],[-75.2086,39.99797],[-75.20857,39.99797],[-75.20855,39.99798],[-75.20852,39.99798],[-75.20848,39.998],[-75.20844,39.99801],[-75.2084,39.99804],[-75.20838,39.99805],[-75.20835,39.99807],[-75.20826,39.99816],[-75.20824,39.99818],[-75.20822,39.99819],[-75.20816,39.99822],[-75.2081,39.99825],[-75.20802,39.99828],[-75.20793,39.99831],[-75.20786,39.99833],[-75.20779,39.99835],[-75.20771,39.99836],[-75.20764,39.99837],[-75.20761,39.99837],[-75.20757,39.99837],[-75.2074,39.99836],[-75.20736,39.99836],[-75.20733,39.99837],[-75.2073,39.99837],[-75.20727,39.99838],[-75.20718,39.99842],[-75.20714,39.99843],[-75.20711,39.99844],[-75.20707,39.99844],[-75.20705,39.99843],[-75.20703,39.99842],[-75.20695,39.99838],[-75.20693,39.99837],[-75.2069,39.99837],[-75.20688,39.99836],[-75.20686,39.99837],[-75.20684,39.99838],[-75.20676,39.99841],[-75.20671,39.99844],[-75.20658,39.99851],[-75.20654,39.99853],[-75.20648,39.99855],[-75.20629,39.99862],[-75.20622,39.99864],[-75.20616,39.99867],[-75.2061,39.9987],[-75.20606,39.99873],[-75.20597,39.99881],[-75.20595,39.99882],[-75.20592,39.99884],[-75.20588,39.99885],[-75.20579,39.99888],[-75.20576,39.99889],[-75.20575,39.9989],[-75.20573,39.99892],[-75.20572,39.99894],[-75.20571,39.99896],[-75.20569,39.99903],[-75.20568,39.99905],[-75.20567,39.99907],[-75.20564,39.9991],[-75.2056,39.99913],[-75.20555,39.99916],[-75.20551,39.99918],[-75.20548,39.99918],[-75.20545,39.99919],[-75.20531,39.9992],[-75.20528,39.99921],[-75.20526,39.99921],[-75.20518,39.99928],[-75.20516,39.99929],[-75.20514,39.9993],[-75.20511,39.99931],[-75.20509,39.99932],[-75.20497,39.99933],[-75.20494,39.99934],[-75.20491,39.99934],[-75.20488,39.99936],[-75.2048,39.9994],[-75.20476,39.99941],[-75.20474,39.99942],[-75.2047,39.99942],[-75.20458,39.99942],[-75.20454,39.99943],[-75.20451,39.99943],[-75.20448,39.99945],[-75.20446,39.99946],[-75.20444,39.99948],[-75.2044,39.99954],[-75.20438,39.99956],[-75.20437,39.99958],[-75.20435,39.99959],[-75.20434,39.99959],[-75.20432,39.9996],[-75.20428,39.9996],[-75.20424,39.9996],[-75.20413,39.99959],[-75.20409,39.99959],[-75.20405,39.99959],[-75.20403,39.9996],[-75.20401,39.9996],[-75.20399,39.99961],[-75.20398,39.99962],[-75.2039,39.99967],[-75.20388,39.99968],[-75.20386,39.99969],[-75.20383,39.9997],[-75.2038,39.9997],[-75.20376,39.99969],[-75.20369,39.99968],[-75.20365,39.99968],[-75.20362,39.99968],[-75.2036,39.99969],[-75.20358,39.9997],[-75.20356,39.99971],[-75.20354,39.99973],[-75.20347,39.99979],[-75.20345,39.99981],[-75.20343,39.99982],[-75.2034,39.99982],[-75.20337,39.99983],[-75.20333,39.99982],[-75.20324,39.99981],[-75.2032,39.99981],[-75.20316,39.99981],[-75.20313,39.99982],[-75.20309,39.99983],[-75.20302,39.99988],[-75.20299,39.9999],[-75.20296,39.99991],[-75.20294,39.99991],[-75.20284,39.99992],[-75.20281,39.99993],[-75.20279,39.99993],[-75.20276,39.99994],[-75.20275,39.99995],[-75.20273,39.99997],[-75.20267,40.00002],[-75.20265,40.00004],[-75.20259,40.00009],[-75.20254,40.00013],[-75.20249,40.00016],[-75.20244,40.00018],[-75.20241,40.0002],[-75.20232,40.00023],[-75.2023,40.00024],[-75.20228,40.00025],[-75.20226,40.00026],[-75.20225,40.00027],[-75.20219,40.00035],[-75.20217,40.00037],[-75.20215,40.00038],[-75.20214,40.00039],[-75.20211,40.0004],[-75.20204,40.00042],[-75.20201,40.00043],[-75.20199,40.00044],[-75.20197,40.00045],[-75.20196,40.00046],[-75.20195,40.00048],[-75.20192,40.00054],[-75.2019,40.00056],[-75.20189,40.00058],[-75.20186,40.0006],[-75.20178,40.00065],[-75.20176,40.00067],[-75.20174,40.00069],[-75.20172,40.00071],[-75.20171,40.00073],[-75.20171,40.00075],[-75.20171,40.00078],[-75.20173,40.00085],[-75.20173,40.00088],[-75.20172,40.0009],[-75.20172,40.00094],[-75.20172,40.001],[-75.20172,40.00103],[-75.20171,40.00107],[-75.20169,40.00113],[-75.20169,40.00116],[-75.20168,40.00118],[-75.20167,40.0012],[-75.20162,40.00128],[-75.2016,40.00131],[-75.20159,40.00134],[-75.20159,40.00138],[-75.20158,40.00142],[-75.20157,40.00154],[-75.20157,40.00157],[-75.20156,40.0016],[-75.20155,40.00163],[-75.20154,40.00166],[-75.20148,40.00175],[-75.20146,40.00178],[-75.20145,40.00182],[-75.20144,40.00185],[-75.20144,40.00187],[-75.20144,40.0019],[-75.20147,40.00199],[-75.20147,40.00203],[-75.20147,40.00208],[-75.20147,40.00217],[-75.20147,40.00221],[-75.20147,40.00224],[-75.20148,40.00228],[-75.20152,40.0024],[-75.20153,40.00245],[-75.20154,40.00252],[-75.20155,40.0026],[-75.20156,40.00269],[-75.20157,40.0028],[-75.20158,40.00298],[-75.20158,40.00318],[-75.20157,40.00325],[-75.20157,40.0033],[-75.20157,40.00333],[-75.20158,40.00336],[-75.2016,40.00345],[-75.20161,40.00349],[-75.20161,40.00351],[-75.20161,40.00353],[-75.20161,40.00355],[-75.2016,40.00357],[-75.20158,40.00358],[-75.20154,40.00361],[-75.20152,40.00363],[-75.20151,40.00364],[-75.20151,40.00366],[-75.20152,40.00367],[-75.20153,40.00369],[-75.20158,40.00376],[-75.20159,40.00379],[-75.2016,40.00381],[-75.2016,40.00383],[-75.20159,40.00384],[-75.20157,40.00386],[-75.20155,40.00387],[-75.20148,40.0039],[-75.20147,40.00391],[-75.20146,40.00392],[-75.20144,40.00393],[-75.20143,40.00394],[-75.20141,40.00395],[-75.20139,40.00396],[-75.20134,40.00398],[-75.20121,40.004],[-75.20116,40.00402],[-75.20114,40.00403],[-75.20112,40.00404],[-75.2011,40.00405],[-75.20108,40.00406],[-75.20104,40.00411],[-75.20099,40.00416],[-75.20095,40.00421],[-75.20092,40.00425],[-75.2009,40.00429],[-75.20085,40.0044],[-75.20082,40.00445],[-75.2008,40.00448],[-75.20077,40.00451],[-75.20066,40.0046],[-75.20062,40.00464],[-75.20059,40.00467],[-75.20057,40.00471],[-75.20056,40.00473],[-75.20055,40.0048],[-75.20054,40.00482],[-75.20053,40.00483],[-75.20052,40.00484],[-75.20049,40.00486],[-75.20046,40.00487],[-75.20038,40.0049],[-75.20036,40.00491],[-75.20034,40.00492],[-75.20033,40.00494],[-75.20032,40.00495],[-75.2003,40.00498],[-75.20029,40.00501],[-75.20027,40.00509],[-75.20025,40.00513],[-75.20023,40.00516],[-75.20021,40.00518],[-75.20018,40.0052],[-75.20015,40.00522],[-75.20011,40.00523],[-75.20003,40.00527],[-75.19998,40.00528],[-75.19987,40.0053],[-75.19983,40.00531],[-75.19979,40.00533],[-75.19978,40.00534],[-75.19976,40.00535],[-75.19975,40.00536],[-75.19972,40.0054],[-75.19971,40.00541],[-75.19969,40.00543],[-75.19966,40.00544],[-75.19957,40.00547],[-75.19954,40.00549],[-75.1995,40.00551],[-75.19941,40.00557],[-75.19937,40.00559],[-75.19934,40.0056],[-75.1993,40.00562],[-75.19913,40.00566],[-75.1991,40.00567],[-75.19907,40.00568],[-75.19899,40.00571],[-75.19892,40.00576],[-75.19885,40.0058],[-75.19869,40.0059],[-75.19861,40.00595],[-75.19836,40.0061],[-75.19827,40.00615],[-75.19821,40.00618],[-75.19816,40.00621],[-75.19811,40.00623],[-75.19806,40.00625],[-75.19802,40.00626],[-75.19797,40.00629],[-75.19776,40.0064],[-75.19771,40.00643],[-75.19766,40.00646],[-75.19759,40.0065],[-75.19751,40.00655],[-75.19744,40.0066],[-75.19737,40.00664],[-75.19731,40.00668],[-75.19727,40.00672],[-75.19724,40.00675],[-75.19722,40.00678],[-75.1972,40.0068],[-75.19716,40.00688],[-75.19714,40.00692],[-75.19712,40.00696],[-75.1971,40.007],[-75.19708,40.00706],[-75.19704,40.00723],[-75.19702,40.00728],[-75.197,40.00732],[-75.19698,40.00736],[-75.19695,40.0074],[-75.19688,40.00749],[-75.1968,40.00759],[-75.1967,40.00769],[-75.19659,40.0078],[-75.19647,40.00791],[-75.19632,40.00804],[-75.19613,40.0082]]},"properties":{"kind":"stream","name":"unnamed trib to Schuylkill River"}},{"type":"Feature","geometry":{"type":"LineString","coordinates":[[-75.17127,39.96711],[-75.17125,39.96708],[-75.17123,39.96706],[-75.17122,39.96703],[-75.17122,39.967],[-75.17122,39.96698],[-75.17123,39.96696],[-75.17124,39.96691],[-75.17126,39.96689],[-75.17129,39.96685],[-75.1713,39.96684],[-75.1713,39.96683],[-75.1713,39.96682],[-75.1713,39.9668],[-75.17128,39.96675],[-75.17124,39.96666],[-75.17123,39.9666],[-75.17123,39.96656],[-75.17124,39.96647],[-75.17124,39.96643],[-75.17123,39.96642],[-75.17122,39.9664],[-75.1712,39.96639],[-75.17116,39.96638],[-75.17114,39.96637],[-75.17113,39.96636],[-75.17112,39.96634],[-75.17111,39.96633],[-75.17109,39.96632],[-75.17104,39.96629],[-75.17102,39.96627],[-75.17101,39.96626],[-75.171,39.96625],[-75.171,39.96624],[-75.171,39.96622],[-75.171,39.96618],[-75.171,39.96613],[-75.17102,39.96603],[-75.17102,39.96603],[-75.17103,39.96603],[-75.17105,39.96602],[-75.17118,39.96598],[-75.1712,39.96597],[-75.17121,39.96596],[-75.17135,39.96578],[-75.17166,39.96543],[-75.17171,39.96504],[-75.17199,39.96488],[-75.17231,39.96481],[-75.17244,39.96467],[-75.17255,39.96452],[-75.17267,39.96432],[-75.17272,39.96422],[-75.17288,39.96382],[-75.17289,39.96364],[-75.1729,39.96346],[-75.17289,39.96329],[-75.17298,39.96318],[-75.17297,39.96317],[-75.17295,39.96309],[-75.17294,39.96289],[-75.17302,39.96268],[-75.17313,39.96243],[-75.17344,39.9622],[-75.17368,39.96207],[-75.17394,39.96201],[-75.1743,39.96183],[-75.17495,39.96154],[-75.175,39.96151],[-75.17542,39.96121],[-75.17554,39.96112],[-75.1757,39.96108],[-75.1759,39.96098],[-75.17966,39.96143],[-75.18068,39.96138]]},"properties":{"kind":"stream","name":"unnamed trib to Schuylkill River"}},{"type":"Feature","geometry":{"type":"LineString","coordinates":[[-75.18108,39.94509],[-75.18137,39.9452],[-75.18154,39.94541],[-75.18178,39.94547],[-75.18185,39.94568],[-75.18213,39.94579],[-75.18246,39.94634],[-75.1833,39.94644],[-75.18358,39.94665],[-75.18413,39.94683],[-75.18437,39.94699],[-75.18464,39.94708],[-75.18626,39.94718]]},"properties":{"kind":"stream","name":""}},{"type":"Feature","geometry":{"type":"LineString","coordinates":[[-75.14854,39.95855],[-75.14867,39.95839],[-75.14877,39.95813],[-75.14862,39.95761],[-75.14871,39.95735],[-75.14869,39.95708],[-75.14879,39.95682],[-75.14895,39.95662],[-75.14905,39.9565],[-75.14907,39.95629],[-75.14896,39.95614],[-75.14893,39.95602],[-75.14912,39.95581],[-75.14931,39.9557],[-75.14946,39.95558],[-75.14964,39.95542],[-75.14992,39.9552],[-75.15004,39.95463],[-75.14999,39.95449],[-75.15004,39.95432],[-75.1502,39.95421],[-75.15052,39.95418],[-75.15072,39.95418],[-75.15092,39.95421],[-75.15142,39.95434],[-75.15197,39.9545],[-75.15226,39.95449]]},"properties":{"kind":"stream","name":"Pegg Run"}},{"type":"Feature","geometry":{"type":"LineString","coordinates":[[-75.13385,40.00447],[-75.13386,40.00433],[-75.13388,40.00414],[-75.13388,40.00398],[-75.13389,40.00388],[-75.13389,40.00383],[-75.1339,40.00378],[-75.13392,40.00372],[-75.13394,40.00366],[-75.13399,40.00354],[-75.134,40.0035],[-75.13401,40.00347],[-75.13402,40.00343],[-75.13402,40.0034],[-75.13402,40.00336],[-75.13402,40.00333],[-75.13401,40.00331],[-75.13401,40.00329],[-75.13397,40.00322],[-75.13396,40.0032],[-75.13395,40.00317],[-75.13395,40.00315],[-75.13396,40.00311],[-75.13396,40.00303],[-75.13397,40.003],[-75.13398,40.00296],[-75.13399,40.00293],[-75.13401,40.00289],[-75.13404,40.00287],[-75.13407,40.00284],[-75.13413,40.00278],[-75.13416,40.00275],[-75.13417,40.00273],[-75.13418,40.00271],[-75.13419,40.00268],[-75.13419,40.00266],[-75.13419,40.00257],[-75.13419,40.00244],[-75.13417,40.00206],[-75.13416,40.00196],[-75.13416,40.00192],[-75.13416,40.0019],[-75.13416,40.00188],[-75.13417,40.00186],[-75.13418,40.00184],[-75.13425,40.00171],[-75.13427,40.00168],[-75.13429,40.00165],[-75.13441,40.00155],[-75.13444,40.00152],[-75.13446,40.0015],[-75.13448,40.00147],[-75.13449,40.00144],[-75.1345,40.00142],[-75.1345,40.00139],[-75.1345,40.00137],[-75.13449,40.00134],[-75.13446,40.00125],[-75.13445,40.00122],[-75.13444,40.00119],[-75.13437,40.00109],[-75.13434,40.00105],[-75.13433,40.00102],[-75.13432,40.00099],[-75.13432,40.00096],[-75.13432,40.00094],[-75.13434,40.00085],[-75.13435,40.00081],[-75.13438,40.00073],[-75.13439,40.00069],[-75.13439,40.00066],[-75.13438,40.00062],[-75.13438,40.0006],[-75.13436,40.00058],[-75.13434,40.00056],[-75.13427,40.00049],[-75.13425,40.00046],[-75.13424,40.00044],[-75.13423,40.00043],[-75.13423,40.00041],[-75.13423,40.00037],[-75.13424,40.00031],[-75.13426,40.00025],[-75.13427,40.00022],[-75.13429,40.00019],[-75.13431,40.00017],[-75.13436,40.00012],[-75.13438,40.00009],[-75.1344,40.00007],[-75.13446,40.00002],[-75.13448,40],[-75.13449,39.99998],[-75.13449,39.99997],[-75.1345,39.99995],[-75.1345,39.99994],[-75.13449,39.99991],[-75.13448,39.99988],[-75.13446,39.99984],[-75.13442,39.99978],[-75.13438,39.99971],[-75.13435,39.99966],[-75.13433,39.99961],[-75.13432,39.99957],[-75.13432,39.99956],[-75.13433,39.99955],[-75.13434,39.99953],[-75.13436,39.9995],[-75.13441,39.99946],[-75.13443,39.99944],[-75.13444,39.99941],[-75.13445,39.99939],[-75.13446,39.99937],[-75.13446,39.99935],[-75.13445,39.99919],[-75.13445,39.99916],[-75.13445,39.99914],[-75.13447,39.99903],[-75.13448,39.999],[-75.13449,39.99898],[-75.13451,39.99895],[-75.13454,39.99892],[-75.13458,39.99889],[-75.13468,39.99884],[-75.13472,39.99881],[-75.13474,39.9988],[-75.13475,39.99878],[-75.13477,39.99877],[-75.13478,39.99875],[-75.13473,39.99832]]},"properties":{"kind":"stream","name":"Gunner's Run, trib"}},{"type":"Feature","geometry":{"type":"LineString","coordinates":[[-75.14662,39.94783],[-75.1467,39.94814],[-75.14685,39.94834],[-75.14678,39.94872],[-75.14664,39.94906],[-75.1467,39.94927],[-75.14733,39.94988],[-75.14726,39.95017],[-75.14731,39.95034],[-75.14722,39.95061],[-75.1475,39.95092],[-75.1479,39.95106]]},"properties":{"kind":"stream","name":"Dock Creek"}},{"type":"Feature","geometry":{"type":"LineString","coordinates":[[-75.15358,39.98049],[-75.15346,39.98054],[-75.15335,39.9806],[-75.15323,39.98065],[-75.15311,39.9807],[-75.15303,39.98072],[-75.15283,39.98078],[-75.15278,39.9808],[-75.15273,39.98082],[-75.15268,39.98085],[-75.15256,39.98092],[-75.15253,39.98094],[-75.15251,39.98095],[-75.15245,39.98097],[-75.15232,39.981],[-75.15226,39.98102],[-75.15221,39.98104],[-75.15212,39.98109],[-75.15208,39.9811],[-75.15206,39.98111],[-75.15203,39.98112],[-75.15201,39.98112],[-75.15199,39.98112],[-75.15196,39.98112],[-75.15194,39.98112],[-75.15191,39.98111],[-75.1519,39.98111],[-75.15186,39.98112],[-75.15178,39.98112],[-75.15174,39.98112],[-75.15172,39.98112],[-75.15171,39.98113],[-75.15163,39.98116],[-75.15161,39.98117],[-75.15159,39.98117],[-75.15157,39.98117],[-75.15154,39.98116],[-75.15138,39.98112],[-75.15135,39.98111],[-75.15133,39.98111],[-75.15131,39.98112],[-75.15129,39.98112],[-75.15127,39.98113],[-75.15122,39.98116],[-75.1512,39.98117],[-75.15118,39.98117],[-75.15108,39.98118],[-75.15104,39.98118],[-75.15102,39.98118],[-75.15098,39.98117],[-75.1509,39.98114],[-75.15086,39.98113],[-75.15082,39.98112],[-75.15077,39.98112],[-75.15072,39.98112],[-75.15069,39.98112],[-75.15066,39.98113],[-75.15064,39.98114],[-75.15058,39.98117],[-75.15055,39.98118],[-75.15053,39.98119],[-75.1505,39.98119],[-75.15049,39.98119],[-75.15048,39.98119],[-75.15045,39.9812],[-75.15043,39.98121],[-75.15042,39.98121],[-75.15041,39.98121],[-75.15035,39.98119],[-75.1503,39.98118],[-75.15027,39.98118],[-75.15024,39.98118],[-75.15014,39.9812],[-75.1501,39.9812],[-75.15008,39.9812],[-75.15005,39.9812],[-75.15003,39.9812],[-75.15001,39.98119],[-75.14993,39.98115],[-75.14991,39.98114],[-75.14988,39.98113],[-75.14986,39.98113],[-75.14983,39.98113],[-75.14981,39.98114],[-75.14978,39.98115],[-75.14971,39.98118],[-75.14968,39.98119],[-75.14965,39.9812],[-75.14962,39.98121],[-75.14956,39.98121],[-75.1495,39.9812],[-75.14948,39.98119],[-75.14945,39.98118],[-75.14935,39.98113],[-75.14932,39.98113],[-75.1493,39.98112],[-75.14927,39.98112],[-75.14925,39.98112],[-75.14922,39.98112],[-75.14919,39.98112],[-75.14913,39.98114],[-75.14897,39.98118],[-75.14892,39.98119],[-75.14888,39.98119],[-75.14885,39.98119],[-75.14876,39.98119],[-75.14874,39.98119],[-75.14872,39.9812],[-75.14869,39.98121],[-75.14866,39.98122],[-75.14863,39.98124],[-75.14857,39.9813],[-75.14855,39.98131],[-75.14852,39.98133],[-75.14845,39.98136],[-75.14842,39.98137],[-75.14839,39.98138],[-75.14834,39.98138],[-75.14827,39.98139],[-75.14819,39.98139],[-75.14812,39.98139],[-75.14809,39.98139],[-75.14807,39.98139],[-75.14805,39.98139],[-75.14803,39.9814],[-75.148,39.98141],[-75.14792,39.98145],[-75.14786,39.98147]]},"properties":{"kind":"stream","name":"Cohocksink Creek, trib"}},{"type":"Feature","geometry":{"type":"LineString","coordinates":[[-75.15483,39.9226],[-75.15483,39.9226],[-75.15455,39.92224],[-75.15417,39.92178],[-75.1541,39.92171],[-75.15402,39.92166],[-75.15394,39.92161],[-75.15387,39.92155],[-75.15381,39.92149],[-75.15376,39.92145],[-75.1537,39.9214],[-75.15365,39.92136],[-75.15358,39.92132],[-75.15352,39.92129],[-75.15345,39.92126],[-75.15337,39.92124],[-75.15331,39.92122],[-75.15325,39.92121],[-75.15318,39.9212],[-75.15312,39.9212],[-75.15305,39.9212],[-75.15299,39.92121],[-75.15296,39.92121],[-75.15292,39.9212],[-75.1529,39.92119],[-75.15287,39.92117],[-75.15285,39.92116],[-75.15283,39.92114],[-75.1527,39.92102],[-75.15267,39.921],[-75.15262,39.92098],[-75.15258,39.92096],[-75.15253,39.92095],[-75.15247,39.92094],[-75.15243,39.92092],[-75.15238,39.9209],[-75.15234,39.92088],[-75.1523,39.92085],[-75.15225,39.9208],[-75.1522,39.92075],[-75.15216,39.92069],[-75.15213,39.92064],[-75.1521,39.92059],[-75.15206,39.92055],[-75.15201,39.92051],[-75.15196,39.92047],[-75.1519,39.92045],[-75.15181,39.92039],[-75.15172,39.92034],[-75.15162,39.92029],[-75.15151,39.92025],[-75.1514,39.92022],[-75.15129,39.92019],[-75.15118,39.92017],[-75.15113,39.92016],[-75.15109,39.92014],[-75.15103,39.92011],[-75.15089,39.92003],[-75.15084,39.92001],[-75.1508,39.91999],[-75.15075,39.91998],[-75.15071,39.91997],[-75.15066,39.91996],[-75.15061,39.91996],[-75.15048,39.91995],[-75.15035,39.91994],[-75.15022,39.91992],[-75.15009,39.9199],[-75.14997,39.91987],[-75.14984,39.91984],[-75.14972,39.9198],[-75.14965,39.91976],[-75.14958,39.91973],[-75.1495,39.9197],[-75.14942,39.91967],[-75.14932,39.91965],[-75.14922,39.91964],[-75.14912,39.91964],[-75.14902,39.91964],[-75.14892,39.91965],[-75.14882,39.91966],[-75.14872,39.91969],[-75.14863,39.91972],[-75.14856,39.91973],[-75.14849,39.91974],[-75.14841,39.91974],[-75.14833,39.91974],[-75.14825,39.91974],[-75.14822,39.91973],[-75.14819,39.91973],[-75.14814,39.91974],[-75.14809,39.91975],[-75.14804,39.91976],[-75.14792,39.91979],[-75.14785,39.91981],[-75.1478,39.91982],[-75.14776,39.91982],[-75.14772,39.91982],[-75.14767,39.91981],[-75.14761,39.9198],[-75.14755,39.91979],[-75.14749,39.91979],[-75.14742,39.91979],[-75.14736,39.9198],[-75.1473,39.91982],[-75.14723,39.91983],[-75.14716,39.91983],[-75.14709,39.91982],[-75.14704,39.91982],[-75.14699,39.91982],[-75.14693,39.91983],[-75.14687,39.91984],[-75.14683,39.91986],[-75.14679,39.91987],[-75.14674,39.91987],[-75.1467,39.91987],[-75.14665,39.91987],[-75.14661,39.91987],[-75.14656,39.91988],[-75.14652,39.91989],[-75.14647,39.9199],[-75.14624,39.91999],[-75.14618,39.92],[-75.14614,39.92001],[-75.14608,39.92002],[-75.14603,39.92003],[-75.14599,39.92002],[-75.14597,39.92002],[-75.14595,39.92001]]},"properties":{"kind":"stream","name":"unnamed trib to Delaware River"}},{"type":"Feature","geometry":{"type":"LineString","coordinates":[[-75.1764,39.95417],[-75.17625,39.95411],[-75.1761,39.95305],[-75.17627,39.95256]]},"properties":{"kind":"stream","name":""}},{"type":"Feature","geometry":{"type":"LineString","coordinates":[[-75.16199,39.9544],[-75.1609,39.9543],[-75.16069,39.95433],[-75.1605,39.95446],[-75.16019,39.95443],[-75.15998,39.95448],[-75.15945,39.95474],[-75.15916,39.95477],[-75.15882,39.95499]]},"properties":{"kind":"stream","name":""}},{"type":"Feature","geometry":{"type":"LineString","coordinates":[[-75.19972,39.94816],[-75.19993,39.94807],[-75.20014,39.94799],[-75.20027,39.94793],[-75.20034,39.9479],[-75.20036,39.94788],[-75.20039,39.94787],[-75.20046,39.9478],[-75.20049,39.94778],[-75.20052,39.94776],[-75.20055,39.94774],[-75.20057,39.94774],[-75.2006,39.94773],[-75.20065,39.94772],[-75.20081,39.94771],[-75.20085,39.9477],[-75.20088,39.94769],[-75.20092,39.94767],[-75.20095,39.94765],[-75.20097,39.94764],[-75.20101,39.94758],[-75.20103,39.94756],[-75.20105,39.94755],[-75.20106,39.94753],[-75.20108,39.94751],[-75.20112,39.94744],[-75.20113,39.94741],[-75.20115,39.94739],[-75.20117,39.94738],[-75.2012,39.94736],[-75.20126,39.94734],[-75.20132,39.94732],[-75.20142,39.94729]]},"properties":{"kind":"stream","name":"unnamed trib to Schuylkill River"}},{"type":"Feature","geometry":{"type":"LineString","coordinates":[[-75.16345,39.97482],[-75.16337,39.97484],[-75.16319,39.97491],[-75.16312,39.97494],[-75.16307,39.97495],[-75.16303,39.97495],[-75.163,39.97496],[-75.16296,39.97496],[-75.16294,39.97495],[-75.16292,39.97495],[-75.16287,39.97493],[-75.16281,39.97491],[-75.16271,39.97485],[-75.16267,39.97483],[-75.16262,39.97481],[-75.16258,39.9748],[-75.16244,39.97477],[-75.16238,39.97477],[-75.16232,39.97476],[-75.16227,39.97476],[-75.16222,39.97476],[-75.16217,39.97476],[-75.16212,39.97476],[-75.16207,39.97477],[-75.16195,39.9748],[-75.16192,39.97481],[-75.16189,39.97481],[-75.16182,39.97481],[-75.1618,39.9748],[-75.16177,39.9748],[-75.16171,39.97478],[-75.16168,39.97477],[-75.16164,39.97476],[-75.1616,39.97474],[-75.16158,39.97472],[-75.16156,39.9747],[-75.16155,39.97468],[-75.16153,39.97463],[-75.16151,39.97461],[-75.1615,39.9746],[-75.16149,39.97459],[-75.16147,39.97459],[-75.16145,39.97458],[-75.16143,39.97458],[-75.1614,39.97459],[-75.16125,39.97461],[-75.16122,39.97462],[-75.16119,39.97462],[-75.16117,39.97461],[-75.16115,39.97461],[-75.16103,39.97456],[-75.16101,39.97456],[-75.161,39.97455],[-75.16095,39.97456],[-75.1609,39.97457],[-75.16085,39.97458],[-75.16073,39.97461],[-75.16068,39.97463],[-75.16063,39.97463],[-75.1606,39.97464],[-75.16053,39.97463],[-75.16048,39.97462],[-75.16044,39.97461],[-75.16039,39.97459],[-75.16037,39.97458],[-75.16034,39.97456],[-75.16027,39.97449],[-75.16024,39.97446],[-75.16021,39.97445],[-75.16019,39.97444],[-75.16016,39.97443],[-75.16013,39.97443],[-75.16009,39.97443],[-75.15998,39.97444],[-75.15995,39.97444],[-75.15993,39.97444],[-75.15985,39.97443],[-75.1598,39.97442],[-75.15975,39.9744],[-75.1597,39.97438],[-75.15966,39.97437],[-75.15958,39.97434],[-75.15955,39.97433],[-75.15952,39.97431],[-75.15949,39.97429],[-75.15947,39.97427],[-75.15942,39.9742],[-75.1594,39.97418],[-75.15938,39.97417],[-75.15934,39.97415],[-75.15929,39.97414],[-75.15907,39.97409],[-75.15904,39.97408],[-75.15899,39.97406],[-75.15884,39.97397],[-75.1588,39.97395],[-75.15866,39.97388],[-75.15861,39.97386],[-75.15858,39.97385],[-75.15854,39.97384],[-75.15842,39.97381],[-75.15826,39.97379],[-75.15812,39.97377],[-75.15808,39.97377],[-75.15804,39.97378],[-75.158,39.97379],[-75.1579,39.97382],[-75.15785,39.97383],[-75.15783,39.97384],[-75.15781,39.97384],[-75.15779,39.97383],[-75.15777,39.97383],[-75.15774,39.97381],[-75.15768,39.97376],[-75.15764,39.97374],[-75.1576,39.97373],[-75.15755,39.97371],[-75.15749,39.9737],[-75.1574,39.97369],[-75.15736,39.97369],[-75.15732,39.97369],[-75.15719,39.97369],[-75.15715,39.9737],[-75.15711,39.97369],[-75.15708,39.97369],[-75.15702,39.97368],[-75.15696,39.97366],[-75.15691,39.97363],[-75.15678,39.97358],[-75.15672,39.97355],[-75.15664,39.97353],[-75.15647,39.97348],[-75.1564,39.97346],[-75.15633,39.97343],[-75.15627,39.97341],[-75.15622,39.97338],[-75.15615,39.97332],[-75.15613,39.97331],[-75.1561,39.97329],[-75.15607,39.97328],[-75.15604,39.97327],[-75.15601,39.97326],[-75.15597,39.97326],[-75.15594,39.97325],[-75.15587,39.97325],[-75.15579,39.97326],[-75.15574,39.97327],[-75.1557,39.97328],[-75.15564,39.9733],[-75.15557,39.97332],[-75.15552,39.97335],[-75.1554,39.97341],[-75.15537,39.97343],[-75.15534,39.97344],[-75.15526,39.97346],[-75.1552,39.97348],[-75.15517,39.97348],[-75.15514,39.97348],[-75.15511,39.97348],[-75.15509,39.97348],[-75.15505,39.97348],[-75.15498,39.97345],[-75.15489,39.97343],[-75.15486,39.97342],[-75.15484,39.97341],[-75.15481,39.9734],[-75.15479,39.97338],[-75.15475,39.97334],[-75.15467,39.97327],[-75.15464,39.97324],[-75.1546,39.97321],[-75.15456,39.97319],[-75.15449,39.97315],[-75.15441,39.97312],[-75.15433,39.97309],[-75.15423,39.97306],[-75.15419,39.97305],[-75.1541,39.97303],[-75.15406,39.97303],[-75.15403,39.97302],[-75.154,39.973],[-75.15397,39.97299],[-75.15396,39.97298],[-75.15394,39.97298],[-75.15392,39.97298],[-75.1539,39.97298],[-75.15386,39.97299],[-75.15377,39.97301],[-75.15373,39.97302],[-75.15368,39.97302],[-75.15354,39.97305],[-75.1535,39.97306],[-75.15346,39.97306],[-75.15337,39.97306],[-75.1533,39.97306],[-75.15324,39.97305],[-75.15322,39.97304],[-75.15319,39.97303],[-75.15317,39.97302],[-75.15315,39.973],[-75.15312,39.97298],[-75.15308,39.97292],[-75.15306,39.9729],[-75.15303,39.97288],[-75.15301,39.97286],[-75.15297,39.97285],[-75.15292,39.97284],[-75.15288,39.97283],[-75.15275,39.97282],[-75.15271,39.97281],[-75.15268,39.9728],[-75.15258,39.97278],[-75.15255,39.97276],[-75.15253,39.97275],[-75.15251,39.97274],[-75.1525,39.97273],[-75.15247,39.9727],[-75.15245,39.97267],[-75.15241,39.97259],[-75.15238,39.97256],[-75.15232,39.97245],[-75.1523,39.97243],[-75.15227,39.97241],[-75.15226,39.9724],[-75.15224,39.97238],[-75.15214,39.97233],[-75.15212,39.97232],[-75.1521,39.97231],[-75.15207,39.97227],[-75.15204,39.97223],[-75.15201,39.97219],[-75.15198,39.97214],[-75.15197,39.97212],[-75.15197,39.97209],[-75.15195,39.97199],[-75.15194,39.97197],[-75.15193,39.97195],[-75.15191,39.97192],[-75.15189,39.97189],[-75.15186,39.97186],[-75.15182,39.97183],[-75.15176,39.97178],[-75.1517,39.97175],[-75.15167,39.97173],[-75.15164,39.97172],[-75.15161,39.97171],[-75.15158,39.9717],[-75.15155,39.97169],[-75.15151,39.97169],[-75.15138,39.9717],[-75.15134,39.9717],[-75.15122,39.9717],[-75.15119,39.97169],[-75.15116,39.97169],[-75.15113,39.97168],[-75.15109,39.97166],[-75.15105,39.97164],[-75.15097,39.97158],[-75.15094,39.97156],[-75.15092,39.97155],[-75.15084,39.97151],[-75.15079,39.9715],[-75.15076,39.97149],[-75.15072,39.97149],[-75.1506,39.97148],[-75.15054,39.97148],[-75.15046,39.97146],[-75.15041,39.97146],[-75.15037,39.97144],[-75.15033,39.97143],[-75.1503,39.97142],[-75.15027,39.9714],[-75.15018,39.97133],[-75.15017,39.97131],[-75.15016,39.97129],[-75.15014,39.97127],[-75.15008,39.97124],[-75.15002,39.97121],[-75.14998,39.97119],[-75.14991,39.97117],[-75.14983,39.97116],[-75.14978,39.97115],[-75.14972,39.97115],[-75.14968,39.97115],[-75.14965,39.97115],[-75.14961,39.97116],[-75.14958,39.97116],[-75.14955,39.97116],[-75.14949,39.97116],[-75.14946,39.97116],[-75.14941,39.97116],[-75.14935,39.97117],[-75.14928,39.97118],[-75.14918,39.97121],[-75.14907,39.97124],[-75.14902,39.97125],[-75.14898,39.97127],[-75.14894,39.97129],[-75.14892,39.9713],[-75.14891,39.97132],[-75.14886,39.97138],[-75.14884,39.97139],[-75.14883,39.9714],[-75.1488,39.97142],[-75.14876,39.97143],[-75.14872,39.97144],[-75.14867,39.97145],[-75.14864,39.97145],[-75.14855,39.97145],[-75.14852,39.97145],[-75.14848,39.97146],[-75.14843,39.97147],[-75.14839,39.97149],[-75.14835,39.97151],[-75.14832,39.97153],[-75.14827,39.97159],[-75.14824,39.97161],[-75.1482,39.97163],[-75.14816,39.97165],[-75.14811,39.97166],[-75.14806,39.97166],[-75.14799,39.97167],[-75.14796,39.97167],[-75.14793,39.97167],[-75.14781,39.97165],[-75.14776,39.97165],[-75.1477,39.97165],[-75.14759,39.97167],[-75.14755,39.97167],[-75.14751,39.97167],[-75.14747,39.97167],[-75.14743,39.97166],[-75.14742,39.97167],[-75.1474,39.97167],[-75.14735,39.9717],[-75.14733,39.9717],[-75.14731,39.9717],[-75.14728,39.9717],[-75.14719,39.97169],[-75.14716,39.97169],[-75.14711,39.97169],[-75.14706,39.9717],[-75.147,39.97171],[-75.14695,39.97172],[-75.14693,39.97173],[-75.1469,39.97174],[-75.1468,39.9718],[-75.14678,39.97181],[-75.14675,39.97182],[-75.1467,39.97183],[-75.14665,39.97183],[-75.1466,39.97183],[-75.14656,39.97182],[-75.14655,39.97182],[-75.14653,39.97181],[-75.14646,39.97177],[-75.14645,39.97176],[-75.14643,39.97175],[-75.14641,39.97175],[-75.14639,39.97175],[-75.14636,39.97176],[-75.14633,39.97176],[-75.14599,39.97191],[-75.14567,39.97198],[-75.14492,39.97228]]},"properties":{"kind":"stream","name":"Cohocksink Creek, trib"}},{"type":"Feature","geometry":{"type":"LineString","coordinates":[[-75.16405,39.94348],[-75.16385,39.94352],[-75.16349,39.9435],[-75.16331,39.94359],[-75.16309,39.9437],[-75.16276,39.94376],[-75.16238,39.94388],[-75.16211,39.94388],[-75.16175,39.94413],[-75.16147,39.94422],[-75.16142,39.94437],[-75.16141,39.94453],[-75.16135,39.94474],[-75.16136,39.94497],[-75.16126,39.94512],[-75.16107,39.94606],[-75.16081,39.94631],[-75.16068,39.94671],[-75.16051,39.9469]]},"properties":{"kind":"stream","name":"Shackaminsing Creek"}},{"type":"Feature","geometry":{"type":"LineString","coordinates":[[-75.15226,39.95449],[-75.15251,39.95431]]},"properties":{"kind":"stream","name":"Pegg Run"}},{"type":"Feature","geometry":{"type":"LineString","coordinates":[[-75.15675,39.91393],[-75.15643,39.91436],[-75.15633,39.9146],[-75.15612,39.9148],[-75.15597,39.91511],[-75.15557,39.9155],[-75.15527,39.91574],[-75.1551,39.91602],[-75.15492,39.91611],[-75.15469,39.9164],[-75.15431,39.91659],[-75.15409,39.91681],[-75.15368,39.917],[-75.15333,39.91711],[-75.15282,39.91704],[-75.15094,39.91658],[-75.15069,39.91655],[-75.14927,39.91643],[-75.14677,39.91572],[-75.14648,39.91561],[-75.14556,39.91545],[-75.14422,39.91531],[-75.14336,39.91524],[-75.14219,39.91516],[-75.14107,39.91508],[-75.14034,39.91495],[-75.13965,39.91476],[-75.13922,39.91461],[-75.13832,39.91443],[-75.13792,39.91435],[-75.13766,39.91439],[-75.13747,39.9145],[-75.13716,39.91482],[-75.137,39.91491],[-75.13582,39.91543],[-75.13112,39.91689],[-75.13092,39.91693]]},"properties":{"kind":"stream","name":"unnamed trib to Delaware River"}},{"type":"Feature","geometry":{"type":"LineString","coordinates":[[-75.21239,39.95375],[-75.21233,39.95377],[-75.21227,39.9538],[-75.21221,39.95382],[-75.21216,39.95385],[-75.21213,39.95387],[-75.21209,39.9539],[-75.21199,39.95398],[-75.21196,39.95401],[-75.21192,39.95403],[-75.21189,39.95405],[-75.21183,39.95408],[-75.21178,39.9541],[-75.21172,39.95412],[-75.21167,39.95413],[-75.21163,39.95413],[-75.21158,39.95414],[-75.21144,39.95413],[-75.2114,39.95413],[-75.21136,39.95414],[-75.21133,39.95414],[-75.2113,39.95415],[-75.21128,39.95416],[-75.21124,39.95418],[-75.2112,39.95422],[-75.21111,39.9543],[-75.21106,39.95433],[-75.21104,39.95435],[-75.21102,39.95436],[-75.21099,39.95437],[-75.21097,39.95438],[-75.21091,39.9544],[-75.21081,39.95441],[-75.21077,39.95442],[-75.21067,39.95443],[-75.21062,39.95443],[-75.21059,39.95444],[-75.21056,39.95445],[-75.21045,39.95451],[-75.2104,39.95453],[-75.21036,39.95454],[-75.21026,39.95459],[-75.21023,39.9546],[-75.2102,39.95461],[-75.21016,39.95461],[-75.21012,39.95462],[-75.20989,39.95463],[-75.20984,39.95463],[-75.20981,39.95464]]},"properties":{"kind":"stream","name":"unnamed trib to Mill Creek"}},{"type":"Feature","geometry":{"type":"LineString","coordinates":[[-75.15982,40.00653],[-75.15976,40.00655],[-75.15971,40.00656],[-75.15965,40.00657],[-75.1596,40.00657],[-75.15957,40.00658],[-75.15954,40.00658],[-75.15947,40.00657],[-75.1594,40.00656],[-75.15925,40.00653],[-75.15917,40.00652],[-75.15914,40.00652],[-75.1591,40.00652],[-75.15907,40.00652],[-75.15904,40.00653],[-75.159,40.00654],[-75.15889,40.00658],[-75.15886,40.00659],[-75.15884,40.00659],[-75.15877,40.0066],[-75.1587,40.0066],[-75.15865,40.0066],[-75.15863,40.00659],[-75.15861,40.00659],[-75.15858,40.00658],[-75.15853,40.00654],[-75.1585,40.00653],[-75.15847,40.00652],[-75.15844,40.00651],[-75.15833,40.0065],[-75.15822,40.00649],[-75.15812,40.00648],[-75.15803,40.00648],[-75.15794,40.00649],[-75.15791,40.00649],[-75.15788,40.0065],[-75.15784,40.00651],[-75.15781,40.00653],[-75.15777,40.00655],[-75.15773,40.00657],[-75.15757,40.00666],[-75.1575,40.0067],[-75.15746,40.00672],[-75.15742,40.00673],[-75.15738,40.00674],[-75.15734,40.00675],[-75.15726,40.00676],[-75.15717,40.00676],[-75.15708,40.00676],[-75.157,40.00675],[-75.15696,40.00675],[-75.15692,40.00673],[-75.15687,40.00672],[-75.15674,40.00666],[-75.15669,40.00665],[-75.15665,40.00664],[-75.1566,40.00663],[-75.15655,40.00663],[-75.1565,40.00663],[-75.15638,40.00664],[-75.15632,40.00664],[-75.15626,40.00664],[-75.15622,40.00663],[-75.15618,40.00662],[-75.15615,40.00661],[-75.15611,40.00659],[-75.156,40.00653],[-75.15596,40.00651],[-75.15593,40.0065],[-75.15588,40.00649],[-75.15583,40.00649],[-75.15577,40.00649],[-75.15564,40.00649],[-75.15557,40.00648],[-75.15554,40.00648],[-75.15551,40.00647],[-75.15549,40.00647],[-75.15546,40.00646],[-75.15544,40.00644],[-75.15541,40.00642],[-75.15539,40.0064],[-75.15532,40.00633],[-75.15529,40.00631],[-75.15527,40.0063],[-75.15521,40.00627],[-75.15516,40.00624],[-75.1551,40.00622],[-75.15504,40.0062],[-75.15501,40.00619],[-75.15497,40.00618],[-75.15484,40.00618],[-75.15479,40.00617],[-75.15475,40.00617],[-75.15472,40.00615],[-75.1547,40.00615],[-75.15468,40.00613],[-75.15467,40.00612],[-75.15465,40.00611],[-75.15462,40.00607],[-75.15457,40.00598],[-75.15454,40.00594],[-75.15453,40.00593],[-75.15451,40.00591],[-75.1545,40.0059],[-75.15448,40.00589],[-75.15445,40.00587],[-75.1544,40.00586],[-75.15436,40.00586],[-75.15425,40.00585],[-75.1542,40.00584],[-75.15418,40.00583],[-75.15416,40.00583],[-75.15414,40.00582],[-75.15413,40.00581],[-75.15408,40.00576],[-75.15401,40.00569],[-75.15396,40.00564],[-75.15393,40.00561],[-75.15389,40.00552],[-75.15385,40.00545],[-75.1538,40.00538],[-75.15369,40.00524],[-75.15364,40.00518],[-75.15362,40.00515],[-75.1536,40.00512],[-75.15359,40.00508],[-75.15358,40.00505],[-75.15357,40.00502],[-75.15356,40.00493],[-75.15355,40.0049],[-75.15353,40.00486],[-75.1535,40.00483],[-75.15347,40.0048],[-75.15338,40.00472],[-75.15335,40.00469],[-75.15332,40.00465],[-75.1533,40.00462],[-75.15329,40.00457],[-75.15328,40.00452],[-75.15328,40.00447],[-75.15328,40.00436],[-75.15328,40.0043],[-75.15326,40.00419],[-75.15325,40.0041],[-75.15323,40.00404],[-75.1532,40.00391],[-75.15319,40.00387],[-75.15319,40.00383],[-75.15319,40.00378],[-75.15319,40.00368],[-75.15319,40.00363],[-75.15319,40.0036],[-75.15318,40.00357],[-75.15313,40.00343],[-75.15312,40.00337],[-75.15311,40.0033],[-75.15311,40.00322],[-75.1531,40.00315],[-75.15311,40.00308],[-75.15312,40.00295],[-75.15313,40.00284],[-75.15315,40.00275],[-75.15317,40.00266],[-75.15323,40.00253],[-75.15329,40.00241],[-75.15333,40.00228],[-75.15337,40.00215],[-75.1534,40.00202],[-75.15342,40.00189],[-75.15344,40.00175],[-75.15346,40.00165],[-75.15349,40.00155],[-75.15352,40.00145],[-75.15355,40.00135],[-75.15358,40.00124],[-75.1536,40.00114],[-75.15362,40.00103],[-75.15363,40.00092],[-75.15363,40.00082],[-75.15362,40.00071],[-75.15362,40.00067],[-75.15361,40.00062],[-75.15359,40.00058],[-75.15357,40.00055],[-75.15354,40.00051],[-75.1535,40.00048],[-75.15345,40.00045],[-75.1534,40.00043],[-75.15335,40.00042],[-75.1533,40.00041],[-75.15324,40.00041],[-75.15309,40.00039],[-75.15295,40.00038],[-75.15288,40.00038],[-75.15284,40.00038],[-75.15281,40.00038],[-75.15278,40.00038],[-75.15275,40.00039],[-75.15271,40.0004],[-75.15261,40.00044],[-75.15248,40.0005],[-75.15243,40.00052],[-75.1524,40.00052],[-75.15237,40.00053],[-75.15235,40.00053],[-75.15233,40.00053],[-75.15229,40.00053],[-75.15224,40.00051],[-75.15201,40.00043],[-75.15197,40.00042],[-75.15193,40.00042],[-75.15189,40.00042],[-75.1518,40.00043],[-75.15176,40.00044],[-75.15172,40.00043],[-75.15169,40.00043],[-75.15166,40.00041],[-75.15155,40.00035],[-75.15152,40.00034],[-75.15151,40.00033],[-75.15143,40.00037],[-75.1514,40.00038],[-75.15137,40.00039],[-75.15134,40.00039],[-75.15132,40.0004],[-75.1513,40.00039],[-75.15128,40.00039],[-75.15126,40.00038],[-75.15125,40.00037],[-75.1512,40.0003],[-75.15118,40.00028],[-75.15113,40.00025],[-75.15109,40.00023],[-75.15105,40.00021],[-75.15101,40.00019],[-75.15098,40.00019],[-75.15095,40.00019],[-75.15091,40.00019],[-75.1508,40.0002],[-75.15077,40.0002],[-75.15074,40.0002],[-75.15071,40.00019],[-75.15067,40.00018],[-75.15063,40.00016],[-75.15054,40.00012],[-75.15051,40.0001],[-75.15046,40.00008],[-75.15042,40.00007],[-75.15036,40.00006],[-75.1503,40.00006],[-75.15025,40.00006],[-75.15021,40.00007],[-75.15017,40.00008],[-75.1501,40.00011],[-75.15008,40.00012],[-75.15007,40.00012],[-75.15004,40.00013],[-75.15001,40.00013],[-75.14994,40.00012],[-75.1499,40.00011],[-75.14985,40.0001],[-75.1498,40.00007],[-75.14969,40.00001],[-75.14964,39.99999],[-75.14962,39.99998],[-75.14959,39.99997],[-75.14957,39.99996],[-75.14954,39.99996],[-75.14952,39.99996],[-75.14949,39.99996],[-75.14935,39.99997],[-75.14932,39.99997],[-75.1493,39.99996],[-75.14926,39.99996],[-75.14922,39.99994],[-75.14918,39.99993],[-75.14915,39.99991],[-75.14911,39.99989],[-75.14907,39.99986],[-75.14893,39.99976],[-75.14886,39.99972],[-75.1488,39.99967],[-75.14875,39.99962],[-75.14871,39.99958],[-75.14867,39.99954],[-75.14863,39.99949],[-75.14853,39.99934],[-75.14849,39.99927],[-75.14845,39.99918],[-75.14841,39.9991],[-75.14834,39.99888],[-75.14831,39.99881],[-75.14828,39.99876],[-75.14825,39.9987],[-75.14821,39.99864],[-75.14817,39.9986],[-75.14813,39.99855],[-75.14808,39.99852],[-75.14797,39.99845],[-75.14794,39.99843],[-75.14791,39.99841],[-75.14789,39.99838],[-75.14787,39.99834],[-75.14785,39.9983],[-75.14782,39.9982],[-75.1478,39.99817],[-75.14779,39.99814],[-75.14773,39.99807],[-75.14768,39.998],[-75.14762,39.99795],[-75.14756,39.9979],[-75.14749,39.99785],[-75.14741,39.9978],[-75.14738,39.99779],[-75.14734,39.99777],[-75.14731,39.99776],[-75.14727,39.99775],[-75.14723,39.99774],[-75.14719,39.99773],[-75.14715,39.99773],[-75.1471,39.99772],[-75.14706,39.99772],[-75.14702,39.99772],[-75.14698,39.99772],[-75.14695,39.99773],[-75.14683,39.99778],[-75.14671,39.99784],[-75.1466,39.9979],[-75.14655,39.99791],[-75.14649,39.99792],[-75.14643,39.99793],[-75.14637,39.99793],[-75.14631,39.99792],[-75.14625,39.99791],[-75.14619,39.99791],[-75.14614,39.99791],[-75.14608,39.99792],[-75.14603,39.99793],[-75.14598,39.99796],[-75.14592,39.99799],[-75.14587,39.99803],[-75.14582,39.99807],[-75.14578,39.99812],[-75.14575,39.99817],[-75.1457,39.99821],[-75.14565,39.99825],[-75.1456,39.99829],[-75.14553,39.99832],[-75.14547,39.99834],[-75.1454,39.99836],[-75.14533,39.99837],[-75.14525,39.99837],[-75.14518,39.99836],[-75.14511,39.99835],[-75.14504,39.99833],[-75.14498,39.99831],[-75.14492,39.99828],[-75.14486,39.99824],[-75.14482,39.99821],[-75.14479,39.9982],[-75.14475,39.99819],[-75.14471,39.99817],[-75.14467,39.99816],[-75.14463,39.99815],[-75.14454,39.99814],[-75.14436,39.99812],[-75.1443,39.99811],[-75.14414,39.99808],[-75.14405,39.99807],[-75.144,39.99806],[-75.14396,39.99806],[-75.14392,39.99807],[-75.14388,39.99808],[-75.14386,39.99809],[-75.14383,39.9981],[-75.14375,39.99816],[-75.14372,39.99817],[-75.14369,39.99819],[-75.14366,39.99819],[-75.14361,39.9982],[-75.14355,39.9982],[-75.1435,39.9982],[-75.14346,39.99819],[-75.14344,39.99818],[-75.14341,39.99817],[-75.14339,39.99814],[-75.14337,39.99812],[-75.14334,39.99809],[-75.14331,39.99808],[-75.14327,39.99806],[-75.14323,39.99805],[-75.14319,39.99805],[-75.14315,39.99805],[-75.14311,39.99806],[-75.14308,39.99807],[-75.14301,39.99812],[-75.14293,39.99817],[-75.14285,39.99821],[-75.14277,39.99825],[-75.14268,39.99828],[-75.14259,39.9983],[-75.14249,39.99832],[-75.1424,39.99833],[-75.14232,39.99831],[-75.14229,39.9983],[-75.14226,39.99828],[-75.14223,39.99826],[-75.14216,39.9982],[-75.14213,39.99818],[-75.1421,39.99816],[-75.14209,39.99816],[-75.14207,39.99815],[-75.14203,39.99815],[-75.14198,39.99816],[-75.14194,39.99816],[-75.14189,39.99818],[-75.14185,39.99819],[-75.14181,39.99822],[-75.14177,39.99824],[-75.14173,39.99827]]},"properties":{"kind":"stream","name":"Three Mile Run"}},{"type":"Feature","geometry":{"type":"LineString","coordinates":[[-75.19944,39.954],[-75.1994,39.95399],[-75.19937,39.95398],[-75.19934,39.95398],[-75.19927,39.95397],[-75.19922,39.95397],[-75.19908,39.95394],[-75.19892,39.95391],[-75.19889,39.9539],[-75.19885,39.95388],[-75.19872,39.95382],[-75.19867,39.9538],[-75.19864,39.95379],[-75.19861,39.95378],[-75.19858,39.95377],[-75.19856,39.95377],[-75.19853,39.95377],[-75.1985,39.95378],[-75.19845,39.95379],[-75.19833,39.95382],[-75.19828,39.95383],[-75.19822,39.95383],[-75.19819,39.95383],[-75.19817,39.95383],[-75.19812,39.95382],[-75.19807,39.95381],[-75.19802,39.95379],[-75.19798,39.95377],[-75.19792,39.95375],[-75.19786,39.95374],[-75.1978,39.95373],[-75.19774,39.95374],[-75.19768,39.95374],[-75.19761,39.95375],[-75.19753,39.95376],[-75.19746,39.95375],[-75.19738,39.95374],[-75.19731,39.95373],[-75.19724,39.9537],[-75.19717,39.95367],[-75.19714,39.95365],[-75.19711,39.95364],[-75.19708,39.95362],[-75.19704,39.95362],[-75.197,39.95361],[-75.19697,39.95361],[-75.19693,39.95362],[-75.19688,39.95363],[-75.19683,39.95364],[-75.19679,39.95367],[-75.19671,39.95367],[-75.19655,39.95366],[-75.19649,39.95366],[-75.19645,39.95366],[-75.19642,39.95365],[-75.19638,39.95364],[-75.19628,39.95361],[-75.19624,39.9536],[-75.19621,39.9536],[-75.19618,39.9536],[-75.19615,39.9536],[-75.19604,39.95361],[-75.19601,39.95362],[-75.19597,39.95362],[-75.19594,39.95361],[-75.19591,39.95361],[-75.19589,39.9536],[-75.19587,39.95358],[-75.19582,39.95354],[-75.19581,39.95353],[-75.19579,39.95352],[-75.19578,39.95352],[-75.19576,39.95352],[-75.19574,39.95353],[-75.19567,39.95354],[-75.19565,39.95354],[-75.19563,39.95354],[-75.19561,39.95354],[-75.1956,39.95353],[-75.19552,39.95349],[-75.19549,39.95348],[-75.19547,39.95347],[-75.19544,39.95347],[-75.19542,39.95347],[-75.19535,39.95348],[-75.19533,39.95348],[-75.1953,39.95348],[-75.19528,39.95347],[-75.19525,39.95347],[-75.19523,39.95346],[-75.19513,39.95342],[-75.1951,39.9534],[-75.19504,39.95339],[-75.19499,39.95338],[-75.19492,39.95337],[-75.19484,39.95337],[-75.19476,39.95337],[-75.19456,39.95337],[-75.19445,39.95337],[-75.19437,39.95336],[-75.19416,39.95333],[-75.19402,39.95333],[-75.19397,39.95332],[-75.19393,39.95331],[-75.19388,39.9533],[-75.19383,39.95328],[-75.19374,39.95324],[-75.1937,39.95322],[-75.19366,39.95321],[-75.19363,39.9532],[-75.19358,39.95319],[-75.19354,39.95319],[-75.1935,39.9532],[-75.19341,39.95322],[-75.19336,39.95322],[-75.1933,39.95322],[-75.19324,39.95321],[-75.19317,39.9532],[-75.19314,39.95319],[-75.19312,39.95318],[-75.19309,39.95317],[-75.19302,39.95313],[-75.193,39.95312],[-75.19298,39.95311],[-75.19295,39.95311],[-75.19292,39.95311],[-75.19289,39.95311],[-75.19281,39.95312],[-75.19278,39.95312],[-75.19275,39.95312],[-75.19272,39.95311],[-75.19269,39.95311],[-75.19265,39.95309],[-75.19259,39.95307],[-75.19255,39.95305],[-75.19252,39.95305],[-75.19248,39.95304],[-75.19245,39.95304],[-75.19241,39.95304],[-75.19238,39.95305],[-75.19235,39.95306],[-75.19232,39.95307],[-75.19228,39.95308],[-75.19223,39.95309],[-75.19219,39.95308],[-75.19214,39.95308],[-75.1921,39.95307],[-75.19203,39.95306],[-75.19196,39.95305],[-75.1919,39.95306],[-75.19183,39.95306],[-75.19177,39.95307],[-75.19171,39.95309],[-75.19165,39.9531],[-75.1916,39.95313],[-75.19155,39.95315],[-75.1915,39.95318]]},"properties":{"kind":"stream","name":"unnamed trib to Beaver Creek"}},{"type":"Feature","geometry":{"type":"LineString","coordinates":[[-75.16687,39.94794],[-75.16696,39.94819],[-75.16703,39.94845],[-75.16701,39.94862],[-75.1668,39.94879],[-75.16661,39.94903],[-75.16638,39.94921],[-75.16632,39.94952],[-75.16618,39.9499]]},"properties":{"kind":"stream","name":"Shackaminsing Creek"}},{"type":"Feature","geometry":{"type":"LineString","coordinates":[[-75.15889,39.94388],[-75.15883,39.94414],[-75.15882,39.94431],[-75.1588,39.94447],[-75.15878,39.94512]]},"properties":{"kind":"stream","name":"Shackaminsing Creek"}},{"type":"Feature","geometry":{"type":"LineString","coordinates":[[-75.11601,39.99781],[-75.11598,39.99777],[-75.11594,39.99774],[-75.11591,39.99771],[-75.11586,39.99768],[-75.11583,39.99767],[-75.11575,39.99766],[-75.11573,39.99765],[-75.11572,39.99765],[-75.11571,39.99763],[-75.11569,39.99761],[-75.11568,39.99759],[-75.11566,39.99753],[-75.11565,39.99751],[-75.11565,39.9975],[-75.11561,39.99746],[-75.11558,39.99743],[-75.11555,39.99741],[-75.11553,39.9974],[-75.11551,39.99739],[-75.11549,39.99739],[-75.11542,39.99738],[-75.11539,39.99738],[-75.11533,39.99736],[-75.11527,39.99734],[-75.11521,39.99731],[-75.11517,39.99729],[-75.11515,39.99727],[-75.11513,39.99725],[-75.11511,39.99723],[-75.11509,39.99721],[-75.11507,39.99716],[-75.11502,39.99706],[-75.11499,39.99701],[-75.11493,39.99693],[-75.1149,39.99688],[-75.11487,39.99686],[-75.11484,39.99683],[-75.11471,39.99675],[-75.11466,39.99672],[-75.11462,39.99669],[-75.11458,39.99665],[-75.11442,39.99649],[-75.11435,39.99642],[-75.11431,39.99638],[-75.11427,39.99635],[-75.11422,39.99633],[-75.11417,39.9963],[-75.11403,39.99625],[-75.11399,39.99623],[-75.11396,39.99621],[-75.11393,39.99619],[-75.11391,39.99617],[-75.11388,39.99615],[-75.11387,39.99613],[-75.11385,39.9961],[-75.11384,39.99606],[-75.11383,39.99603],[-75.11382,39.996],[-75.1138,39.99589],[-75.1138,39.99585],[-75.11378,39.99581],[-75.11377,39.99578],[-75.11375,39.99577],[-75.11374,39.99575],[-75.11372,39.99574],[-75.1137,39.99573],[-75.11365,39.9957],[-75.11352,39.99565],[-75.11349,39.99563],[-75.11346,39.99561],[-75.11344,39.99559],[-75.11341,39.99558],[-75.11338,39.99557],[-75.11336,39.99556],[-75.11324,39.99552],[-75.1132,39.99552],[-75.11318,39.99551],[-75.11317,39.99549],[-75.11315,39.99546],[-75.11313,39.99545],[-75.11312,39.99544],[-75.11312,39.99542],[-75.11311,39.99541],[-75.11311,39.99536],[-75.11311,39.99534],[-75.1131,39.99533],[-75.11308,39.99531],[-75.11306,39.99529],[-75.11294,39.99522],[-75.11292,39.9952],[-75.1129,39.99518],[-75.11286,39.99514],[-75.11283,39.99511],[-75.11281,39.99508],[-75.11279,39.99505],[-75.11278,39.99503],[-75.11278,39.99501],[-75.11276,39.99492],[-75.11276,39.9949],[-75.11275,39.99488],[-75.11274,39.99485],[-75.11272,39.99482],[-75.11262,39.9947],[-75.1126,39.99469],[-75.11258,39.99467],[-75.11255,39.99465],[-75.11246,39.9946],[-75.11244,39.99458],[-75.11242,39.99457],[-75.11238,39.99453],[-75.11228,39.99444],[-75.11226,39.99442],[-75.11225,39.9944],[-75.11224,39.99438],[-75.11223,39.99433],[-75.11222,39.99431],[-75.11221,39.9943],[-75.1122,39.99429],[-75.11218,39.99427]]},"properties":{"kind":"stream","name":"Gunner's Run, trib"}},{"type":"Feature","geometry":{"type":"MultiLineString","coordinates":[[[-75.19645,39.8872],[-75.19652,39.88758],[-75.19658,39.88797],[-75.19664,39.88835],[-75.19668,39.88874],[-75.19672,39.88912],[-75.19675,39.88951],[-75.19676,39.8899],[-75.19678,39.89028],[-75.19678,39.89067],[-75.19677,39.89106],[-75.19675,39.89145],[-75.19673,39.89183],[-75.1967,39.89222],[-75.19666,39.8926],[-75.1966,39.89299],[-75.19663,39.89307],[-75.19666,39.89315],[-75.1967,39.89323],[-75.19675,39.8933],[-75.1968,39.89337],[-75.19695,39.89349],[-75.19711,39.8936],[-75.19727,39.89371],[-75.19743,39.89381],[-75.1976,39.89391],[-75.19778,39.894],[-75.19796,39.89409],[-75.19815,39.89417],[-75.19834,39.89424],[-75.19853,39.8943],[-75.19873,39.89436],[-75.19893,39.89442],[-75.19913,39.89446],[-75.19934,39.8945],[-75.19952,39.89454],[-75.1997,39.89456],[-75.19989,39.89459],[-75.20007,39.89461],[-75.20026,39.89462],[-75.20109,39.89463],[-75.20192,39.89465],[-75.20274,39.89468],[-75.20357,39.89471],[-75.20439,39.89475],[-75.20522,39.8948],[-75.20604,39.89485],[-75.2066,39.89493],[-75.20716,39.89502],[-75.20734,39.89508],[-75.20751,39.89513],[-75.20769,39.8952],[-75.20785,39.89527],[-75.20802,39.89534],[-75.20818,39.89542],[-75.20834,39.89551],[-75.20849,39.8956],[-75.20864,39.89569],[-75.20878,39.89579],[-75.20892,39.8959],[-75.20905,39.89601],[-75.20917,39.89612],[-75.20947,39.89632],[-75.20977,39.89652],[-75.21006,39.89673],[-75.21035,39.89694],[-75.21063,39.89716],[-75.2109,39.89738],[-75.21116,39.89761],[-75.21142,39.89784],[-75.21167,39.89807],[-75.21192,39.89831],[-75.21216,39.89856],[-75.21239,39.89881],[-75.21261,39.89906],[-75.21283,39.89932],[-75.21304,39.89958],[-75.21324,39.89984],[-75.21343,39.90011],[-75.21361,39.90038],[-75.21379,39.90065],[-75.21396,39.90093],[-75.21412,39.90121],[-75.21427,39.90149],[-75.21442,39.90177],[-75.21455,39.90206],[-75.21468,39.90235],[-75.2148,39.90264],[-75.21491,39.90293],[-75.21501,39.90323],[-75.21507,39.90349],[-75.21513,39.90375],[-75.21518,39.90401],[-75.21522,39.90428],[-75.21526,39.90454],[-75.21528,39.90481],[-75.21529,39.90508],[-75.2153,39.90534],[-75.21529,39.90561],[-75.21528,39.90587],[-75.21526,39.90614],[-75.21523,39.9064],[-75.21519,39.90667],[-75.21514,39.90693],[-75.21509,39.90719],[-75.21443,39.90885],[-75.21435,39.90895],[-75.21425,39.90905],[-75.21415,39.90915],[-75.21405,39.90924],[-75.21393,39.90933],[-75.21382,39.90941],[-75.21369,39.90948],[-75.21356,39.90955],[-75.21342,39.90962],[-75.21328,39.90968],[-75.21314,39.90973],[-75.21299,39.90978],[-75.21284,39.90982],[-75.21269,39.90985],[-75.21253,39.90987],[-75.21237,39.90989],[-75.21221,39.90991],[-75.21206,39.90991],[-75.2119,39.90991],[-75.21174,39.9099],[-75.21158,39.90989],[-75.21142,39.90986],[-75.20791,39.91031],[-75.20772,39.91037],[-75.20753,39.91043],[-75.20734,39.9105],[-75.20716,39.91058],[-75.20698,39.91066],[-75.20681,39.91074],[-75.20664,39.91084],[-75.20648,39.91094],[-75.20632,39.91104],[-75.20617,39.91115],[-75.20602,39.91126],[-75.20588,39.91138],[-75.20575,39.9115],[-75.20552,39.91182],[-75.20529,39.91215],[-75.20507,39.91247],[-75.20486,39.9128],[-75.20466,39.91314],[-75.20446,39.91347],[-75.20428,39.91381],[-75.2041,39.91415],[-75.20393,39.9145],[-75.20378,39.91485],[-75.20362,39.9152],[-75.20348,39.91555],[-75.20335,39.9159],[-75.20323,39.91626],[-75.20311,39.91661],[-75.203,39.91697],[-75.20291,39.91733],[-75.20286,39.91747],[-75.20282,39.91762],[-75.20279,39.91776],[-75.20276,39.91791],[-75.20275,39.91805],[-75.20275,39.9182],[-75.20275,39.91834],[-75.20277,39.91849],[-75.20279,39.91863],[-75.20282,39.91878],[-75.20287,39.91892],[-75.20292,39.91906],[-75.20298,39.9192],[-75.20304,39.91934],[-75.20312,39.91947],[-75.20321,39.9196],[-75.2033,39.91973],[-75.2034,39.91985],[-75.20351,39.91997],[-75.20362,39.92009],[-75.20375,39.9202],[-75.20388,39.9203],[-75.20401,39.92041],[-75.20416,39.9205],[-75.2043,39.92059],[-75.20446,39.92068],[-75.20462,39.92076],[-75.20478,39.92083],[-75.20495,39.9209],[-75.20512,39.92096],[-75.2053,39.92101],[-75.20548,39.92106],[-75.20566,39.9211],[-75.20584,39.92114],[-75.20603,39.92116],[-75.20622,39.92118],[-75.20965,39.92137],[-75.20983,39.92137],[-75.21,39.92137],[-75.21017,39.92138],[-75.21034,39.92139],[-75.21051,39.92141],[-75.21068,39.92144],[-75.21085,39.92148],[-75.21101,39.92152],[-75.21117,39.92157],[-75.21133,39.92162],[-75.21148,39.92168],[-75.21163,39.92175],[-75.21178,39.92183],[-75.21192,39.92191],[-75.21205,39.92199],[-75.21217,39.92208],[-75.21229,39.92218],[-75.21241,39.92228],[-75.21251,39.92238],[-75.21261,39.92249],[-75.2127,39.92261],[-75.21279,39.92272],[-75.21286,39.92284],[-75.21293,39.92297],[-75.21299,39.92309],[-75.21304,39.92322],[-75.21308,39.92335],[-75.21311,39.92348],[-75.21313,39.92361],[-75.21314,39.92374],[-75.21315,39.92388],[-75.21314,39.92401],[-75.21313,39.92414],[-75.2131,39.92427],[-75.21307,39.92441],[-75.21303,39.92453],[-75.21298,39.92466],[-75.21292,39.92479],[-75.21285,39.92491],[-75.21277,39.92503],[-75.20721,39.93356],[-75.20705,39.93383],[-75.20689,39.9341],[-75.20675,39.93438],[-75.20661,39.93465],[-75.20648,39.93493],[-75.20636,39.93521],[-75.20624,39.93549],[-75.20614,39.93577],[-75.20604,39.93606],[-75.20595,39.93635],[-75.20587,39.93664],[-75.2058,39.93693],[-75.20573,39.93722],[-75.20568,39.93751],[-75.20563,39.9378],[-75.20559,39.9381],[-75.20556,39.93839],[-75.20556,39.93851],[-75.20557,39.93863],[-75.20559,39.93876],[-75.20561,39.93888],[-75.20564,39.939],[-75.20567,39.93912],[-75.2057,39.93932],[-75.20573,39.93952],[-75.20574,39.93973],[-75.20574,39.93994],[-75.20574,39.94014],[-75.20573,39.94035],[-75.20571,39.94055],[-75.20567,39.94076],[-75.20563,39.94096],[-75.20559,39.94116],[-75.20553,39.94136],[-75.20546,39.94156],[-75.20539,39.94176],[-75.2053,39.94196],[-75.20521,39.94215],[-75.20511,39.94234],[-75.205,39.94253],[-75.20489,39.94271],[-75.2048,39.94284],[-75.20471,39.94297],[-75.20462,39.94309],[-75.20451,39.94321],[-75.2044,39.94333],[-75.20428,39.94344],[-75.20415,39.94354],[-75.20401,39.94364],[-75.20387,39.94374],[-75.20373,39.94383],[-75.20358,39.94391],[-75.20342,39.94399],[-75.20326,39.94407],[-75.20309,39.94413],[-75.20292,39.94419],[-75.20275,39.94425],[-75.20257,39.94429],[-75.20239,39.94434],[-75.20221,39.94437],[-75.20203,39.9444],[-75.20184,39.94442],[-75.20166,39.94443],[-75.20147,39.94444],[-75.20128,39.94444],[-75.20109,39.94443],[-75.20091,39.94441],[-75.20072,39.94439],[-75.20054,39.94436],[-75.20036,39.94433],[-75.20018,39.94428],[-75.2,39.94424],[-75.19983,39.94418],[-75.19966,39.94412],[-75.1995,39.94405],[-75.19933,39.94398],[-75.19918,39.94389],[-75.19903,39.94381],[-75.19888,39.94372],[-75.19875,39.94362],[-75.19861,39.94352],[-75.19839,39.94345],[-75.19565,39.94209],[-75.19552,39.94202],[-75.1954,39.94195],[-75.19526,39.94189],[-75.19513,39.94184],[-75.19499,39.9418],[-75.19484,39.94176],[-75.19469,39.94172],[-75.19455,39.9417],[-75.19439,39.94168],[-75.19424,39.94167],[-75.19409,39.94166],[-75.19394,39.94166],[-75.19378,39.94167],[-75.19363,39.94169],[-75.19348,39.94171],[-75.19333,39.94174],[-75.19319,39.94177],[-75.19305,39.94181],[-75.19291,39.94186],[-75.19277,39.94191],[-75.19264,39.94197],[-75.19251,39.94204],[-75.19239,39.94211],[-75.19228,39.94219],[-75.18796,39.94594],[-75.18433,39.94857],[-75.18405,39.94884],[-75.18377,39.9491],[-75.18351,39.94938],[-75.18324,39.94965],[-75.18299,39.94993],[-75.18274,39.95021],[-75.1825,39.9505],[-75.18227,39.95079],[-75.18205,39.95109],[-75.18183,39.95139],[-75.18162,39.95169],[-75.18142,39.95199],[-75.18123,39.9523],[-75.18104,39.95261],[-75.18087,39.95292],[-75.1807,39.95324],[-75.18054,39.95356],[-75.18039,39.95388],[-75.18025,39.9542],[-75.18011,39.95453],[-75.17999,39.95486],[-75.17987,39.95519],[-75.17977,39.95552],[-75.17967,39.95585],[-75.17958,39.95619],[-75.1795,39.95652],[-75.17942,39.95686],[-75.17936,39.9572],[-75.17931,39.95754],[-75.17996,39.9599],[-75.18084,39.96164],[-75.18087,39.96175],[-75.18092,39.96184],[-75.18097,39.96194],[-75.18103,39.96203],[-75.18109,39.96213],[-75.18117,39.96221],[-75.18125,39.9623],[-75.18134,39.96238],[-75.18143,39.96245],[-75.18153,39.96252],[-75.18176,39.96269],[-75.18199,39.96286],[-75.18221,39.96303],[-75.18242,39.96321],[-75.18263,39.9634],[-75.18283,39.96358],[-75.18303,39.96378],[-75.18321,39.96397],[-75.18339,39.96418],[-75.18356,39.96438],[-75.18372,39.96459],[-75.18388,39.9648],[-75.18403,39.96502],[-75.18413,39.96518],[-75.18424,39.96534],[-75.18436,39.9655],[-75.18449,39.96566],[-75.18462,39.96581],[-75.18476,39.96596],[-75.1849,39.96611],[-75.18505,39.96625],[-75.18521,39.96639],[-75.18539,39.96654],[-75.18558,39.96669],[-75.18577,39.96683],[-75.18597,39.96696],[-75.18618,39.96709],[-75.18639,39.96722],[-75.18661,39.96734],[-75.18683,39.96745],[-75.18705,39.96756],[-75.18728,39.96766],[-75.18752,39.96776],[-75.18776,39.96785],[-75.188,39.96793],[-75.18825,39.96801],[-75.18856,39.96812],[-75.18886,39.96823],[-75.18916,39.96835],[-75.18946,39.96848],[-75.18975,39.96861],[-75.19004,39.96874],[-75.19033,39.96888],[-75.19061,39.96903],[-75.19088,39.96918],[-75.19115,39.96934],[-75.19142,39.96951],[-75.19168,39.96967],[-75.19193,39.96985],[-75.19218,39.97003],[-75.19242,39.97021],[-75.19251,39.97027],[-75.1926,39.97033],[-75.19268,39.9704],[-75.19275,39.97047],[-75.19282,39.97055],[-75.19288,39.97062],[-75.19293,39.97071],[-75.19298,39.97079],[-75.19301,39.97088],[-75.19304,39.97097],[-75.19306,39.97106],[-75.19308,39.97115],[-75.19308,39.97124],[-75.19307,39.97143],[-75.19304,39.97167],[-75.19295,39.97262],[-75.19291,39.97301],[-75.19288,39.97337],[-75.19287,39.97352],[-75.19286,39.97366],[-75.19288,39.97378],[-75.1929,39.9739],[-75.19293,39.97402],[-75.19297,39.97414],[-75.19301,39.97426],[-75.19307,39.97438],[-75.19313,39.97449],[-75.1932,39.9746],[-75.19328,39.9747],[-75.19337,39.97481],[-75.19346,39.97491],[-75.19371,39.9752],[-75.19397,39.9755],[-75.19424,39.97578],[-75.19451,39.97607],[-75.1948,39.97635],[-75.19508,39.97663],[-75.19538,39.9769],[-75.19568,39.97716],[-75.19599,39.97743],[-75.1963,39.97769],[-75.19663,39.97794],[-75.19695,39.97819],[-75.19729,39.97843],[-75.19763,39.97867],[-75.19797,39.97891],[-75.19833,39.97913],[-75.19868,39.97936],[-75.19905,39.97958],[-75.19941,39.97979],[-75.19979,39.98],[-75.20017,39.9802],[-75.20055,39.98039],[-75.20094,39.98058],[-75.20133,39.98077],[-75.20173,39.98095],[-75.20189,39.981],[-75.20204,39.98106],[-75.20219,39.98112],[-75.20234,39.98119],[-75.20248,39.98126],[-75.20262,39.98135],[-75.20275,39.98143],[-75.20287,39.98152],[-75.20299,39.98162],[-75.2031,39.98172],[-75.2032,39.98183],[-75.20329,39.98194],[-75.20338,39.98205],[-75.20346,39.98217],[-75.20353,39.98229],[-75.20359,39.98241],[-75.20365,39.98254],[-75.20369,39.98267],[-75.20373,39.9828],[-75.20376,39.98293],[-75.20377,39.98306],[-75.20379,39.98325],[-75.20379,39.98344],[-75.20379,39.98362],[-75.20378,39.98381],[-75.20376,39.984],[-75.20373,39.98419],[-75.20369,39.98437],[-75.20364,39.98456],[-75.20359,39.98474],[-75.20353,39.98492],[-75.20345,39.9851],[-75.20338,39.98526],[-75.20329,39.98541],[-75.2032,39.98556],[-75.20309,39.9857],[-75.20298,39.98584]],[[-75.20298,39.98584],[-75.20288,39.98596],[-75.20278,39.98607],[-75.20266,39.98618],[-75.20255,39.98629],[-75.20035,39.98832],[-75.19815,39.99034],[-75.19807,39.99042],[-75.19801,39.99049],[-75.19798,39.99053],[-75.19796,39.99057],[-75.19794,39.99061],[-75.19792,39.99065],[-75.19789,39.99072],[-75.19785,39.99078],[-75.1978,39.99085],[-75.19775,39.99093],[-75.19765,39.99105],[-75.19741,39.99134],[-75.19732,39.99146],[-75.19714,39.99164]],[[-75.19714,39.99164],[-75.19739,39.99157],[-75.19765,39.99149],[-75.1979,39.99141],[-75.19815,39.99133],[-75.19839,39.99124],[-75.19863,39.99115],[-75.19887,39.99106],[-75.1991,39.99097],[-75.19932,39.99087],[-75.19954,39.99078],[-75.19975,39.99068],[-75.19995,39.99058],[-75.20015,39.99048],[-75.20034,39.99037],[-75.20053,39.99027],[-75.2007,39.99017],[-75.20095,39.99001],[-75.20112,39.98991],[-75.20127,39.98981],[-75.2014,39.98972],[-75.20153,39.98963],[-75.20165,39.98954],[-75.20175,39.98946],[-75.20185,39.98937],[-75.202,39.98923],[-75.20212,39.9891],[-75.20223,39.98898],[-75.20234,39.98887],[-75.20243,39.98875],[-75.2025,39.98864],[-75.20257,39.98853],[-75.20263,39.98842],[-75.20265,39.98837],[-75.20267,39.98832],[-75.20275,39.98809],[-75.20277,39.98804],[-75.20278,39.98799],[-75.2028,39.98796],[-75.20281,39.98792],[-75.20283,39.98783],[-75.20285,39.98772],[-75.20287,39.9876],[-75.20288,39.98745],[-75.20289,39.98728],[-75.20289,39.98709],[-75.2029,39.98657],[-75.2029,39.98641],[-75.20291,39.98628],[-75.20292,39.98614],[-75.20294,39.98602],[-75.20296,39.98592],[-75.20297,39.98588],[-75.20298,39.98584]],[[-75.19714,39.99164],[-75.19678,39.99203],[-75.19642,39.99242],[-75.19607,39.99282],[-75.19573,39.99321],[-75.19539,39.99362],[-75.19507,39.99402],[-75.19474,39.99443],[-75.19443,39.99484],[-75.19412,39.99525],[-75.19382,39.99567],[-75.19353,39.99609],[-75.19325,39.99651],[-75.19297,39.99694],[-75.1927,39.99737],[-75.19243,39.9978],[-75.19229,39.9981],[-75.19216,39.99841],[-75.19203,39.99871],[-75.19191,39.99902],[-75.1918,39.99933],[-75.1917,39.99964],[-75.19161,39.99995],[-75.19152,40.00027],[-75.19144,40.00058],[-75.19137,40.0009],[-75.19131,40.00121],[-75.19127,40.00148],[-75.19124,40.00174],[-75.19122,40.00201],[-75.19121,40.00227],[-75.19121,40.00254],[-75.19122,40.0028],[-75.19123,40.00307],[-75.19126,40.00333],[-75.19129,40.0036],[-75.19133,40.00386],[-75.19138,40.00412],[-75.19144,40.00438],[-75.19151,40.00464],[-75.19158,40.0049],[-75.19167,40.00516],[-75.19176,40.00541],[-75.19186,40.00567],[-75.19197,40.00592],[-75.19204,40.00621],[-75.19209,40.00638],[-75.19212,40.00646],[-75.19214,40.00654],[-75.19217,40.00661],[-75.1922,40.00667],[-75.19224,40.00674],[-75.19228,40.00679],[-75.19232,40.00685],[-75.19236,40.0069],[-75.19241,40.00695],[-75.19246,40.00699],[-75.19251,40.00703],[-75.19257,40.00707],[-75.19269,40.00714],[-75.19274,40.00716],[-75.19278,40.00718],[-75.19355,40.00741],[-75.19359,40.00742],[-75.19376,40.0075],[-75.19386,40.00754],[-75.19396,40.00757],[-75.19404,40.00759],[-75.19461,40.00779],[-75.19468,40.00782],[-75.19475,40.00785],[-75.19482,40.00787],[-75.19489,40.0079],[-75.19497,40.00792],[-75.19504,40.00795],[-75.19512,40.00796],[-75.1952,40.00798],[-75.19524,40.00799],[-75.19529,40.008],[-75.19551,40.00802],[-75.19557,40.00803],[-75.19561,40.00804],[-75.19565,40.00805],[-75.19569,40.00806],[-75.19585,40.00813],[-75.19592,40.00815],[-75.19598,40.00817],[-75.19604,40.00818],[-75.19611,40.00819],[-75.19619,40.0082],[-75.19633,40.00821],[-75.1966,40.00822],[-75.19671,40.00822],[-75.19681,40.00823],[-75.19691,40.00825],[-75.19708,40.00828],[-75.19726,40.00832],[-75.19745,40.00836],[-75.19763,40.00841],[-75.19913,40.00882],[-75.19923,40.00886],[-75.19934,40.0089],[-75.19944,40.00893],[-75.19955,40.00896],[-75.19966,40.009],[-75.19977,40.00902],[-75.19987,40.00905],[-75.19998,40.00907],[-75.20008,40.00909],[-75.20018,40.0091],[-75.20028,40.00911],[-75.20051,40.00913],[-75.20063,40.00914],[-75.20074,40.00916],[-75.20083,40.00918],[-75.2026,40.00961],[-75.2033,40.00978],[-75.20481,40.01049],[-75.2049,40.01052],[-75.20498,40.01056],[-75.20507,40.0106],[-75.20516,40.01064],[-75.20525,40.0107],[-75.20534,40.01076],[-75.20545,40.01082],[-75.20558,40.01092],[-75.20622,40.0113],[-75.2063,40.01133],[-75.20638,40.01136],[-75.20676,40.01149],[-75.20684,40.01152],[-75.20691,40.01155],[-75.20702,40.0116],[-75.20715,40.01167],[-75.20729,40.01175],[-75.20744,40.01185],[-75.20759,40.01194],[-75.20774,40.01204],[-75.20791,40.01215],[-75.20824,40.01238],[-75.20836,40.01246],[-75.20844,40.0125],[-75.20852,40.01253],[-75.20859,40.01257],[-75.20867,40.01261],[-75.20874,40.01265],[-75.20881,40.0127],[-75.20888,40.01274],[-75.20894,40.01279],[-75.20902,40.01285],[-75.2091,40.01292],[-75.20917,40.01299],[-75.20936,40.01319],[-75.20943,40.01325],[-75.20948,40.0133],[-75.20958,40.01338],[-75.20968,40.01346],[-75.20979,40.01353],[-75.2099,40.01361],[-75.21001,40.01369],[-75.21013,40.01376],[-75.21025,40.01383],[-75.21037,40.01391],[-75.21047,40.01396],[-75.21057,40.01401],[-75.21068,40.01405],[-75.21095,40.01416],[-75.21109,40.01423],[-75.21116,40.01426],[-75.21123,40.0143],[-75.21129,40.01434],[-75.21134,40.01437],[-75.21139,40.01441],[-75.21149,40.0145],[-75.21154,40.01453],[-75.21163,40.0146],[-75.21174,40.01467],[-75.21187,40.01474],[-75.21215,40.01488],[-75.21226,40.01494],[-75.21238,40.01501],[-75.21244,40.01505],[-75.21249,40.01508],[-75.21259,40.01517],[-75.21268,40.01524],[-75.21276,40.0153],[-75.21283,40.01536],[-75.21291,40.01545],[-75.213,40.01554],[-75.21309,40.01565],[-75.21319,40.01579],[-75.21322,40.01584],[-75.21326,40.01589],[-75.21329,40.01595],[-75.21332,40.01602],[-75.21338,40.01614],[-75.2135,40.01642],[-75.21356,40.01655],[-75.21359,40.01661],[-75.21362,40.01666],[-75.21366,40.01671],[-75.21369,40.01676],[-75.21374,40.01681],[-75.21379,40.01688],[-75.21385,40.01693],[-75.21399,40.01707],[-75.21406,40.01714],[-75.21412,40.01721],[-75.21417,40.01728],[-75.21422,40.01735],[-75.21424,40.0174],[-75.21426,40.01743],[-75.21426,40.01748],[-75.21427,40.01752],[-75.21428,40.01764],[-75.21428,40.01767],[-75.21429,40.0177],[-75.21431,40.01778],[-75.21435,40.01787],[-75.21439,40.01796],[-75.21445,40.01805],[-75.21451,40.01815],[-75.21458,40.01825],[-75.21466,40.01835],[-75.21476,40.01847],[-75.21485,40.01856],[-75.21495,40.01865],[-75.21506,40.01875],[-75.21518,40.01885],[-75.21532,40.01894],[-75.21547,40.01904],[-75.21564,40.01915],[-75.2159,40.01931],[-75.21607,40.01941],[-75.21625,40.01951],[-75.21643,40.0196],[-75.21661,40.0197]],[[-75.21669,40.01976],[-75.21676,40.01983],[-75.21683,40.01989],[-75.21691,40.01995],[-75.21699,40.02001],[-75.21703,40.02004],[-75.21707,40.02006],[-75.21713,40.02009],[-75.2173,40.02018],[-75.21735,40.02021],[-75.2174,40.02024],[-75.21745,40.02028],[-75.21751,40.02032],[-75.21756,40.02038],[-75.21768,40.0205],[-75.21773,40.02055],[-75.21778,40.0206],[-75.21783,40.02064],[-75.21789,40.02068],[-75.21795,40.02071],[-75.21817,40.02083],[-75.21824,40.02086],[-75.2183,40.0209],[-75.21835,40.02094],[-75.21841,40.02098],[-75.21846,40.02101],[-75.21851,40.02104],[-75.21863,40.0211],[-75.21869,40.02114],[-75.21875,40.02118],[-75.21881,40.02123],[-75.21887,40.02128],[-75.21896,40.02134],[-75.21907,40.02141],[-75.21928,40.02154],[-75.21936,40.02159],[-75.21946,40.02164],[-75.21955,40.02169],[-75.21981,40.02181],[-75.21989,40.02185],[-75.21995,40.02189],[-75.22002,40.02193],[-75.22009,40.02198],[-75.22018,40.02205],[-75.22041,40.02223],[-75.22047,40.02228],[-75.22053,40.02231],[-75.22058,40.02235],[-75.22064,40.02239],[-75.22069,40.02243],[-75.22075,40.02248],[-75.22087,40.0226],[-75.22099,40.02273],[-75.22113,40.02284],[-75.22126,40.02295],[-75.22141,40.02306],[-75.22156,40.02316],[-75.22172,40.02326],[-75.22188,40.02335],[-75.22205,40.02344],[-75.22218,40.02351],[-75.22232,40.02357],[-75.22246,40.02363],[-75.2226,40.02369],[-75.22262,40.0237],[-75.22264,40.02371],[-75.2227,40.02374],[-75.22279,40.02378],[-75.2229,40.02382],[-75.22301,40.02386],[-75.22359,40.02416],[-75.22418,40.02447],[-75.22477,40.02476],[-75.22537,40.02505],[-75.22597,40.02533],[-75.22657,40.02561],[-75.22719,40.02588],[-75.2278,40.02615],[-75.22842,40.02641],[-75.22905,40.02666],[-75.22967,40.02691],[-75.2299,40.02701],[-75.23016,40.02711],[-75.23043,40.02721],[-75.23116,40.02748],[-75.23139,40.02756],[-75.23158,40.02764],[-75.23182,40.02773],[-75.23246,40.02798],[-75.23265,40.02806],[-75.23282,40.02814],[-75.23301,40.02822],[-75.23318,40.02831],[-75.23334,40.02839],[-75.23349,40.02848],[-75.2336,40.02855],[-75.2337,40.02862],[-75.2338,40.02869],[-75.2339,40.02876],[-75.23399,40.02883],[-75.23408,40.0289],[-75.23416,40.02896],[-75.23423,40.02903],[-75.23434,40.02913],[-75.23443,40.02921],[-75.23451,40.02929],[-75.23458,40.02937],[-75.23465,40.02944],[-75.23471,40.02951],[-75.23476,40.02958],[-75.23481,40.02966],[-75.23498,40.02987],[-75.23516,40.03009],[-75.23535,40.0303],[-75.23555,40.03051],[-75.23576,40.03071],[-75.23597,40.03091],[-75.23619,40.0311],[-75.23641,40.03129],[-75.23664,40.03148],[-75.23688,40.03166],[-75.23713,40.03183],[-75.23738,40.032],[-75.23763,40.03217],[-75.23815,40.03249],[-75.23866,40.03282],[-75.23918,40.03313],[-75.23971,40.03344],[-75.24024,40.03375],[-75.24078,40.03405],[-75.24132,40.03435],[-75.24186,40.03464],[-75.24241,40.03492],[-75.24253,40.03497],[-75.24264,40.03503],[-75.24275,40.03508],[-75.24285,40.03515],[-75.24295,40.03521],[-75.24304,40.03528],[-75.24314,40.03536],[-75.24322,40.03545],[-75.2433,40.03554],[-75.24337,40.03563],[-75.24343,40.03572],[-75.24349,40.03582],[-75.24354,40.03592],[-75.24355,40.03596],[-75.24358,40.03601],[-75.24361,40.03605],[-75.24365,40.03609],[-75.24371,40.03614],[-75.24377,40.03618],[-75.24384,40.03622],[-75.24392,40.03626],[-75.24422,40.03642],[-75.24451,40.03658],[-75.2448,40.03675],[-75.24509,40.03692],[-75.24537,40.0371],[-75.24564,40.03728],[-75.24591,40.03747],[-75.24617,40.03767],[-75.2464,40.0379],[-75.24662,40.03814],[-75.24684,40.03838],[-75.24705,40.03862],[-75.24726,40.03886],[-75.2473,40.03892],[-75.24735,40.03898],[-75.24741,40.03903],[-75.24747,40.03908],[-75.24754,40.03912],[-75.24762,40.03916],[-75.24772,40.03924],[-75.24782,40.03931],[-75.24792,40.03939],[-75.24802,40.03948],[-75.24812,40.03956],[-75.24821,40.03965],[-75.24831,40.03974],[-75.2484,40.03983],[-75.24844,40.03988],[-75.24848,40.03992],[-75.24856,40.04003],[-75.24863,40.04013],[-75.24879,40.04037],[-75.24887,40.04049],[-75.24892,40.04054],[-75.24896,40.04059],[-75.249,40.04064],[-75.24905,40.04068],[-75.24912,40.04075],[-75.24921,40.04082],[-75.2493,40.04088],[-75.24952,40.04102],[-75.24961,40.04109],[-75.24969,40.04115],[-75.24976,40.04121],[-75.2498,40.04125],[-75.24984,40.0413],[-75.24996,40.04145],[-75.25001,40.04151],[-75.25006,40.04156],[-75.2501,40.0416],[-75.25016,40.04165],[-75.25023,40.0417],[-75.2503,40.04174],[-75.2505,40.04186],[-75.25055,40.0419],[-75.2506,40.04193],[-75.25066,40.04198],[-75.25072,40.04203],[-75.251,40.04227],[-75.25106,40.04232],[-75.25113,40.04237],[-75.25115,40.04239],[-75.25118,40.04242],[-75.2512,40.04244],[-75.25122,40.04247],[-75.25127,40.04253],[-75.25136,40.04267],[-75.25141,40.04274],[-75.25143,40.04277],[-75.25146,40.04279],[-75.25149,40.04281],[-75.25152,40.04283],[-75.25173,40.04304],[-75.25194,40.04324],[-75.25216,40.04344],[-75.25238,40.04364],[-75.25261,40.04384],[-75.25283,40.04403],[-75.25306,40.04423],[-75.25329,40.04442],[-75.25352,40.04461],[-75.25376,40.04479],[-75.254,40.04498],[-75.25424,40.04516],[-75.25448,40.04535],[-75.25472,40.04553],[-75.25497,40.0457],[-75.25522,40.04588],[-75.25535,40.04597],[-75.25549,40.04606],[-75.25564,40.04616],[-75.25604,40.0464],[-75.25626,40.04654],[-75.25638,40.04662],[-75.25648,40.0467],[-75.25658,40.04677],[-75.25667,40.04684],[-75.25673,40.04689],[-75.25678,40.04694],[-75.2569,40.04706],[-75.25703,40.04719],[-75.25729,40.04749],[-75.25741,40.04762],[-75.25747,40.04769],[-75.25753,40.04775],[-75.2576,40.04781],[-75.25766,40.04786],[-75.25774,40.04793],[-75.25784,40.048],[-75.25795,40.04807],[-75.25806,40.04815],[-75.25817,40.04821],[-75.25829,40.04827],[-75.25871,40.04849],[-75.25886,40.04857],[-75.25901,40.04865],[-75.25914,40.04873],[-75.2592,40.04878],[-75.25927,40.04882],[-75.25932,40.04886],[-75.25938,40.04891],[-75.25943,40.04895],[-75.25948,40.049],[-75.25952,40.04904],[-75.25957,40.04909],[-75.25964,40.04917],[-75.25971,40.04927],[-75.25978,40.04938],[-75.25995,40.04966],[-75.26,40.04974],[-75.26005,40.04981],[-75.26014,40.04993],[-75.26023,40.05004],[-75.26033,40.05016],[-75.26042,40.05027],[-75.26052,40.05038],[-75.26063,40.05049],[-75.26073,40.0506],[-75.26084,40.0507],[-75.26095,40.05081],[-75.26106,40.05091],[-75.26117,40.05102],[-75.26128,40.05112],[-75.2614,40.05121],[-75.26152,40.05131],[-75.26164,40.0514],[-75.26176,40.05149],[-75.26186,40.05157],[-75.26198,40.05164],[-75.26211,40.05172],[-75.26225,40.05179],[-75.26238,40.05185],[-75.26252,40.05192],[-75.26301,40.05214],[-75.26319,40.05223],[-75.26337,40.05231],[-75.26352,40.05239],[-75.2636,40.05244],[-75.26367,40.05248],[-75.26374,40.05253],[-75.26381,40.05257],[-75.26387,40.05262],[-75.26393,40.05266],[-75.26399,40.05271],[-75.26404,40.05276],[-75.26411,40.05283],[-75.26418,40.0529],[-75.26426,40.05298],[-75.26433,40.05307],[-75.26441,40.05316],[-75.26449,40.05326],[-75.26466,40.05349],[-75.26472,40.05357],[-75.26478,40.05365],[-75.26483,40.05374],[-75.26489,40.05383],[-75.26499,40.05402],[-75.26519,40.0544],[-75.26527,40.05456],[-75.26536,40.05472],[-75.26545,40.05486],[-75.26563,40.05512],[-75.26582,40.05538],[-75.26601,40.05564],[-75.26621,40.05589],[-75.26642,40.05614],[-75.26664,40.05638],[-75.26687,40.05663],[-75.2671,40.05687]]]},"properties":{"kind":"stream","name":"Schuylkill River"}},{"type":"Feature","geometry":{"type":"LineString","coordinates":[[-75.20637,39.93517],[-75.20642,39.9352],[-75.20647,39.93524],[-75.20654,39.93527],[-75.20661,39.93531],[-75.20677,39.93538],[-75.20713,39.93552],[-75.20721,39.93556],[-75.20727,39.93559],[-75.20729,39.9356],[-75.20731,39.93562],[-75.2074,39.93569],[-75.20743,39.93572],[-75.20746,39.93574],[-75.20749,39.93575],[-75.20752,39.93576],[-75.2076,39.93577],[-75.20763,39.93577],[-75.20765,39.93578],[-75.20767,39.9358],[-75.20773,39.93585],[-75.20775,39.93587],[-75.20777,39.93588],[-75.20779,39.93589],[-75.20781,39.93589],[-75.20784,39.9359],[-75.20793,39.93589],[-75.20797,39.93589],[-75.20801,39.9359],[-75.20806,39.93591],[-75.20811,39.93592],[-75.20821,39.93596],[-75.20826,39.93597],[-75.2083,39.93598],[-75.20834,39.93598],[-75.20838,39.93598],[-75.20843,39.93598],[-75.20848,39.93597],[-75.20859,39.93594],[-75.20865,39.93594],[-75.2087,39.93593],[-75.20874,39.93594],[-75.20878,39.93594],[-75.20882,39.93596],[-75.20885,39.93598],[-75.20893,39.93602],[-75.20897,39.93604],[-75.209,39.93606],[-75.20904,39.93606],[-75.20906,39.93607],[-75.20909,39.93606],[-75.2092,39.93605],[-75.20925,39.93605],[-75.20933,39.93606],[-75.20939,39.93606],[-75.20945,39.93607],[-75.2095,39.93608],[-75.20952,39.93609],[-75.20955,39.93611],[-75.20958,39.93613],[-75.20967,39.93619],[-75.2097,39.9362],[-75.20973,39.93621],[-75.20976,39.93622],[-75.2098,39.93623],[-75.20984,39.93623],[-75.20996,39.93624],[-75.21,39.93624],[-75.21003,39.93625],[-75.21006,39.93626],[-75.2101,39.93627],[-75.21024,39.93634],[-75.21027,39.93635],[-75.2103,39.93635],[-75.21034,39.93636],[-75.21038,39.93637],[-75.21054,39.93638],[-75.21061,39.93638],[-75.21065,39.93639],[-75.21069,39.9364],[-75.21072,39.93641],[-75.21078,39.93643],[-75.21081,39.93644],[-75.21085,39.93645],[-75.2109,39.93645],[-75.21094,39.93646],[-75.21101,39.93647],[-75.21103,39.93647],[-75.21107,39.93647],[-75.21112,39.93646],[-75.21126,39.93642],[-75.21135,39.9364],[-75.2114,39.93639],[-75.21144,39.93639],[-75.21148,39.93639],[-75.21151,39.93639],[-75.21158,39.93639],[-75.21175,39.9364],[-75.21184,39.9364],[-75.21188,39.93641],[-75.21192,39.93642],[-75.21196,39.93642],[-75.21199,39.93643],[-75.21202,39.93644],[-75.21205,39.93646],[-75.21209,39.93648],[-75.21212,39.9365],[-75.21217,39.93654],[-75.21228,39.93665],[-75.21231,39.93668],[-75.21234,39.9367],[-75.21237,39.93672],[-75.2124,39.93673],[-75.21244,39.93674],[-75.21247,39.93675],[-75.21252,39.93676],[-75.21257,39.93676],[-75.21281,39.93677],[-75.21287,39.93678],[-75.21292,39.93678],[-75.21294,39.93679],[-75.21297,39.9368],[-75.21307,39.93684],[-75.2131,39.93685],[-75.21313,39.93686],[-75.21316,39.93686],[-75.2132,39.93686],[-75.21325,39.93686],[-75.21329,39.93685],[-75.21339,39.93682],[-75.21344,39.93681],[-75.21348,39.93681],[-75.21351,39.93681],[-75.21355,39.93681],[-75.21359,39.93683],[-75.21363,39.93685],[-75.21372,39.93691],[-75.21376,39.93693],[-75.2138,39.93695],[-75.21382,39.93696],[-75.21384,39.93697],[-75.21387,39.93697],[-75.21395,39.93697],[-75.21398,39.93697],[-75.21399,39.93698],[-75.21401,39.93698],[-75.21404,39.937],[-75.21407,39.93703],[-75.21412,39.9371],[-75.21415,39.93713],[-75.21417,39.93715],[-75.21418,39.93716],[-75.2142,39.93716],[-75.21421,39.93717],[-75.21424,39.93717],[-75.21426,39.93718],[-75.21437,39.93718],[-75.2144,39.93718],[-75.21442,39.93718],[-75.21446,39.93719],[-75.2145,39.93721],[-75.21453,39.93722],[-75.21457,39.93724],[-75.21461,39.93726],[-75.21465,39.93729],[-75.21469,39.93732],[-75.21473,39.93735],[-75.21477,39.93738],[-75.21484,39.93745],[-75.21486,39.93748],[-75.21504,39.93765],[-75.21509,39.9377],[-75.21514,39.93774],[-75.2152,39.93777],[-75.21525,39.9378],[-75.21531,39.93782],[-75.21536,39.93784],[-75.21541,39.93785],[-75.21551,39.93785],[-75.21555,39.93786],[-75.21561,39.93788],[-75.21566,39.9379],[-75.21571,39.93794],[-75.21575,39.93795],[-75.21579,39.93797],[-75.21595,39.938],[-75.21611,39.93804],[-75.21615,39.93804],[-75.2162,39.93804],[-75.21625,39.93802],[-75.21631,39.93801],[-75.21637,39.93801],[-75.21643,39.93802],[-75.21648,39.93803],[-75.21656,39.93805],[-75.21664,39.93808],[-75.21671,39.93811],[-75.21675,39.93813],[-75.21679,39.93815],[-75.21683,39.93816],[-75.21687,39.93817],[-75.21692,39.93818],[-75.21696,39.93818],[-75.217,39.9382],[-75.21704,39.93822],[-75.21707,39.93824],[-75.21709,39.93826],[-75.21712,39.93829],[-75.21713,39.93832],[-75.21716,39.93834],[-75.21718,39.93835],[-75.2172,39.93836],[-75.21722,39.93836],[-75.21732,39.93836],[-75.21734,39.93836],[-75.21736,39.93837],[-75.21739,39.93838],[-75.21742,39.9384],[-75.21744,39.93842],[-75.2175,39.93847],[-75.21752,39.93849],[-75.21755,39.93851],[-75.21757,39.93852],[-75.2176,39.93852],[-75.21762,39.93852],[-75.21773,39.9385],[-75.21775,39.9385],[-75.21777,39.9385],[-75.2178,39.9385],[-75.21782,39.93851],[-75.21785,39.93852],[-75.21787,39.93854],[-75.21792,39.93858],[-75.21801,39.93868],[-75.21804,39.9387],[-75.21807,39.93872],[-75.21809,39.93873],[-75.21811,39.93874],[-75.21814,39.93875],[-75.21817,39.93875],[-75.21819,39.93875],[-75.21821,39.93875],[-75.21824,39.93874],[-75.2183,39.93872],[-75.21833,39.93871],[-75.21836,39.9387],[-75.21838,39.93871],[-75.21841,39.93871],[-75.21844,39.93872],[-75.21847,39.93874],[-75.21854,39.93878],[-75.21857,39.9388],[-75.2186,39.93881],[-75.21864,39.93882],[-75.21866,39.93882],[-75.21869,39.93882],[-75.21872,39.93881],[-75.21876,39.93881],[-75.21882,39.93879],[-75.21898,39.93875],[-75.21902,39.93874],[-75.21906,39.93873],[-75.21909,39.93873],[-75.21912,39.93873],[-75.21922,39.93873],[-75.21925,39.93874],[-75.21928,39.93873],[-75.2193,39.93873],[-75.21932,39.93872],[-75.21935,39.93871],[-75.21938,39.93869],[-75.21941,39.93866],[-75.21944,39.93864],[-75.21948,39.93859],[-75.2195,39.93857],[-75.21952,39.93856],[-75.21954,39.93855],[-75.21957,39.93854],[-75.21961,39.93853],[-75.21964,39.93853],[-75.21972,39.93852],[-75.21976,39.93851],[-75.2198,39.93851],[-75.21983,39.93849],[-75.21986,39.93847],[-75.21989,39.93845],[-75.21998,39.93836],[-75.22001,39.93834],[-75.22004,39.93832],[-75.22007,39.9383],[-75.2201,39.93829],[-75.22019,39.93824],[-75.22022,39.93823],[-75.22025,39.9382],[-75.2203,39.93814],[-75.22032,39.93812],[-75.22035,39.93809],[-75.22038,39.93807],[-75.22041,39.93805],[-75.22044,39.93804],[-75.22046,39.93803],[-75.2205,39.93802],[-75.22053,39.93801],[-75.22057,39.938],[-75.22061,39.938],[-75.22071,39.938],[-75.22074,39.938],[-75.2208,39.93799],[-75.22082,39.93798],[-75.22084,39.93798],[-75.22087,39.93796],[-75.22089,39.93794],[-75.2209,39.93793],[-75.22093,39.93787],[-75.22094,39.93785],[-75.22096,39.93784],[-75.22097,39.93783],[-75.221,39.93782],[-75.22106,39.93782],[-75.22108,39.93781],[-75.2211,39.9378],[-75.22111,39.93778],[-75.22111,39.93776],[-75.22113,39.93771],[-75.22114,39.93768],[-75.22117,39.93763],[-75.2212,39.9376],[-75.22122,39.93758],[-75.22125,39.93756],[-75.22128,39.93755],[-75.2213,39.93754],[-75.22132,39.93753],[-75.22138,39.93754],[-75.2214,39.93754],[-75.22141,39.93753],[-75.22143,39.93752],[-75.22148,39.93747],[-75.22149,39.93746],[-75.2215,39.93746],[-75.22154,39.93744],[-75.22159,39.93744],[-75.22164,39.93744],[-75.22166,39.93744],[-75.22167,39.93743],[-75.22169,39.93742],[-75.2217,39.93741],[-75.22174,39.93737],[-75.22177,39.93736],[-75.22181,39.93734],[-75.22187,39.93732],[-75.2219,39.93731],[-75.22198,39.9373],[-75.22201,39.9373],[-75.22206,39.93728],[-75.22208,39.93727],[-75.2221,39.93726],[-75.22211,39.93725],[-75.22214,39.93721],[-75.22215,39.93719],[-75.22217,39.93718],[-75.22219,39.93717],[-75.22228,39.93712],[-75.22232,39.93711],[-75.22239,39.93706],[-75.22246,39.937]]},"properties":{"kind":"stream","name":"Perch Creek"}},{"type":"Feature","geometry":{"type":"LineString","coordinates":[[-75.20506,39.95849],[-75.20507,39.95842],[-75.20509,39.95835],[-75.20512,39.95829],[-75.20515,39.95823],[-75.20517,39.9582],[-75.2052,39.95816],[-75.20528,39.95805],[-75.2054,39.95791],[-75.20544,39.95786],[-75.20548,39.95782],[-75.20553,39.95778],[-75.20559,39.95774],[-75.20566,39.9577],[-75.20581,39.95762],[-75.20587,39.95759],[-75.20594,39.95755],[-75.20599,39.95751],[-75.20602,39.95748],[-75.20605,39.95745],[-75.20619,39.9573],[-75.20625,39.95725],[-75.20628,39.95722],[-75.20633,39.95719],[-75.20651,39.95708],[-75.20658,39.95703],[-75.20667,39.95695],[-75.20669,39.95694],[-75.20671,39.95693],[-75.20673,39.95692],[-75.20676,39.95691],[-75.20678,39.9569],[-75.20681,39.9569],[-75.20686,39.95689],[-75.20701,39.95689],[-75.20706,39.95688],[-75.20709,39.95687],[-75.20717,39.95685],[-75.20724,39.95684],[-75.20729,39.95682],[-75.20733,39.9568],[-75.20735,39.95678],[-75.20738,39.95676],[-75.20747,39.95669],[-75.20749,39.95667],[-75.20751,39.95666],[-75.20753,39.95665],[-75.20756,39.95665],[-75.20758,39.95664],[-75.20761,39.95664],[-75.20766,39.95664],[-75.20779,39.95665],[-75.20785,39.95664],[-75.20788,39.95664],[-75.2079,39.95664],[-75.20792,39.95663],[-75.20794,39.95662],[-75.20795,39.95661],[-75.20797,39.9566],[-75.20805,39.95652],[-75.20807,39.95651],[-75.20808,39.9565],[-75.2081,39.95649],[-75.20812,39.95649],[-75.20817,39.95648],[-75.20823,39.95647],[-75.20836,39.95647],[-75.2084,39.95646],[-75.20843,39.95646],[-75.20857,39.95642],[-75.20862,39.95641],[-75.20866,39.9564],[-75.2087,39.95638],[-75.20873,39.95636],[-75.20876,39.95634],[-75.20879,39.95633],[-75.20881,39.95631],[-75.20883,39.95628],[-75.20887,39.95619],[-75.20889,39.95617],[-75.20891,39.95614],[-75.20893,39.95612],[-75.20895,39.95611],[-75.20898,39.95611],[-75.20901,39.9561],[-75.20911,39.95608],[-75.20914,39.95607],[-75.20916,39.95606],[-75.20918,39.95605],[-75.20919,39.95603],[-75.20921,39.95601],[-75.20924,39.95594],[-75.20926,39.95592],[-75.20928,39.95591],[-75.20929,39.9559],[-75.2093,39.95589],[-75.20932,39.95584],[-75.20933,39.95583],[-75.20934,39.95582],[-75.20937,39.95581]]},"properties":{"kind":"stream","name":"unnamed trib to Mill Creek"}},{"type":"Feature","geometry":{"type":"LineString","coordinates":[[-75.13618,39.93188],[-75.14266,39.93218],[-75.14317,39.93214],[-75.14369,39.93234],[-75.14418,39.93231],[-75.14448,39.9324],[-75.14487,39.93239],[-75.14533,39.93266],[-75.14549,39.93266],[-75.14573,39.93255],[-75.1462,39.93258],[-75.14642,39.93248],[-75.14683,39.93247],[-75.14696,39.93242],[-75.14766,39.93215],[-75.14801,39.932],[-75.14836,39.93195],[-75.14856,39.93198],[-75.14873,39.93207],[-75.14902,39.93206],[-75.1493,39.93214],[-75.14953,39.93214],[-75.14971,39.9322],[-75.14983,39.93229]]},"properties":{"kind":"stream","name":""}},{"type":"Feature","geometry":{"type":"LineString","coordinates":[[-75.16529,39.95822],[-75.16424,39.9579],[-75.16344,39.95774],[-75.16296,39.95777]]},"properties":{"kind":"stream","name":""}},{"type":"Feature","geometry":{"type":"LineString","coordinates":[[-75.19512,39.96053],[-75.19512,39.96049],[-75.19513,39.96047],[-75.19513,39.96045],[-75.19514,39.96043],[-75.19515,39.96042],[-75.19517,39.96041],[-75.19518,39.9604],[-75.19519,39.96035],[-75.1952,39.96031],[-75.19519,39.96027],[-75.19518,39.96023],[-75.19517,39.96022],[-75.19516,39.9602],[-75.19516,39.96019],[-75.19517,39.96018],[-75.19517,39.96016],[-75.19518,39.96015],[-75.19519,39.96014],[-75.1952,39.96013],[-75.19521,39.96009],[-75.19521,39.96005],[-75.19521,39.96],[-75.19519,39.95996],[-75.19517,39.95991],[-75.19518,39.95979],[-75.19518,39.95967],[-75.19517,39.95954],[-75.19515,39.95942],[-75.19512,39.9593],[-75.19511,39.95927],[-75.19511,39.95924],[-75.1951,39.95921],[-75.19508,39.95919],[-75.19506,39.95916],[-75.19499,39.9591],[-75.19498,39.95908],[-75.19496,39.95906],[-75.19496,39.95904],[-75.19495,39.95901],[-75.19496,39.95898],[-75.19497,39.95893],[-75.19497,39.9589],[-75.19497,39.95888],[-75.19497,39.95886],[-75.19496,39.95885],[-75.19495,39.95883],[-75.19494,39.95882],[-75.1949,39.95878],[-75.19488,39.95877],[-75.19487,39.95875],[-75.19486,39.95874],[-75.19486,39.95872],[-75.19486,39.9587],[-75.19488,39.95864],[-75.19488,39.95862],[-75.19488,39.95861],[-75.19488,39.95859],[-75.19487,39.95858],[-75.19486,39.95857],[-75.19485,39.95857],[-75.19482,39.95856],[-75.19481,39.95856],[-75.19477,39.95854],[-75.19469,39.9585],[-75.19465,39.95849],[-75.19462,39.95847],[-75.19461,39.95846],[-75.19461,39.95845],[-75.1946,39.95843],[-75.1946,39.9584],[-75.19461,39.95837],[-75.19464,39.95832],[-75.19465,39.9583],[-75.19466,39.95827],[-75.19465,39.95825],[-75.19465,39.95823],[-75.19463,39.95822],[-75.19461,39.9582],[-75.19455,39.95817],[-75.19453,39.95816],[-75.19452,39.95815],[-75.19451,39.95813],[-75.1945,39.95812],[-75.1945,39.9581],[-75.19451,39.95808],[-75.19452,39.95804],[-75.19453,39.95802],[-75.19453,39.958],[-75.19452,39.95799],[-75.19451,39.95798],[-75.1945,39.95797],[-75.19448,39.95796],[-75.19444,39.95796],[-75.19435,39.95794],[-75.19431,39.95794],[-75.19428,39.95793],[-75.19426,39.95792],[-75.19425,39.9579],[-75.19425,39.95788],[-75.19425,39.95786],[-75.19427,39.95781],[-75.19428,39.95778],[-75.19428,39.95776],[-75.19427,39.95774],[-75.19422,39.95772],[-75.19418,39.9577],[-75.19414,39.95767],[-75.19411,39.95763],[-75.19409,39.95759],[-75.19407,39.95755],[-75.19408,39.95752],[-75.19409,39.95749],[-75.19408,39.95746],[-75.19407,39.95743],[-75.19402,39.9574],[-75.19398,39.95736],[-75.19394,39.95732],[-75.19391,39.95727],[-75.19389,39.95722],[-75.19388,39.95717],[-75.19387,39.95713],[-75.19388,39.9571],[-75.19388,39.95706],[-75.1939,39.95703],[-75.1939,39.957],[-75.19389,39.95698],[-75.19388,39.95696],[-75.19386,39.95694],[-75.19383,39.95693],[-75.19376,39.9569],[-75.19373,39.95688],[-75.19372,39.95686],[-75.1937,39.95685],[-75.19369,39.95684],[-75.19369,39.95682],[-75.19368,39.95679],[-75.19368,39.95675],[-75.19368,39.95671],[-75.19369,39.95666],[-75.19371,39.95658],[-75.19373,39.9565],[-75.19377,39.95639],[-75.19381,39.95629],[-75.19383,39.9562],[-75.19384,39.95611],[-75.19384,39.95609],[-75.1938,39.95601],[-75.1938,39.95599],[-75.19379,39.95595],[-75.19378,39.95591],[-75.19376,39.95585],[-75.19374,39.95579],[-75.19372,39.95575],[-75.1937,39.95571],[-75.19369,39.95568],[-75.19366,39.95566],[-75.19363,39.95564],[-75.19358,39.95562],[-75.19351,39.9556],[-75.19347,39.95558],[-75.19343,39.95556],[-75.1934,39.95554],[-75.19339,39.95552],[-75.19336,39.9555],[-75.19333,39.95546],[-75.19328,39.95539],[-75.1932,39.95527],[-75.19315,39.95521],[-75.19312,39.95517],[-75.19308,39.95513],[-75.19305,39.9551],[-75.19301,39.95508],[-75.19296,39.95506],[-75.19289,39.95503],[-75.19284,39.95501],[-75.19281,39.95499],[-75.19278,39.95497],[-75.19276,39.95496],[-75.19275,39.95494],[-75.19272,39.95489],[-75.1927,39.95484],[-75.19267,39.95477],[-75.19266,39.95474],[-75.19265,39.95473],[-75.19263,39.95471],[-75.1926,39.95469],[-75.19256,39.95468],[-75.1925,39.95466],[-75.19246,39.95464],[-75.19243,39.95462],[-75.1924,39.9546],[-75.19236,39.95457],[-75.19233,39.95453],[-75.1923,39.95448],[-75.19225,39.95439],[-75.19221,39.95433],[-75.19217,39.95428],[-75.19213,39.95424],[-75.1921,39.9542],[-75.19206,39.95416],[-75.19201,39.95413],[-75.19195,39.95409],[-75.19186,39.95403],[-75.19182,39.95401],[-75.19179,39.95399],[-75.19176,39.95397],[-75.19174,39.95394],[-75.19171,39.95391],[-75.19169,39.95388],[-75.19165,39.95382],[-75.19162,39.95376],[-75.19159,39.9537],[-75.19158,39.95363],[-75.19156,39.95357],[-75.19156,39.95351],[-75.19155,39.95346],[-75.19156,39.9534],[-75.19155,39.95337],[-75.19154,39.95332],[-75.19152,39.95325],[-75.19151,39.9532],[-75.19148,39.95312],[-75.19147,39.95308],[-75.19145,39.95304],[-75.19143,39.953],[-75.19139,39.95297],[-75.19137,39.95295],[-75.19131,39.95292],[-75.19128,39.9529],[-75.19124,39.95289],[-75.19121,39.95288],[-75.19117,39.95287],[-75.19111,39.95287],[-75.19099,39.95287],[-75.19095,39.95286],[-75.19091,39.95285],[-75.19088,39.95284],[-75.19084,39.95282],[-75.19082,39.95281],[-75.19075,39.95276],[-75.19072,39.95275],[-75.1907,39.95273],[-75.19067,39.95272],[-75.19063,39.95272],[-75.19052,39.9527],[-75.19046,39.95269],[-75.19044,39.95268],[-75.19042,39.95267],[-75.1904,39.95266],[-75.19038,39.95264],[-75.19034,39.95261],[-75.19031,39.95258],[-75.19028,39.95255],[-75.19027,39.95252],[-75.19026,39.95249],[-75.19026,39.95246],[-75.19025,39.95237],[-75.19025,39.95232],[-75.19024,39.9523],[-75.19024,39.95229],[-75.19023,39.95227],[-75.19021,39.95226],[-75.19019,39.95224],[-75.19016,39.95222],[-75.19012,39.95221],[-75.19003,39.95218],[-75.18999,39.95216],[-75.18997,39.95215],[-75.18996,39.95214],[-75.18996,39.95213],[-75.18995,39.95212],[-75.18994,39.95209],[-75.18993,39.95203],[-75.18992,39.95201],[-75.18991,39.95199],[-75.18989,39.95197],[-75.18986,39.95196],[-75.18983,39.95196],[-75.18979,39.95195],[-75.18968,39.95193],[-75.18965,39.95192],[-75.18962,39.95191],[-75.18959,39.9519],[-75.18957,39.95188],[-75.18954,39.95186],[-75.18952,39.95183],[-75.1895,39.95181],[-75.18949,39.95177],[-75.18943,39.95165],[-75.1894,39.9516],[-75.18939,39.95157],[-75.18937,39.95155],[-75.18935,39.95153],[-75.18933,39.95151],[-75.18931,39.9515],[-75.18928,39.95148],[-75.18917,39.95142],[-75.18913,39.9514],[-75.1891,39.95138],[-75.18908,39.95135],[-75.18905,39.95132],[-75.18903,39.95128],[-75.18901,39.95124],[-75.18896,39.95113],[-75.18894,39.95108],[-75.1889,39.95098],[-75.18888,39.95094],[-75.18886,39.95089],[-75.18883,39.95085],[-75.18881,39.95082],[-75.18878,39.95074],[-75.18877,39.95072],[-75.18875,39.9507],[-75.18873,39.95067],[-75.18867,39.95059],[-75.18864,39.95055],[-75.18861,39.95052],[-75.18858,39.9505],[-75.18856,39.95049],[-75.18854,39.95048],[-75.18842,39.95046],[-75.1884,39.95045],[-75.18839,39.95044],[-75.18836,39.95043],[-75.18834,39.95041],[-75.18823,39.95029],[-75.1882,39.95027],[-75.18818,39.95026],[-75.18816,39.95025],[-75.18814,39.95024],[-75.18812,39.95023],[-75.18809,39.95023],[-75.18804,39.95022],[-75.1879,39.95021],[-75.18786,39.9502],[-75.18783,39.95019],[-75.1878,39.95019],[-75.18778,39.95018],[-75.18776,39.95017],[-75.18774,39.95015],[-75.1877,39.95012],[-75.18762,39.95003],[-75.18759,39.95],[-75.18757,39.94998],[-75.18754,39.94997],[-75.18752,39.94995],[-75.18749,39.94994],[-75.18745,39.94993],[-75.1874,39.94992],[-75.18722,39.94988],[-75.18716,39.94987],[-75.18694,39.94981],[-75.18686,39.94979],[-75.18682,39.94978],[-75.18678,39.94977],[-75.18663,39.94976],[-75.18658,39.94976],[-75.18653,39.94975],[-75.18648,39.94974],[-75.18638,39.9497],[-75.18632,39.94968],[-75.1863,39.94967],[-75.18628,39.94966],[-75.18626,39.94964],[-75.18625,39.94963],[-75.18625,39.94961],[-75.18625,39.9496],[-75.18626,39.94953],[-75.18626,39.94951],[-75.18626,39.9495],[-75.18625,39.94948],[-75.18624,39.94947],[-75.18621,39.94946],[-75.18618,39.94946],[-75.18608,39.94945],[-75.18606,39.94944],[-75.18604,39.94943],[-75.18602,39.94942],[-75.186,39.9494],[-75.18599,39.94938],[-75.18598,39.94935],[-75.18597,39.9493],[-75.18595,39.94918],[-75.18594,39.94913],[-75.18593,39.9491],[-75.18591,39.94906],[-75.18589,39.94902],[-75.18587,39.94898],[-75.18581,39.9489],[-75.18568,39.94873],[-75.18563,39.94865],[-75.1856,39.94861],[-75.18559,39.94858],[-75.18557,39.94854],[-75.18556,39.94851],[-75.18552,39.94838],[-75.18544,39.94815],[-75.18541,39.94805],[-75.18537,39.94794],[-75.18535,39.94784]]},"properties":{"kind":"stream","name":"Beaver Creek"}},{"type":"Feature","geometry":{"type":"LineString","coordinates":[[-75.18201,39.9779],[-75.18233,39.97796],[-75.18263,39.97817],[-75.18315,39.97815],[-75.18339,39.97828],[-75.18363,39.97828],[-75.18385,39.97844],[-75.18406,39.97843],[-75.18431,39.97855],[-75.18444,39.97864],[-75.18462,39.97872],[-75.18476,39.97881],[-75.18488,39.97889],[-75.18507,39.97898],[-75.18568,39.97899]]},"properties":{"kind":"stream","name":"unnamed trib to Schuylkill River"}},{"type":"Feature","geometry":{"type":"LineString","coordinates":[[-75.16375,39.98428],[-75.16371,39.98432],[-75.16368,39.98435],[-75.16366,39.98437],[-75.16365,39.9844],[-75.16362,39.98447],[-75.1636,39.98448],[-75.16359,39.9845],[-75.16357,39.98451],[-75.16355,39.98453],[-75.16351,39.98455],[-75.16348,39.98456],[-75.16345,39.98457],[-75.16338,39.98459],[-75.16336,39.9846],[-75.16334,39.98461],[-75.16331,39.98463],[-75.16329,39.98465],[-75.16323,39.98476],[-75.16319,39.9848],[-75.16318,39.9848],[-75.16317,39.98481],[-75.16316,39.98481],[-75.16309,39.98481],[-75.16304,39.98481],[-75.16302,39.98482],[-75.163,39.98483],[-75.16298,39.98483],[-75.16295,39.98485],[-75.16293,39.98486],[-75.16291,39.98487],[-75.16289,39.98489],[-75.16288,39.9849],[-75.16287,39.98491],[-75.16287,39.98494],[-75.16287,39.98508],[-75.16287,39.98512],[-75.16286,39.98516],[-75.16284,39.98519],[-75.16281,39.98522],[-75.16278,39.98525],[-75.16275,39.98528],[-75.16271,39.98529],[-75.16269,39.9853],[-75.16267,39.98531],[-75.16264,39.98531],[-75.16254,39.98532],[-75.16251,39.98532],[-75.16249,39.98533],[-75.16247,39.98534],[-75.16245,39.98535],[-75.16238,39.98542],[-75.16234,39.98544],[-75.16229,39.98546],[-75.16225,39.98548],[-75.1622,39.98549],[-75.16216,39.9855],[-75.16213,39.98551],[-75.16209,39.98551],[-75.16195,39.9855],[-75.16189,39.9855],[-75.16182,39.9855],[-75.16175,39.98551],[-75.16168,39.98553],[-75.16161,39.98554],[-75.16146,39.98558],[-75.16142,39.98559],[-75.16139,39.9856],[-75.16135,39.98561],[-75.16133,39.98563],[-75.1613,39.98565],[-75.16128,39.98566],[-75.16127,39.98568],[-75.16127,39.9857],[-75.16124,39.98577],[-75.16123,39.98579],[-75.16122,39.9858],[-75.1612,39.98582],[-75.16117,39.98585],[-75.16115,39.98586],[-75.16112,39.98587],[-75.16104,39.9859],[-75.16101,39.98591],[-75.16099,39.98592],[-75.16097,39.98593],[-75.16096,39.98595],[-75.16094,39.98596],[-75.16092,39.986],[-75.1609,39.98605],[-75.16088,39.98611],[-75.16087,39.98615],[-75.16087,39.98624],[-75.16087,39.98626],[-75.16086,39.98628],[-75.16084,39.98632],[-75.16081,39.98635],[-75.16079,39.98638],[-75.16075,39.98641],[-75.16073,39.98642],[-75.16065,39.98645],[-75.16063,39.98646],[-75.16062,39.98646],[-75.16059,39.98649],[-75.16056,39.98652],[-75.16053,39.98655],[-75.16051,39.98659],[-75.16051,39.98661],[-75.16051,39.98662],[-75.16051,39.9867],[-75.1605,39.98672],[-75.1605,39.98674],[-75.16049,39.98675],[-75.16047,39.98677],[-75.1604,39.98683],[-75.16038,39.98685],[-75.16037,39.98686],[-75.16035,39.98689],[-75.16034,39.98694],[-75.16033,39.98698],[-75.16033,39.98704],[-75.16033,39.98709],[-75.16034,39.98714],[-75.16035,39.98719],[-75.16037,39.98724]]},"properties":{"kind":"stream","name":"Cohocksink Creek, trib"}},{"type":"Feature","geometry":{"type":"LineString","coordinates":[[-75.1902,39.99279],[-75.19039,39.99285],[-75.19058,39.99292],[-75.19065,39.99294],[-75.19086,39.993],[-75.19093,39.99302],[-75.19098,39.99304],[-75.19104,39.99306],[-75.19117,39.99313],[-75.19123,39.99316],[-75.19137,39.99323],[-75.19144,39.99325],[-75.19148,39.99327],[-75.19151,39.99327],[-75.19154,39.99328],[-75.19158,39.99328],[-75.1916,39.99328],[-75.19162,39.99327],[-75.19171,39.99325],[-75.19175,39.99325],[-75.19177,39.99325],[-75.1918,39.99325],[-75.19183,39.99326],[-75.19186,39.99328],[-75.19191,39.99331],[-75.19203,39.9934],[-75.19207,39.99342],[-75.1921,39.99343],[-75.19222,39.99348],[-75.19229,39.9935],[-75.19236,39.99352],[-75.19239,39.99353],[-75.19242,39.99353],[-75.19245,39.99353],[-75.19248,39.99353],[-75.1926,39.99352],[-75.19263,39.99352],[-75.19265,39.99352],[-75.19269,39.99353],[-75.19273,39.99354],[-75.19286,39.99358],[-75.19291,39.9936],[-75.19296,39.99362],[-75.19316,39.99371],[-75.19417,39.99413],[-75.19448,39.99427],[-75.19477,39.99439]]},"properties":{"kind":"stream","name":"unnamed trib to Schuylkill River"}},{"type":"Feature","geometry":{"type":"LineString","coordinates":[[-75.15226,39.95449],[-75.15294,39.9545],[-75.15333,39.95472],[-75.15357,39.9547],[-75.15391,39.95478],[-75.15419,39.95472]]},"properties":{"kind":"stream","name":"Pegg Run"}},{"type":"Feature","geometry":{"type":"LineString","coordinates":[[-75.17141,39.9447],[-75.17173,39.94447],[-75.17214,39.9443]]},"properties":{"kind":"stream","name":"Shackaminsing Creek"}},{"type":"Feature","geometry":{"type":"LineString","coordinates":[[-75.17711,39.98025],[-75.17711,39.98026],[-75.17745,39.98028],[-75.17776,39.98028],[-75.17801,39.98036],[-75.17821,39.98046],[-75.17845,39.98046],[-75.17872,39.98047],[-75.17891,39.98057],[-75.17917,39.98063],[-75.1794,39.98079],[-75.17965,39.98086],[-75.17989,39.98086],[-75.18013,39.98087],[-75.18031,39.98095],[-75.1805,39.98103],[-75.18067,39.98109],[-75.18076,39.98114],[-75.18101,39.98117],[-75.18127,39.98126],[-75.18157,39.98154],[-75.1818,39.98163],[-75.18204,39.98169],[-75.18248,39.98185],[-75.18327,39.98221]]},"properties":{"kind":"stream","name":"unnamed trib to Schuylkill River"}},{"type":"Feature","geometry":{"type":"LineString","coordinates":[[-75.19538,39.91351],[-75.19546,39.91342],[-75.19549,39.9134],[-75.1955,39.91339],[-75.19552,39.91338],[-75.19554,39.91337],[-75.19561,39.91335],[-75.19563,39.91334],[-75.19564,39.91333],[-75.19566,39.91332],[-75.19567,39.9133],[-75.19572,39.91323],[-75.19574,39.91321],[-75.19576,39.91319],[-75.19578,39.91317],[-75.19584,39.91315],[-75.19602,39.91307],[-75.19604,39.91306],[-75.19606,39.91305],[-75.19608,39.91303],[-75.19609,39.91301],[-75.19611,39.91297],[-75.19614,39.9129],[-75.19615,39.91287],[-75.19616,39.91284],[-75.19618,39.91281],[-75.1962,39.91279],[-75.19623,39.91277],[-75.19637,39.91266],[-75.1964,39.91264],[-75.19643,39.91263],[-75.19654,39.91258],[-75.19657,39.91256],[-75.19661,39.91254],[-75.19666,39.91252],[-75.19668,39.91252],[-75.1967,39.9125],[-75.19673,39.91248],[-75.19676,39.91244],[-75.19683,39.91234],[-75.19684,39.91232],[-75.19686,39.91231],[-75.19689,39.91229],[-75.19697,39.91224],[-75.19699,39.91223],[-75.19701,39.91222],[-75.19702,39.9122],[-75.19703,39.91218],[-75.19706,39.91204],[-75.19707,39.91201],[-75.19708,39.91199],[-75.1971,39.91198],[-75.19712,39.91196],[-75.19715,39.91194],[-75.1972,39.91191],[-75.19722,39.9119],[-75.19729,39.91188],[-75.19732,39.91186],[-75.19734,39.91184],[-75.19737,39.91181],[-75.19739,39.91177],[-75.19741,39.91173],[-75.19742,39.91171],[-75.19742,39.91168],[-75.19742,39.91161],[-75.19742,39.91158],[-75.19742,39.91156],[-75.19743,39.91154],[-75.19744,39.91152],[-75.19746,39.9115],[-75.19751,39.91145],[-75.19754,39.91143],[-75.19762,39.91139],[-75.19763,39.91138],[-75.19765,39.91136],[-75.19766,39.91135],[-75.19766,39.91133],[-75.19768,39.91124],[-75.19768,39.91122],[-75.19769,39.91121],[-75.1977,39.91119],[-75.19772,39.91117],[-75.19779,39.91112],[-75.19781,39.9111],[-75.19782,39.91108],[-75.19783,39.91106],[-75.19784,39.91104],[-75.19783,39.91097],[-75.19783,39.91096],[-75.19783,39.91095],[-75.19784,39.91093],[-75.19785,39.91091],[-75.19791,39.91084],[-75.19793,39.91081],[-75.19796,39.91076],[-75.19797,39.91074],[-75.19797,39.91073],[-75.19799,39.91072],[-75.19801,39.91072],[-75.19807,39.9107],[-75.19811,39.91069],[-75.19821,39.91068],[-75.19825,39.91067],[-75.19827,39.91066],[-75.1983,39.91065],[-75.19836,39.91059],[-75.19838,39.91058],[-75.19841,39.91057],[-75.19843,39.91056],[-75.19845,39.91056],[-75.19848,39.91057],[-75.19857,39.91059],[-75.19859,39.9106],[-75.19862,39.9106],[-75.19864,39.9106],[-75.19865,39.9106],[-75.19868,39.91059],[-75.19876,39.91056],[-75.19879,39.91054],[-75.19884,39.9105],[-75.19886,39.91049],[-75.19888,39.91049],[-75.1989,39.91049],[-75.19899,39.91049],[-75.19901,39.91049],[-75.19902,39.91048],[-75.19904,39.91047],[-75.19906,39.91046],[-75.19907,39.91045],[-75.19909,39.91044],[-75.19912,39.9104],[-75.19913,39.91038],[-75.19913,39.91036],[-75.19914,39.91035],[-75.19914,39.91034],[-75.19913,39.91027],[-75.19913,39.91026],[-75.19913,39.91024],[-75.19914,39.91023],[-75.19915,39.91022],[-75.19921,39.91018],[-75.19922,39.91017],[-75.19923,39.91016],[-75.19923,39.91015],[-75.19923,39.91014],[-75.1992,39.91008],[-75.1992,39.91007],[-75.1992,39.91006],[-75.1992,39.91005],[-75.19922,39.91003],[-75.19923,39.91001],[-75.19928,39.90998],[-75.1993,39.90997],[-75.19931,39.90995],[-75.19932,39.90993],[-75.19932,39.90992],[-75.19931,39.9099],[-75.1993,39.90988],[-75.19926,39.90983],[-75.19926,39.90981],[-75.19925,39.90979],[-75.19925,39.90976],[-75.19926,39.90974],[-75.19926,39.90973],[-75.19927,39.90972],[-75.19929,39.90971],[-75.19934,39.90968],[-75.19935,39.90967],[-75.19936,39.90966],[-75.19936,39.90965],[-75.19936,39.90963],[-75.19935,39.90961],[-75.19932,39.90956],[-75.19932,39.90954],[-75.19932,39.90953],[-75.19933,39.90951],[-75.19934,39.9095],[-75.1994,39.90945],[-75.19941,39.90944],[-75.19941,39.90943],[-75.19942,39.90942],[-75.19941,39.9094],[-75.19939,39.90933],[-75.19939,39.90931],[-75.19939,39.9093],[-75.19939,39.90928],[-75.19941,39.90922],[-75.19941,39.90919],[-75.19941,39.90911],[-75.19941,39.90909],[-75.19942,39.90908],[-75.19943,39.90906],[-75.19944,39.90905],[-75.19946,39.90903],[-75.19953,39.90899],[-75.19955,39.90898],[-75.19956,39.90897],[-75.19957,39.90895],[-75.19958,39.90893],[-75.19959,39.90887],[-75.19959,39.90885],[-75.1996,39.90883],[-75.19962,39.90881],[-75.19965,39.90879],[-75.1997,39.90877],[-75.19974,39.90875],[-75.19984,39.90873],[-75.19986,39.90872],[-75.19988,39.90872],[-75.19991,39.9087],[-75.19998,39.90864],[-75.2,39.90862],[-75.20004,39.90861],[-75.20009,39.9086],[-75.20014,39.90859],[-75.20027,39.90858],[-75.20032,39.90857],[-75.20036,39.90856],[-75.20039,39.90854],[-75.20041,39.90853],[-75.20043,39.90851],[-75.20045,39.90848],[-75.20048,39.90841],[-75.20049,39.90839],[-75.20051,39.90836],[-75.20053,39.90834],[-75.20056,39.90833],[-75.20059,39.90832],[-75.20062,39.90832],[-75.20069,39.90831],[-75.20073,39.90831],[-75.20075,39.9083],[-75.20078,39.90829],[-75.2008,39.90827],[-75.20081,39.90826],[-75.20082,39.90823],[-75.20084,39.90819],[-75.20093,39.90806],[-75.20094,39.90804],[-75.20096,39.90803],[-75.20098,39.90801],[-75.20104,39.90798],[-75.20106,39.90797],[-75.20107,39.90796],[-75.20108,39.90794],[-75.20109,39.90793],[-75.20109,39.90791],[-75.20107,39.90784],[-75.20107,39.90782],[-75.20107,39.9078],[-75.20108,39.90779],[-75.20109,39.90778],[-75.20113,39.90772],[-75.20114,39.90769],[-75.20114,39.90768],[-75.20114,39.90767],[-75.20113,39.9076],[-75.20113,39.90759],[-75.20113,39.90757],[-75.20114,39.90756],[-75.20116,39.90755],[-75.20118,39.90754],[-75.20125,39.90751],[-75.20127,39.90749],[-75.20129,39.90748],[-75.2013,39.90747],[-75.20131,39.90745],[-75.20134,39.90738],[-75.20135,39.90736],[-75.20136,39.90734],[-75.20138,39.90733],[-75.2014,39.90731],[-75.20142,39.9073],[-75.20151,39.90728],[-75.20154,39.90727],[-75.20156,39.90727],[-75.20157,39.90726],[-75.20159,39.90724],[-75.2016,39.90722],[-75.20163,39.90715],[-75.20164,39.90713],[-75.20165,39.90712],[-75.20166,39.9071],[-75.20168,39.90709],[-75.2017,39.90709],[-75.20179,39.90706],[-75.20182,39.90705],[-75.20183,39.90704],[-75.20185,39.90703],[-75.20186,39.90702],[-75.20192,39.90695],[-75.20194,39.90693],[-75.20196,39.90691],[-75.20198,39.9069],[-75.20203,39.90689],[-75.20208,39.90687],[-75.20222,39.90685],[-75.20226,39.90683],[-75.2023,39.90682],[-75.20237,39.90679],[-75.20249,39.90673],[-75.20254,39.9067],[-75.20267,39.90661],[-75.20272,39.90659],[-75.20276,39.90657],[-75.20282,39.90655],[-75.20289,39.90652],[-75.20296,39.9065],[-75.20303,39.90649],[-75.20321,39.90647],[-75.20327,39.90646],[-75.20334,39.90644],[-75.20345,39.9064],[-75.20359,39.90635],[-75.20365,39.90633],[-75.20368,39.90632],[-75.20371,39.90632],[-75.20374,39.90632],[-75.20382,39.90632],[-75.20388,39.90632],[-75.20397,39.90631],[-75.20418,39.9063],[-75.20435,39.90629],[-75.20444,39.90628],[-75.2045,39.90627],[-75.20463,39.90623],[-75.20468,39.90623],[-75.20474,39.90622],[-75.2048,39.90621],[-75.20497,39.90621],[-75.20514,39.90621],[-75.2052,39.90621],[-75.20525,39.90621],[-75.2054,39.90624],[-75.20543,39.90624],[-75.20547,39.90624],[-75.20564,39.90623],[-75.20567,39.90623],[-75.20571,39.90623],[-75.20576,39.90624],[-75.2058,39.90625],[-75.20585,39.90626],[-75.20589,39.90627],[-75.20594,39.90629],[-75.20598,39.90631],[-75.20603,39.90633],[-75.20609,39.90636],[-75.20612,39.90638],[-75.20615,39.9064],[-75.20621,39.90646],[-75.20624,39.90649],[-75.20626,39.90652],[-75.20628,39.90656],[-75.20629,39.9066],[-75.20631,39.90665],[-75.20632,39.90667],[-75.20634,39.9067],[-75.20639,39.90674],[-75.20641,39.90676],[-75.20642,39.90679],[-75.20644,39.90682],[-75.20644,39.90685],[-75.20646,39.90694],[-75.20647,39.90696],[-75.20647,39.90699],[-75.20649,39.90702],[-75.20656,39.90712],[-75.20657,39.90715],[-75.20661,39.90723],[-75.20662,39.90725],[-75.20663,39.90727],[-75.20666,39.9073],[-75.2067,39.90733],[-75.20675,39.90736],[-75.20682,39.9074],[-75.20688,39.90743],[-75.20695,39.90746],[-75.207,39.90748],[-75.20707,39.9075],[-75.20716,39.90752],[-75.20719,39.90753],[-75.20724,39.90755],[-75.20729,39.90757],[-75.20734,39.9076],[-75.20745,39.90766],[-75.2075,39.90768],[-75.20761,39.90773],[-75.20772,39.90777],[-75.20775,39.90779],[-75.20778,39.90781],[-75.2078,39.90782],[-75.20782,39.90784],[-75.2079,39.90794],[-75.20796,39.908],[-75.20802,39.90805],[-75.20813,39.90815],[-75.20818,39.90819],[-75.20823,39.90823],[-75.20831,39.90827],[-75.20846,39.90836],[-75.20855,39.90841],[-75.2086,39.90844],[-75.20864,39.90845],[-75.20873,39.90848],[-75.20876,39.90849],[-75.20878,39.9085],[-75.20882,39.90853],[-75.20885,39.90855],[-75.20887,39.90857],[-75.20889,39.90859],[-75.20891,39.90863],[-75.20892,39.90866],[-75.20895,39.90872],[-75.20896,39.90875],[-75.20897,39.90879],[-75.20898,39.90893],[-75.20899,39.90898],[-75.20902,39.90905],[-75.20908,39.9092],[-75.20913,39.90933],[-75.20917,39.90946],[-75.20921,39.90961],[-75.20924,39.90975],[-75.20932,39.91013]]},"properties":{"kind":"stream","name":"unnamed trib to Schuylkill River"}},{"type":"Feature","geometry":{"type":"LineString","coordinates":[[-75.20959,39.95114],[-75.20956,39.95116],[-75.20952,39.95118],[-75.20949,39.9512],[-75.20946,39.95121],[-75.20942,39.95123],[-75.20939,39.95124],[-75.20935,39.95125],[-75.20932,39.95125],[-75.20928,39.95126],[-75.20924,39.95126],[-75.2092,39.95126],[-75.20916,39.95126],[-75.20913,39.95125],[-75.20908,39.95124],[-75.20905,39.95123],[-75.20896,39.95119],[-75.20891,39.95118],[-75.20878,39.95114],[-75.20869,39.95112]]},"properties":{"kind":"stream","name":"unnamed trib to Mill Creek"}},{"type":"Feature","geometry":{"type":"LineString","coordinates":[[-75.15029,39.92185],[-75.15024,39.92181],[-75.15019,39.92178],[-75.15013,39.92175],[-75.15007,39.92173],[-75.15004,39.92173],[-75.15001,39.92172],[-75.14988,39.92172],[-75.14983,39.92171],[-75.14976,39.9217],[-75.14967,39.92168],[-75.14958,39.92165],[-75.14937,39.92157],[-75.14929,39.92154],[-75.14924,39.92152],[-75.14919,39.92151],[-75.14914,39.9215],[-75.1491,39.92149],[-75.14899,39.92148],[-75.14887,39.92148],[-75.14873,39.92148],[-75.14856,39.92148],[-75.14838,39.92149],[-75.14832,39.92149],[-75.14826,39.9215],[-75.14823,39.92151],[-75.14818,39.92152],[-75.14804,39.92156],[-75.14798,39.92158],[-75.14794,39.92159],[-75.14789,39.9216],[-75.14784,39.9216],[-75.14779,39.92161],[-75.14768,39.92161],[-75.14757,39.92161],[-75.14747,39.9216],[-75.14735,39.92159],[-75.14698,39.92154],[-75.14685,39.92153],[-75.14672,39.92152],[-75.1466,39.92151],[-75.14654,39.92151],[-75.14649,39.92152],[-75.14644,39.92152],[-75.14639,39.92153],[-75.14634,39.92154],[-75.14629,39.92155],[-75.14624,39.92156],[-75.1462,39.92157],[-75.14617,39.92159],[-75.14608,39.92163],[-75.14605,39.92164],[-75.14603,39.92164],[-75.146,39.92164],[-75.14597,39.92165],[-75.14585,39.92164],[-75.1458,39.92164],[-75.14572,39.92164],[-75.14564,39.92166],[-75.14555,39.92168],[-75.14545,39.92171],[-75.1454,39.92173],[-75.14536,39.92175],[-75.14531,39.92178],[-75.14522,39.92183],[-75.14511,39.92184],[-75.145,39.92185],[-75.14489,39.92185],[-75.14478,39.92185],[-75.14467,39.92184],[-75.14457,39.92182],[-75.14448,39.92181],[-75.14438,39.92181],[-75.14428,39.92181],[-75.14418,39.92182],[-75.14408,39.92184],[-75.14402,39.92185],[-75.14397,39.92186],[-75.14391,39.92185],[-75.14385,39.92185],[-75.1438,39.92184],[-75.14375,39.92182],[-75.14367,39.9218],[-75.14359,39.9218],[-75.14352,39.9218],[-75.14344,39.92181],[-75.14336,39.92182],[-75.14329,39.92183],[-75.14322,39.92181],[-75.14315,39.92179],[-75.14308,39.92179],[-75.14301,39.92179],[-75.14294,39.9218],[-75.14287,39.92181],[-75.14281,39.92184],[-75.14274,39.92186],[-75.1427,39.92188],[-75.14267,39.9219],[-75.14264,39.92191],[-75.1426,39.92191],[-75.14256,39.92192],[-75.14252,39.92192],[-75.14242,39.92192],[-75.14228,39.92191],[-75.14223,39.92191],[-75.14217,39.9219],[-75.14195,39.92186],[-75.14186,39.92185],[-75.14172,39.92183],[-75.1416,39.92182],[-75.14149,39.92182],[-75.14139,39.92181],[-75.14129,39.92182],[-75.1412,39.92182],[-75.14111,39.92183],[-75.14102,39.92184],[-75.14097,39.92185],[-75.14084,39.92188],[-75.14078,39.92189],[-75.14073,39.92189],[-75.14069,39.92189],[-75.14063,39.92189],[-75.14051,39.92188],[-75.14046,39.92188],[-75.1404,39.92187],[-75.14035,39.92188],[-75.1403,39.92189],[-75.14025,39.9219],[-75.14007,39.92195],[-75.13999,39.92197],[-75.13994,39.92198],[-75.13989,39.92198],[-75.13983,39.92199],[-75.13978,39.92199],[-75.13965,39.92199],[-75.13939,39.92199],[-75.13928,39.92199],[-75.13916,39.92199],[-75.13911,39.922],[-75.13906,39.922],[-75.13896,39.92202],[-75.13885,39.92205],[-75.13873,39.92208],[-75.13842,39.92217],[-75.13832,39.92219],[-75.13824,39.92221],[-75.13815,39.92222],[-75.13805,39.92224],[-75.13796,39.92225],[-75.13785,39.92226],[-75.13763,39.92228],[-75.13717,39.92231],[-75.13698,39.92232],[-75.13687,39.92233],[-75.13677,39.92234],[-75.13668,39.92235],[-75.13659,39.92237],[-75.13649,39.92238],[-75.13638,39.92239],[-75.13624,39.9224],[-75.13595,39.92242],[-75.13582,39.92243],[-75.13569,39.92244],[-75.13557,39.92246],[-75.13547,39.92247],[-75.13537,39.92248],[-75.13526,39.92249],[-75.13514,39.92249],[-75.13504,39.92249],[-75.13492,39.92249],[-75.13455,39.92247],[-75.1344,39.92247],[-75.13426,39.92247],[-75.13414,39.92247]]},"properties":{"kind":"stream","name":"unnamed trib to Delaware River"}},{"type":"Feature","geometry":{"type":"LineString","coordinates":[[-75.1663,39.94541],[-75.16659,39.94483],[-75.16682,39.9448],[-75.16726,39.94485],[-75.16768,39.94498],[-75.16831,39.94507],[-75.1687,39.94503],[-75.16963,39.94514],[-75.17034,39.94498],[-75.17093,39.9449],[-75.17141,39.9447],[-75.17174,39.94467],[-75.17214,39.94482],[-75.17245,39.94475],[-75.17283,39.9449],[-75.17312,39.94493],[-75.17339,39.94512],[-75.17333,39.94535],[-75.1732,39.94559],[-75.17328,39.94586],[-75.17316,39.94608],[-75.17307,39.9464],[-75.17303,39.94655],[-75.17311,39.94662],[-75.17406,39.94674],[-75.17416,39.94685],[-75.17407,39.94699],[-75.17371,39.94715],[-75.17351,39.94742],[-75.17328,39.94762],[-75.17299,39.94821]]},"properties":{"kind":"stream","name":"Shackaminsing Creek"}},{"type":"Feature","geometry":{"type":"LineString","coordinates":[[-75.15892,39.91731],[-75.15892,39.9173],[-75.15888,39.91717],[-75.15888,39.917],[-75.15883,39.91687],[-75.15863,39.91665],[-75.15856,39.91645],[-75.15859,39.91618],[-75.15867,39.9159],[-75.15871,39.91571]]},"properties":{"kind":"stream","name":"unnamed trib to Hollanders Creek"}},{"type":"Feature","geometry":{"type":"LineString","coordinates":[[-75.12849,39.91026],[-75.12906,39.91026],[-75.12963,39.91025],[-75.1302,39.91024],[-75.13076,39.91022],[-75.13133,39.9102],[-75.1319,39.91016],[-75.13247,39.91012],[-75.13261,39.91013],[-75.13275,39.91014],[-75.13289,39.91013],[-75.13302,39.91012],[-75.13316,39.91011],[-75.13347,39.91005],[-75.13378,39.91],[-75.13408,39.90995],[-75.13416,39.90995],[-75.13427,39.90995],[-75.13437,39.90996],[-75.13448,39.90998],[-75.13458,39.91],[-75.13468,39.91002],[-75.13478,39.91005],[-75.13488,39.91009],[-75.13497,39.91013],[-75.13514,39.91023],[-75.13532,39.91032],[-75.13551,39.91041],[-75.1356,39.91046],[-75.1357,39.9105],[-75.13581,39.91054],[-75.13592,39.91057],[-75.13603,39.9106],[-75.13614,39.91062],[-75.13626,39.91063],[-75.13638,39.91064],[-75.13649,39.91064],[-75.13661,39.91063],[-75.13673,39.91062],[-75.13684,39.91059],[-75.13697,39.91057],[-75.13711,39.91055],[-75.13725,39.91054],[-75.13738,39.91053],[-75.13752,39.91053],[-75.13763,39.91053],[-75.13774,39.91054],[-75.13785,39.91056],[-75.13795,39.91058],[-75.13806,39.91061],[-75.13816,39.91064],[-75.13826,39.91068],[-75.13835,39.91072],[-75.13846,39.91076],[-75.13858,39.9108],[-75.1387,39.91083],[-75.13882,39.91085],[-75.13894,39.91087],[-75.13906,39.91089],[-75.1394,39.91092],[-75.13955,39.91091],[-75.13966,39.91091],[-75.13976,39.9109],[-75.13987,39.91088],[-75.13998,39.91086],[-75.14008,39.91083],[-75.14018,39.9108],[-75.14037,39.91072],[-75.14109,39.91031],[-75.14119,39.91025],[-75.14129,39.9102],[-75.1414,39.91015],[-75.14151,39.91011],[-75.14162,39.91008],[-75.14174,39.91005],[-75.14186,39.91003],[-75.14198,39.91002],[-75.1421,39.91001],[-75.14223,39.91002],[-75.14268,39.91004],[-75.14312,39.91],[-75.14371,39.90991],[-75.14424,39.90975],[-75.14482,39.90961],[-75.1453,39.90961],[-75.14579,39.90965],[-75.14647,39.90972],[-75.14736,39.90972],[-75.14803,39.90958],[-75.14884,39.9094],[-75.14961,39.90915],[-75.15067,39.90876],[-75.1507,39.90876],[-75.15115,39.90865],[-75.15132,39.90863],[-75.15151,39.90862],[-75.15172,39.90857],[-75.15188,39.90853],[-75.15249,39.90845],[-75.15308,39.90839],[-75.15404,39.90812],[-75.15467,39.908],[-75.15514,39.90793],[-75.15541,39.90787],[-75.1559,39.90792],[-75.15657,39.90794],[-75.15724,39.90795],[-75.15792,39.90795],[-75.15831,39.90786],[-75.15903,39.90791],[-75.15961,39.90804],[-75.15982,39.90805],[-75.16029,39.90805],[-75.16061,39.90805],[-75.16092,39.90804],[-75.16124,39.90802],[-75.16155,39.908],[-75.16187,39.90797],[-75.16218,39.90794],[-75.16238,39.90789],[-75.16251,39.90785],[-75.16264,39.90782],[-75.16277,39.90777],[-75.16289,39.90773],[-75.16302,39.90767],[-75.16313,39.90762],[-75.16325,39.90755],[-75.16358,39.90744],[-75.16395,39.90739],[-75.16434,39.90738],[-75.165,39.90744],[-75.16514,39.90747],[-75.16529,39.9075],[-75.16544,39.90752],[-75.16558,39.90753],[-75.16573,39.90753],[-75.16588,39.90753],[-75.16603,39.90753],[-75.16617,39.90752],[-75.16632,39.9075],[-75.16669,39.90743],[-75.16743,39.90722],[-75.16811,39.90678],[-75.16816,39.90674],[-75.16821,39.90671],[-75.16828,39.90668],[-75.16834,39.90665],[-75.16841,39.90664],[-75.16849,39.90663],[-75.16856,39.90662],[-75.16863,39.90663],[-75.16871,39.90664],[-75.16878,39.90664],[-75.16886,39.90664],[-75.16894,39.90664],[-75.16902,39.90663],[-75.16909,39.90661],[-75.16916,39.90659],[-75.16922,39.90658],[-75.16927,39.90655],[-75.16932,39.90653],[-75.16936,39.90649],[-75.1694,39.90646],[-75.16943,39.90642],[-75.16946,39.90638],[-75.16947,39.90633],[-75.16948,39.90629],[-75.16951,39.90625],[-75.16953,39.90621],[-75.16957,39.90618],[-75.1696,39.90615],[-75.16965,39.90612],[-75.16969,39.9061],[-75.16975,39.90609],[-75.1698,39.90608],[-75.16986,39.90608],[-75.16991,39.90609],[-75.16998,39.90609],[-75.17005,39.90608],[-75.17011,39.90606],[-75.17017,39.90604],[-75.17023,39.90602],[-75.17029,39.90599],[-75.17034,39.90595],[-75.17039,39.90591],[-75.17043,39.90587],[-75.17046,39.90582],[-75.1705,39.90578],[-75.17054,39.90573],[-75.1706,39.9057],[-75.17065,39.90566],[-75.17072,39.90563],[-75.17078,39.90561],[-75.17085,39.9056],[-75.17092,39.90559],[-75.171,39.90559],[-75.17107,39.9056],[-75.17114,39.90561],[-75.17121,39.90563],[-75.1713,39.90564],[-75.1714,39.90564],[-75.1715,39.90564],[-75.17159,39.90562],[-75.17169,39.90561],[-75.1718,39.90558],[-75.1719,39.90554],[-75.17201,39.9055],[-75.17211,39.90546],[-75.1722,39.90541],[-75.17229,39.90535],[-75.17238,39.9053],[-75.17245,39.90524],[-75.17253,39.90518],[-75.17259,39.90511],[-75.17265,39.90504],[-75.17271,39.90498],[-75.17278,39.90492],[-75.17286,39.90486],[-75.17294,39.90481],[-75.17303,39.90476],[-75.17311,39.90473],[-75.17321,39.9047],[-75.1733,39.90468],[-75.17339,39.90466],[-75.17349,39.90465],[-75.17419,39.90448],[-75.17496,39.90436],[-75.17548,39.90412],[-75.17576,39.90377],[-75.17627,39.90334],[-75.17677,39.90297],[-75.17735,39.90252],[-75.1777,39.90228],[-75.17838,39.90195],[-75.17864,39.9017],[-75.17889,39.90149],[-75.17892,39.90146],[-75.179,39.90134],[-75.17911,39.90121],[-75.17921,39.90107],[-75.17937,39.90084],[-75.17943,39.90076],[-75.1795,39.90067],[-75.17957,39.90059],[-75.17966,39.90052],[-75.17976,39.90043],[-75.17988,39.90034],[-75.18016,39.90015],[-75.18028,39.90006],[-75.18036,39.9],[-75.18056,39.89983],[-75.18061,39.89979],[-75.18066,39.89975],[-75.18072,39.89971],[-75.18079,39.89968],[-75.18088,39.89964],[-75.18097,39.8996],[-75.18106,39.89957],[-75.18115,39.89955],[-75.18124,39.89952],[-75.18134,39.8995],[-75.18139,39.8995],[-75.18144,39.89949],[-75.1815,39.89948],[-75.18157,39.89948],[-75.18169,39.89948],[-75.18186,39.89948],[-75.18199,39.89948],[-75.18204,39.89948],[-75.18209,39.89949],[-75.18228,39.89951],[-75.18235,39.89952],[-75.18242,39.89952],[-75.18248,39.89952],[-75.18251,39.89952],[-75.18254,39.89951],[-75.18257,39.8995],[-75.1826,39.89949],[-75.18263,39.89947],[-75.18267,39.89945],[-75.1827,39.89942],[-75.18273,39.89939],[-75.18283,39.89936],[-75.18293,39.8991],[-75.18273,39.89877],[-75.18254,39.89843],[-75.18255,39.8981],[-75.18273,39.89757],[-75.18261,39.89713],[-75.18178,39.89599],[-75.18115,39.89521],[-75.18115,39.89521]]},"properties":{"kind":"stream","name":"Hollanders Creek"}},{"type":"Feature","geometry":{"type":"LineString","coordinates":[[-75.18479,39.97244],[-75.18487,39.97215],[-75.18478,39.97155],[-75.18486,39.97075],[-75.18507,39.96955],[-75.18586,39.96891],[-75.18835,39.96917],[-75.19242,39.97021]]},"properties":{"kind":"stream","name":"unnamed trib to Schuylkill River"}},{"type":"Feature","geometry":{"type":"LineString","coordinates":[[-75.15547,39.98435],[-75.15486,39.98463],[-75.15463,39.9847],[-75.15441,39.98477],[-75.15416,39.98486],[-75.15396,39.98491],[-75.15369,39.98491],[-75.15356,39.98497],[-75.15338,39.98509],[-75.15315,39.9851],[-75.15298,39.98513],[-75.15289,39.98521],[-75.15265,39.98538],[-75.15236,39.98548],[-75.15176,39.98553],[-75.15119,39.98556]]},"properties":{"kind":"stream","name":"Cohocksink Creek, trib"}},{"type":"Feature","geometry":{"type":"LineString","coordinates":[[-75.20405,39.95414],[-75.20412,39.95414],[-75.20419,39.95413],[-75.20425,39.95413],[-75.20432,39.95414],[-75.20438,39.95415],[-75.20444,39.95416],[-75.2045,39.95417],[-75.20456,39.95419],[-75.20461,39.95421],[-75.20471,39.95425],[-75.20476,39.95427],[-75.20481,39.95428],[-75.20489,39.95429],[-75.20492,39.95429],[-75.20495,39.9543],[-75.20497,39.95431],[-75.205,39.95432],[-75.20502,39.95434],[-75.20503,39.95435],[-75.20505,39.95437],[-75.20507,39.95439],[-75.20508,39.95441],[-75.20511,39.95445]]},"properties":{"kind":"stream","name":"unnamed trib to Mill Creek"}},{"type":"Feature","geometry":{"type":"LineString","coordinates":[[-75.1479,39.95106],[-75.14784,39.95164],[-75.14736,39.95257]]},"properties":{"kind":"stream","name":"Dock Creek"}},{"type":"Feature","geometry":{"type":"LineString","coordinates":[[-75.17025,39.94933],[-75.17001,39.94955],[-75.16988,39.94957],[-75.1697,39.94965],[-75.16957,39.94976],[-75.16943,39.94992],[-75.16936,39.9501],[-75.16924,39.95015],[-75.169,39.95014],[-75.16881,39.95016],[-75.16864,39.95023]]},"properties":{"kind":"stream","name":"Shackaminsing Creek"}},{"type":"Feature","geometry":{"type":"LineString","coordinates":[[-75.17086,39.9562],[-75.17052,39.956],[-75.1701,39.95581],[-75.17025,39.95569],[-75.17005,39.95566],[-75.17006,39.95547],[-75.16983,39.95536],[-75.16936,39.95524],[-75.16865,39.95518],[-75.16825,39.9551],[-75.16796,39.95501],[-75.16762,39.95502],[-75.16653,39.95501],[-75.16599,39.95493]]},"properties":{"kind":"stream","name":""}},{"type":"Feature","geometry":{"type":"LineString","coordinates":[[-75.19888,39.97402],[-75.19908,39.9742],[-75.19915,39.97427],[-75.19921,39.97433],[-75.19927,39.97439],[-75.19932,39.97444],[-75.19936,39.9745],[-75.19939,39.97454],[-75.19941,39.97459],[-75.19942,39.97463],[-75.19943,39.97466],[-75.19943,39.97472],[-75.19943,39.97475],[-75.19944,39.97478],[-75.19946,39.97482],[-75.19949,39.97491],[-75.19951,39.97495],[-75.19953,39.97499],[-75.19954,39.97501],[-75.19959,39.97506],[-75.19963,39.97511],[-75.19966,39.97516],[-75.19974,39.9753],[-75.19979,39.97538],[-75.19982,39.97542],[-75.19984,39.97548],[-75.19987,39.97555],[-75.19989,39.97562],[-75.19992,39.97577],[-75.19998,39.97596],[-75.2,39.97604],[-75.20001,39.97608],[-75.20001,39.97612],[-75.20001,39.97615],[-75.20001,39.97619],[-75.19999,39.97627],[-75.19998,39.97631],[-75.19997,39.97635],[-75.19995,39.97638],[-75.19994,39.97641],[-75.19992,39.97643],[-75.1999,39.97646],[-75.19988,39.97647],[-75.19987,39.97648],[-75.19983,39.9765],[-75.19978,39.97652],[-75.19966,39.97656],[-75.19961,39.97658],[-75.19958,39.9766],[-75.19956,39.97661],[-75.19954,39.97662],[-75.19952,39.97663],[-75.19951,39.97665],[-75.19949,39.97668],[-75.19944,39.97678],[-75.19942,39.9768],[-75.1994,39.97681],[-75.19939,39.97683],[-75.19937,39.97686],[-75.19928,39.977],[-75.19926,39.97703],[-75.19924,39.97704],[-75.19921,39.97707],[-75.19911,39.97714],[-75.19907,39.97718],[-75.19903,39.97721],[-75.199,39.97724],[-75.19883,39.97748],[-75.19867,39.97769],[-75.19852,39.97788],[-75.19837,39.97805],[-75.19829,39.97814],[-75.19821,39.97822],[-75.19813,39.9783],[-75.19805,39.97838],[-75.19796,39.97847],[-75.19787,39.97855],[-75.19778,39.97863],[-75.19769,39.9787]]},"properties":{"kind":"stream","name":"unnamed trib to Schuylkill River"}},{"type":"Feature","geometry":{"type":"LineString","coordinates":[[-75.19299,39.98004],[-75.19305,39.97997],[-75.19328,39.97969],[-75.19335,39.97961],[-75.1934,39.97956],[-75.19344,39.97952],[-75.19349,39.97949],[-75.19354,39.97947],[-75.19367,39.97941],[-75.19371,39.97939],[-75.19375,39.97937],[-75.19381,39.97933],[-75.19389,39.97929],[-75.19397,39.97925],[-75.19414,39.97918],[-75.19422,39.97914],[-75.19447,39.97902],[-75.19469,39.9789],[-75.19491,39.97879],[-75.19507,39.9787],[-75.19522,39.97862],[-75.19536,39.97854],[-75.19546,39.97848],[-75.19555,39.97841],[-75.19564,39.97835],[-75.19574,39.97827],[-75.19587,39.97816],[-75.19619,39.97787],[-75.19636,39.97773]]},"properties":{"kind":"stream","name":"unnamed trib to Schuylkill River"}},{"type":"Feature","geometry":{"type":"LineString","coordinates":[[-75.20812,39.99303],[-75.20806,39.99303],[-75.208,39.99302],[-75.20794,39.993],[-75.20789,39.99298],[-75.20787,39.99297],[-75.20784,39.99296],[-75.20782,39.99294],[-75.2078,39.99292],[-75.20775,39.99288],[-75.20771,39.99282],[-75.20769,39.9928],[-75.20768,39.99278],[-75.20765,39.99268],[-75.20764,39.99266],[-75.20763,39.99264],[-75.20759,39.9926],[-75.20752,39.99254],[-75.20746,39.99248],[-75.20743,39.99246],[-75.2074,39.99244],[-75.20737,39.99242],[-75.20734,39.99241],[-75.20731,39.99241],[-75.20728,39.9924],[-75.20725,39.9924],[-75.20718,39.9924],[-75.20705,39.99241],[-75.20702,39.99241],[-75.20693,39.99243],[-75.2069,39.99243],[-75.20688,39.99243],[-75.20687,39.99242],[-75.20685,39.99242],[-75.20682,39.9924],[-75.2068,39.99238],[-75.20674,39.99232],[-75.20672,39.99231],[-75.2067,39.9923],[-75.20667,39.99228],[-75.20658,39.99224],[-75.20654,39.99222],[-75.20648,39.99217],[-75.20645,39.99215],[-75.20642,39.99213],[-75.20639,39.99212],[-75.20636,39.99212],[-75.20631,39.99212],[-75.20629,39.99212],[-75.20627,39.99212],[-75.20626,39.99211],[-75.20624,39.9921],[-75.20623,39.99208],[-75.20621,39.99205],[-75.20616,39.99198],[-75.20615,39.99196],[-75.20613,39.99194],[-75.20608,39.9919],[-75.20603,39.99186],[-75.20598,39.99182],[-75.20592,39.99179],[-75.20589,39.99178],[-75.20582,39.99172],[-75.20578,39.9917],[-75.20575,39.99168],[-75.20567,39.99163],[-75.20563,39.9916],[-75.20559,39.99158],[-75.20555,39.99157],[-75.20552,39.99156],[-75.20549,39.99156],[-75.20545,39.99157],[-75.20532,39.99158],[-75.20529,39.99158],[-75.20527,39.99157],[-75.20525,39.99157],[-75.20523,39.99156],[-75.20521,39.99155],[-75.20519,39.99153],[-75.20516,39.9915],[-75.20508,39.9914],[-75.20505,39.99137],[-75.20502,39.99135],[-75.20497,39.99132],[-75.20487,39.99128],[-75.20476,39.99123],[-75.20468,39.99119],[-75.20464,39.99118],[-75.20455,39.99115],[-75.20451,39.99114],[-75.20448,39.99113],[-75.2044,39.99109],[-75.20437,39.99107],[-75.20434,39.99107],[-75.20431,39.99106],[-75.20419,39.99104],[-75.20416,39.99103],[-75.20413,39.99102],[-75.20411,39.99101],[-75.20409,39.99099],[-75.20408,39.99097],[-75.20406,39.99092],[-75.20404,39.9909],[-75.20403,39.99089],[-75.204,39.99087],[-75.20398,39.99087],[-75.20396,39.99087],[-75.20388,39.99087],[-75.20386,39.99087],[-75.20384,39.99087],[-75.20382,39.99086],[-75.2038,39.99085],[-75.20377,39.99082],[-75.20366,39.99071],[-75.20363,39.99068],[-75.2036,39.99066],[-75.20356,39.99064],[-75.20341,39.99057],[-75.20336,39.99055],[-75.20324,39.99049],[-75.20313,39.99044],[-75.20309,39.99042],[-75.20303,39.9904],[-75.20284,39.99036],[-75.20277,39.99034],[-75.20271,39.99032],[-75.20266,39.9903],[-75.20261,39.99027],[-75.20251,39.99019],[-75.20246,39.99016],[-75.20243,39.99015],[-75.20238,39.99013],[-75.20223,39.99009],[-75.20218,39.99008],[-75.20214,39.99006],[-75.20211,39.99005],[-75.20206,39.99002],[-75.202,39.98997],[-75.20191,39.9899],[-75.20182,39.98982],[-75.20173,39.98974],[-75.20166,39.98967],[-75.2016,39.98962],[-75.20157,39.98958]]},"properties":{"kind":"stream","name":"unnamed trib to Schuylkill River"}},{"type":"Feature","geometry":{"type":"LineString","coordinates":[[-75.16932,39.91187],[-75.16937,39.91187],[-75.16941,39.91186],[-75.16952,39.91185],[-75.16957,39.91184],[-75.16961,39.91184],[-75.16966,39.91184],[-75.16992,39.91187],[-75.17002,39.91189],[-75.17008,39.91189],[-75.17013,39.91189],[-75.17018,39.91189],[-75.17023,39.91189],[-75.17026,39.91188],[-75.17029,39.91188],[-75.17045,39.91184],[-75.17049,39.91183],[-75.17052,39.91183],[-75.17061,39.91182],[-75.17068,39.91182],[-75.17076,39.91181],[-75.17084,39.91181],[-75.1709,39.91181],[-75.17097,39.9118],[-75.17103,39.91179],[-75.17117,39.91176],[-75.17123,39.91175],[-75.17133,39.91173],[-75.17158,39.91167],[-75.17164,39.91166],[-75.17169,39.91165],[-75.17173,39.91165],[-75.17178,39.91165],[-75.17183,39.91166],[-75.17193,39.91168],[-75.17197,39.91168],[-75.17202,39.91169],[-75.17207,39.91168],[-75.17211,39.91168],[-75.17215,39.91168],[-75.17232,39.91164],[-75.1724,39.91163],[-75.17281,39.9116],[-75.17299,39.91158],[-75.17307,39.91157],[-75.1731,39.91157],[-75.17314,39.91158],[-75.17332,39.9116],[-75.17339,39.9116],[-75.17345,39.9116],[-75.17351,39.91159],[-75.17357,39.91159],[-75.17363,39.91158],[-75.17375,39.91155],[-75.17403,39.91149],[-75.17407,39.91148],[-75.17411,39.91147],[-75.1743,39.91141],[-75.17435,39.91139],[-75.17439,39.91139],[-75.17441,39.91139],[-75.17445,39.91139],[-75.17466,39.91142],[-75.17471,39.91142],[-75.17475,39.91143],[-75.17492,39.91146],[-75.17498,39.91146],[-75.17504,39.91147],[-75.17509,39.91147],[-75.17532,39.91142],[-75.17534,39.91142],[-75.17537,39.91141],[-75.17549,39.91141],[-75.17555,39.9114],[-75.17558,39.91139],[-75.17562,39.91138],[-75.17567,39.91136],[-75.17579,39.9113],[-75.17583,39.91129],[-75.17587,39.91128],[-75.1759,39.91127],[-75.17594,39.91127],[-75.17597,39.91127],[-75.17601,39.91127],[-75.17609,39.91127],[-75.17626,39.91129],[-75.17634,39.9113],[-75.17638,39.9113],[-75.17641,39.9113],[-75.17644,39.91129],[-75.17647,39.91128],[-75.17651,39.91127],[-75.1766,39.91124],[-75.17664,39.91122],[-75.1767,39.91121],[-75.17683,39.91119],[-75.17686,39.91119],[-75.17689,39.91118],[-75.17692,39.91116],[-75.17695,39.91115],[-75.17705,39.91108],[-75.17709,39.91106],[-75.1772,39.91099],[-75.17724,39.91098],[-75.17728,39.91096],[-75.17731,39.91095],[-75.17736,39.91094],[-75.17741,39.91094],[-75.17756,39.91093],[-75.1776,39.91093],[-75.17764,39.91092],[-75.17773,39.91088],[-75.17776,39.91088],[-75.17779,39.91087],[-75.17782,39.91087],[-75.17794,39.91087],[-75.17798,39.91087],[-75.17801,39.91087],[-75.17804,39.91087],[-75.17816,39.91084],[-75.17819,39.91083],[-75.17823,39.91082],[-75.17835,39.91076],[-75.17839,39.91075],[-75.17842,39.91073],[-75.17845,39.91072],[-75.17861,39.91069],[-75.17864,39.91068],[-75.17868,39.91067],[-75.17873,39.91065],[-75.17884,39.91058],[-75.17887,39.91057],[-75.1789,39.91056],[-75.17921,39.91047],[-75.17938,39.91043],[-75.17951,39.91039],[-75.17955,39.91039],[-75.17958,39.91038]]},"properties":{"kind":"stream","name":"unnamed trib to Chickhansink Cre"}},{"type":"Feature","geometry":{"type":"LineString","coordinates":[[-75.17503,39.95842],[-75.17518,39.95777],[-75.17583,39.95669],[-75.17623,39.95643],[-75.17672,39.95627],[-75.17722,39.95612],[-75.17781,39.95617]]},"properties":{"kind":"stream","name":""}},{"type":"Feature","geometry":{"type":"LineString","coordinates":[[-75.18533,39.98276],[-75.18539,39.98243],[-75.18542,39.98209],[-75.18521,39.98188],[-75.18516,39.98167],[-75.185,39.98154],[-75.18475,39.98098]]},"properties":{"kind":"stream","name":"unnamed trib to Schuylkill River"}},{"type":"Feature","geometry":{"type":"LineString","coordinates":[[-75.18478,39.91708],[-75.18473,39.91705],[-75.18453,39.91693],[-75.18435,39.91687],[-75.18418,39.91672],[-75.18408,39.91669],[-75.18405,39.91669],[-75.18402,39.91668],[-75.184,39.91667],[-75.18397,39.91666],[-75.18395,39.91664],[-75.18394,39.91662],[-75.18391,39.91659],[-75.18388,39.91657],[-75.18383,39.91651],[-75.18381,39.91649],[-75.1838,39.91648],[-75.18379,39.91646],[-75.18378,39.91644],[-75.18378,39.91641],[-75.18378,39.91639],[-75.18376,39.91635],[-75.18374,39.91632],[-75.18371,39.91628],[-75.18368,39.91625],[-75.18364,39.91623],[-75.18359,39.91622],[-75.18355,39.9162],[-75.18351,39.91618],[-75.18347,39.91615],[-75.18344,39.91612],[-75.18342,39.91609],[-75.1834,39.91606],[-75.18339,39.916],[-75.18338,39.91595],[-75.18336,39.9159],[-75.18334,39.91585],[-75.18331,39.9158],[-75.18309,39.91559],[-75.18291,39.91548],[-75.1828,39.9154],[-75.18268,39.91526],[-75.18253,39.91514],[-75.18243,39.91503],[-75.18226,39.91489]]},"properties":{"kind":"stream","name":"unnamed trib to Chickhansink Cre"}},{"type":"Feature","geometry":{"type":"LineString","coordinates":[[-75.16069,39.99939],[-75.16063,39.99941],[-75.16058,39.99943],[-75.16053,39.99944],[-75.16048,39.99945],[-75.16043,39.99946],[-75.16037,39.99947],[-75.16032,39.99947],[-75.16027,39.99947],[-75.16021,39.99947],[-75.16006,39.99946],[-75.15992,39.99944],[-75.15986,39.99944],[-75.1598,39.99944],[-75.15975,39.99945],[-75.1597,39.99946],[-75.15965,39.99947],[-75.15961,39.99949],[-75.15957,39.9995],[-75.15953,39.99952],[-75.15951,39.99954],[-75.15948,39.99956],[-75.15947,39.99957],[-75.15946,39.99959],[-75.15945,39.99962],[-75.15945,39.99964],[-75.15945,39.99972],[-75.15945,39.99974],[-75.15944,39.99976],[-75.15943,39.99978],[-75.15942,39.99979],[-75.15941,39.99979],[-75.1594,39.9998],[-75.15936,39.9998],[-75.15934,39.9998],[-75.15932,39.99981],[-75.1593,39.99982],[-75.15928,39.99983],[-75.15927,39.99984],[-75.15927,39.99985],[-75.15925,39.99988],[-75.15924,39.99989],[-75.15923,39.99991],[-75.15921,39.99993],[-75.15918,39.99994],[-75.15915,39.99996],[-75.15901,40.00002],[-75.15897,40.00004],[-75.15893,40.00007],[-75.15888,40.0001],[-75.15875,40.00022],[-75.1587,40.00026],[-75.15864,40.0003],[-75.15858,40.00034],[-75.15851,40.00038],[-75.15842,40.00042],[-75.15836,40.00045],[-75.15829,40.00048],[-75.15823,40.0005],[-75.15817,40.00052],[-75.15811,40.00053],[-75.15804,40.00054],[-75.15797,40.00055],[-75.15791,40.00055],[-75.15777,40.00057],[-75.1577,40.00058],[-75.15767,40.00058],[-75.15763,40.00058],[-75.1576,40.00058],[-75.15757,40.00058],[-75.15753,40.00057],[-75.15749,40.00055],[-75.15744,40.00054],[-75.1574,40.00052],[-75.15732,40.00047],[-75.15712,40.00036],[-75.15706,40.00033],[-75.15701,40.0003],[-75.15696,40.00028],[-75.15693,40.00027],[-75.15689,40.00026],[-75.15686,40.00025],[-75.15682,40.00025],[-75.15677,40.00025],[-75.15669,40.00025],[-75.15651,40.00027],[-75.15644,40.00028],[-75.15623,40.00028],[-75.15612,40.00028],[-75.15607,40.00027],[-75.15594,40.00026],[-75.1559,40.00026],[-75.15587,40.00026],[-75.15584,40.00026],[-75.15581,40.00027],[-75.15578,40.00028],[-75.15575,40.00029],[-75.1557,40.00031],[-75.15557,40.00037],[-75.15551,40.00039],[-75.15546,40.0004],[-75.15541,40.00041],[-75.15536,40.00041],[-75.15531,40.0004],[-75.15526,40.00038],[-75.15514,40.00035],[-75.15509,40.00034],[-75.15504,40.00033],[-75.155,40.00033],[-75.15496,40.00034],[-75.15491,40.00035],[-75.15486,40.00037],[-75.15477,40.00041],[-75.15449,40.00041],[-75.1544,40.00036],[-75.15436,40.00034],[-75.15432,40.00033],[-75.1543,40.00033],[-75.15428,40.00032],[-75.15424,40.00032],[-75.15421,40.00033],[-75.15416,40.00034],[-75.15407,40.00037],[-75.15404,40.00038],[-75.154,40.00039],[-75.15396,40.00039],[-75.15392,40.00039],[-75.15388,40.00038],[-75.15384,40.00037],[-75.15373,40.00033],[-75.15365,40.00036],[-75.1536,40.0004],[-75.1535,40.00048]]},"properties":{"kind":"stream","name":"Three Mile Run, trib"}},{"type":"Feature","geometry":{"type":"LineString","coordinates":[[-75.2041,39.95473],[-75.20417,39.95471],[-75.20423,39.95468],[-75.2043,39.95465],[-75.20436,39.95462],[-75.2044,39.9546],[-75.20446,39.95455],[-75.20448,39.95453],[-75.20451,39.95451],[-75.20453,39.9545],[-75.20456,39.9545],[-75.20459,39.9545],[-75.20463,39.9545],[-75.20473,39.95451],[-75.20476,39.95451],[-75.20479,39.95451],[-75.20483,39.9545],[-75.20493,39.95446],[-75.20497,39.95445],[-75.20499,39.95445],[-75.20501,39.95445],[-75.20512,39.95446],[-75.20514,39.95446],[-75.20516,39.95445],[-75.20518,39.95444],[-75.2052,39.95443],[-75.20522,39.95441],[-75.20528,39.95435],[-75.2053,39.95434],[-75.20532,39.95433],[-75.20534,39.95432],[-75.20537,39.95431],[-75.20547,39.95431],[-75.2055,39.95431],[-75.20552,39.9543],[-75.20554,39.9543],[-75.20557,39.95428],[-75.20559,39.95426],[-75.2056,39.95423],[-75.20563,39.95417],[-75.20565,39.95414],[-75.20567,39.95413],[-75.20569,39.95411],[-75.20571,39.95411],[-75.20573,39.9541],[-75.20583,39.95409],[-75.20585,39.95409],[-75.20587,39.95408],[-75.20588,39.95407],[-75.20589,39.95407],[-75.20591,39.95404],[-75.20592,39.95401],[-75.20594,39.95395],[-75.20595,39.95392],[-75.20597,39.95389],[-75.20598,39.95387],[-75.20603,39.95384],[-75.20607,39.95383],[-75.2061,39.95381],[-75.20612,39.9538],[-75.20616,39.9538],[-75.2062,39.95379],[-75.20625,39.95377],[-75.20629,39.95375],[-75.2063,39.95374],[-75.20631,39.95374],[-75.20632,39.95372],[-75.20632,39.95371],[-75.20634,39.95366],[-75.20635,39.9536],[-75.20635,39.95353],[-75.20636,39.95351],[-75.20639,39.95344],[-75.20639,39.95342],[-75.20639,39.9534],[-75.20638,39.95339],[-75.20637,39.95338],[-75.20634,39.95333],[-75.20633,39.95332],[-75.20633,39.9533],[-75.20633,39.95328],[-75.20633,39.95324],[-75.20635,39.95315],[-75.20637,39.95307],[-75.20638,39.95302],[-75.20639,39.95298],[-75.20641,39.95295],[-75.20643,39.95294],[-75.20645,39.95292],[-75.20656,39.95285],[-75.20659,39.95283],[-75.20662,39.95281],[-75.20669,39.95277],[-75.20672,39.95276],[-75.2068,39.95269],[-75.20686,39.95264],[-75.20692,39.95261],[-75.20697,39.95258],[-75.20701,39.95256],[-75.20705,39.95255],[-75.20709,39.95254],[-75.20719,39.95253],[-75.20722,39.95252],[-75.20724,39.95251],[-75.20727,39.95249],[-75.2073,39.95247],[-75.20733,39.95244],[-75.20735,39.9524],[-75.20735,39.95239],[-75.20736,39.95237],[-75.20735,39.95235],[-75.20735,39.95228],[-75.20735,39.95226],[-75.20736,39.95224],[-75.20737,39.95222],[-75.20742,39.95217],[-75.20743,39.95216],[-75.20743,39.95215],[-75.20743,39.95213],[-75.20743,39.95211],[-75.20742,39.95209],[-75.20739,39.95202],[-75.20739,39.952],[-75.20739,39.95198],[-75.20739,39.95196],[-75.2074,39.95194],[-75.20745,39.95186],[-75.2075,39.95172],[-75.20754,39.95162],[-75.20755,39.95159],[-75.20757,39.95158],[-75.20759,39.95156],[-75.20761,39.95156],[-75.20764,39.95155],[-75.20773,39.95153],[-75.20775,39.95152],[-75.20777,39.95151],[-75.20779,39.9515],[-75.2078,39.95148],[-75.20785,39.95141],[-75.20786,39.95139],[-75.20788,39.95138],[-75.20791,39.95136],[-75.20799,39.95131],[-75.20803,39.95128],[-75.20813,39.95121],[-75.20816,39.95119],[-75.20819,39.95118],[-75.20823,39.95116],[-75.20827,39.95115],[-75.20832,39.95113],[-75.20841,39.95111],[-75.20843,39.95111],[-75.20846,39.95109],[-75.20851,39.95106],[-75.20858,39.95101],[-75.20873,39.95089],[-75.20881,39.95084],[-75.20884,39.95082],[-75.20887,39.95081],[-75.2089,39.9508],[-75.20892,39.95079]]},"properties":{"kind":"stream","name":"unnamed trib to Mill Creek"}},{"type":"Feature","geometry":{"type":"LineString","coordinates":[[-75.15139,39.94709],[-75.15164,39.94757],[-75.15166,39.94787],[-75.15161,39.94813],[-75.15161,39.94825],[-75.15179,39.94845],[-75.15246,39.94859],[-75.15401,39.94876],[-75.15414,39.94886],[-75.15495,39.94897]]},"properties":{"kind":"stream","name":"Dock Creek"}},{"type":"Feature","geometry":{"type":"LineString","coordinates":[[-75.15488,39.94591],[-75.15524,39.94588],[-75.15622,39.94601]]},"properties":{"kind":"stream","name":"Dock Creek"}},{"type":"Feature","geometry":{"type":"LineString","coordinates":[[-75.1779,39.98976],[-75.17765,39.98975],[-75.17726,39.98963],[-75.1769,39.98963],[-75.17667,39.98971],[-75.17634,39.98967],[-75.17616,39.98966],[-75.1759,39.9898],[-75.17585,39.98986],[-75.17552,39.9898],[-75.17532,39.98992],[-75.17502,39.99006],[-75.17498,39.9901],[-75.17495,39.99014],[-75.17491,39.99016],[-75.17488,39.99017],[-75.17478,39.99032],[-75.17478,39.99047],[-75.17436,39.99069],[-75.17424,39.99068],[-75.17414,39.99069],[-75.17404,39.9907],[-75.17395,39.99072],[-75.17385,39.99074],[-75.17376,39.99075],[-75.17366,39.99077],[-75.17358,39.99076],[-75.17349,39.99076],[-75.17341,39.99076],[-75.17332,39.99078],[-75.17324,39.9908],[-75.17316,39.99082],[-75.17309,39.99086],[-75.17302,39.99089],[-75.17296,39.99093],[-75.17292,39.99098],[-75.17288,39.99101],[-75.17283,39.99104],[-75.17278,39.99107],[-75.17272,39.99108],[-75.17267,39.99109],[-75.17261,39.99111],[-75.17257,39.99112],[-75.17252,39.99114],[-75.17248,39.99117],[-75.17245,39.99119],[-75.17242,39.99122],[-75.1724,39.99125],[-75.17238,39.99128],[-75.17236,39.9913],[-75.17234,39.99132],[-75.17231,39.99133],[-75.17228,39.99134],[-75.17224,39.99135],[-75.17221,39.99135],[-75.17218,39.99134],[-75.1721,39.99133],[-75.17203,39.99133],[-75.17196,39.99133],[-75.17175,39.99134],[-75.17153,39.99134],[-75.17143,39.99133],[-75.17133,39.99131],[-75.17128,39.99129],[-75.17124,39.99128],[-75.17118,39.99128],[-75.17113,39.99128],[-75.17108,39.99128],[-75.17103,39.9913],[-75.17099,39.99132],[-75.17095,39.99134],[-75.17092,39.99137],[-75.17089,39.99141],[-75.17087,39.99144],[-75.17085,39.99146],[-75.17082,39.99147],[-75.17077,39.9915],[-75.17074,39.99151],[-75.17071,39.99151],[-75.17066,39.99152],[-75.17061,39.99152],[-75.17055,39.99152],[-75.17048,39.99151],[-75.17044,39.9915],[-75.17033,39.99146],[-75.17028,39.99145],[-75.17021,39.99144],[-75.17016,39.99143],[-75.17011,39.99143],[-75.17007,39.99143],[-75.17005,39.99144],[-75.17003,39.99145],[-75.17001,39.99146],[-75.16993,39.9915],[-75.16991,39.99151],[-75.16989,39.99151],[-75.16984,39.99152],[-75.1698,39.99152],[-75.16975,39.99152],[-75.1697,39.99151],[-75.16967,39.99151],[-75.16963,39.9915],[-75.1696,39.99148],[-75.16952,39.99144],[-75.16948,39.99142],[-75.16944,39.99141],[-75.16941,39.9914],[-75.16937,39.9914],[-75.16932,39.99139],[-75.16926,39.9914],[-75.1692,39.9914],[-75.16916,39.99141],[-75.16906,39.99143],[-75.16902,39.99143],[-75.16898,39.99144],[-75.16893,39.99144],[-75.16888,39.99144],[-75.16882,39.99143],[-75.16871,39.99141],[-75.16848,39.99137],[-75.16813,39.99125],[-75.16786,39.99119],[-75.1676,39.99105],[-75.16729,39.99092],[-75.16685,39.99081],[-75.16655,39.99077],[-75.16635,39.99071],[-75.16613,39.99055],[-75.16594,39.99054],[-75.16569,39.99048],[-75.16551,39.99036],[-75.16525,39.99019],[-75.1647,39.98985],[-75.16431,39.98958],[-75.16428,39.9892],[-75.16415,39.9888],[-75.164,39.98866],[-75.16391,39.98847],[-75.16363,39.9883],[-75.16341,39.98813],[-75.1632,39.98788],[-75.16316,39.98783],[-75.16284,39.98771],[-75.16261,39.98749],[-75.16259,39.98747],[-75.16221,39.98726],[-75.1618,39.98707],[-75.16122,39.98694],[-75.16079,39.98711],[-75.16033,39.98725],[-75.15985,39.98748],[-75.15941,39.98777],[-75.15866,39.98807],[-75.15815,39.98849],[-75.15757,39.98885],[-75.15734,39.98901],[-75.15707,39.98905],[-75.15677,39.98923],[-75.15642,39.98932],[-75.15618,39.98933],[-75.15556,39.98927],[-75.1548,39.98914],[-75.15449,39.98893],[-75.1538,39.98858],[-75.15352,39.9884],[-75.15347,39.98837],[-75.15297,39.98803],[-75.15274,39.98781],[-75.15257,39.9875],[-75.15248,39.98719],[-75.15226,39.98688],[-75.15224,39.98674],[-75.15213,39.98656],[-75.15169,39.986],[-75.15168,39.986],[-75.15084,39.98525],[-75.15084,39.98525],[-75.15058,39.98501],[-75.15053,39.9849],[-75.15052,39.98478],[-75.15029,39.98455],[-75.15016,39.98433],[-75.15015,39.98419],[-75.15016,39.98416],[-75.15021,39.98397],[-75.15022,39.98386],[-75.14987,39.98339],[-75.14965,39.98305],[-75.14937,39.98294],[-75.14916,39.98279],[-75.14893,39.98279],[-75.1487,39.98281],[-75.14853,39.98276],[-75.14837,39.9826],[-75.14817,39.98249],[-75.14805,39.98229],[-75.14802,39.98191],[-75.148,39.98185],[-75.1479,39.9816],[-75.14786,39.98147],[-75.14755,39.98132],[-75.14741,39.98118],[-75.14736,39.98114],[-75.14725,39.98104],[-75.14705,39.98053],[-75.1469,39.98028],[-75.14682,39.98009],[-75.14683,39.97984],[-75.14672,39.97953],[-75.14669,39.9795],[-75.14626,39.97906],[-75.14614,39.97894],[-75.14604,39.97849],[-75.14575,39.97782],[-75.14565,39.9777],[-75.14542,39.97744],[-75.14521,39.97735],[-75.1448,39.97716],[-75.14477,39.97715],[-75.14465,39.97699],[-75.14459,39.97662],[-75.14485,39.97535],[-75.14493,39.97482],[-75.14491,39.97465],[-75.1449,39.97446],[-75.14486,39.97393],[-75.14482,39.97362],[-75.14485,39.97344],[-75.14504,39.97311],[-75.14505,39.9725],[-75.14492,39.97228]]},"properties":{"kind":"stream","name":"Cohocksink Creek"}},{"type":"Feature","geometry":{"type":"LineString","coordinates":[[-75.17005,39.96625],[-75.17008,39.96625],[-75.17012,39.96625],[-75.17015,39.96624],[-75.17018,39.96623],[-75.17019,39.96622],[-75.1702,39.96621],[-75.17026,39.96617],[-75.17027,39.96616],[-75.17028,39.96616],[-75.1703,39.96615],[-75.17032,39.96615],[-75.17041,39.96616],[-75.17046,39.96616],[-75.17048,39.96615],[-75.1705,39.96615],[-75.17051,39.96614],[-75.17056,39.96611],[-75.17057,39.96609],[-75.17059,39.96609],[-75.1706,39.96609],[-75.17062,39.96609],[-75.17067,39.9661],[-75.17069,39.9661],[-75.17071,39.9661],[-75.17076,39.96609],[-75.17083,39.96607],[-75.17085,39.96606],[-75.17087,39.96606],[-75.1709,39.96607],[-75.17097,39.96608],[-75.17099,39.96608],[-75.17101,39.96608]]},"properties":{"kind":"stream","name":"unnamed trib to Schuylkill River"}},{"type":"Feature","geometry":{"type":"LineString","coordinates":[[-75.17451,39.94565],[-75.17468,39.94538],[-75.17493,39.94526],[-75.17528,39.94496],[-75.17563,39.94495],[-75.17576,39.94511],[-75.17594,39.94508],[-75.17612,39.94514],[-75.17649,39.94513],[-75.1767,39.94517],[-75.17679,39.94536],[-75.17693,39.94562],[-75.17715,39.94589],[-75.17718,39.94602],[-75.17726,39.94652],[-75.1775,39.94676],[-75.17797,39.94693],[-75.17848,39.94704],[-75.17874,39.94734],[-75.17897,39.94744],[-75.17946,39.9475],[-75.17954,39.94766],[-75.1798,39.94773],[-75.18031,39.94773],[-75.1806,39.948],[-75.18095,39.94807],[-75.18127,39.94801],[-75.18151,39.94804],[-75.18174,39.94823],[-75.18222,39.94844],[-75.18273,39.94837],[-75.18386,39.94902]]},"properties":{"kind":"stream","name":""}},{"type":"Feature","geometry":{"type":"LineString","coordinates":[[-75.17407,39.94699],[-75.17417,39.9471],[-75.17414,39.94724],[-75.17402,39.94748],[-75.17399,39.94759],[-75.17406,39.94781]]},"properties":{"kind":"stream","name":"Shackaminsing Creek"}},{"type":"Feature","geometry":{"type":"LineString","coordinates":[[-75.17672,39.97643],[-75.17689,39.97596],[-75.17694,39.9758],[-75.17717,39.97567],[-75.17734,39.97554],[-75.17744,39.97538],[-75.17745,39.97516],[-75.17762,39.97496],[-75.1778,39.97487],[-75.17786,39.97465],[-75.17789,39.97445],[-75.17786,39.97422],[-75.17788,39.97411],[-75.17797,39.97391],[-75.17784,39.97365],[-75.1779,39.97346],[-75.17799,39.97328],[-75.17794,39.97306],[-75.17799,39.97288],[-75.17811,39.97256],[-75.17843,39.97237],[-75.17882,39.97225],[-75.17913,39.97209],[-75.17971,39.97198],[-75.18048,39.97165],[-75.18079,39.97147],[-75.181,39.97125],[-75.1812,39.97113],[-75.18157,39.971],[-75.18257,39.97051],[-75.18368,39.96973],[-75.18675,39.96741]]},"properties":{"kind":"stream","name":"unnamed trib to Schuylkill River"}},{"type":"Feature","geometry":{"type":"LineString","coordinates":[[-75.19861,40.00014],[-75.19856,40.00006],[-75.1985,39.99997],[-75.19845,39.99989],[-75.19841,39.9998],[-75.19837,39.99973],[-75.1983,39.99957],[-75.19826,39.9995],[-75.19822,39.99941],[-75.1982,39.99938],[-75.19818,39.99935],[-75.19815,39.99932],[-75.19813,39.9993],[-75.1981,39.99929],[-75.198,39.99925],[-75.19796,39.99923],[-75.19794,39.99921],[-75.19792,39.9992],[-75.1979,39.99918],[-75.19789,39.99915],[-75.19788,39.99913],[-75.19787,39.99906],[-75.19786,39.99903],[-75.19785,39.99902],[-75.19782,39.99898],[-75.19779,39.99893],[-75.19774,39.99889],[-75.19766,39.99882],[-75.19757,39.99873],[-75.19754,39.99871],[-75.19749,39.99866],[-75.19746,39.99862],[-75.19743,39.99859],[-75.19741,39.99855],[-75.1974,39.99853],[-75.19739,39.99851],[-75.19736,39.99843],[-75.19735,39.9984],[-75.19734,39.99838],[-75.19732,39.99836],[-75.19729,39.99834],[-75.19726,39.99833],[-75.19723,39.99832],[-75.19715,39.99831],[-75.19712,39.9983],[-75.19709,39.99829],[-75.19707,39.99828],[-75.19706,39.99826],[-75.19705,39.99824],[-75.19703,39.99818],[-75.19702,39.99816],[-75.19701,39.99814],[-75.197,39.99813],[-75.19697,39.99811],[-75.19691,39.99809],[-75.19688,39.99808],[-75.19686,39.99806],[-75.19684,39.99804],[-75.19678,39.99798],[-75.19676,39.99796],[-75.19673,39.99794],[-75.19671,39.99792],[-75.19669,39.99792],[-75.19665,39.99791],[-75.19662,39.99791],[-75.19653,39.99792],[-75.19649,39.99792],[-75.19646,39.99791],[-75.19643,39.9979],[-75.19641,39.99789],[-75.19639,39.99788],[-75.19636,39.99786],[-75.1963,39.9978],[-75.19628,39.99779],[-75.19626,39.99778],[-75.19623,39.99777],[-75.19619,39.99776],[-75.19608,39.99775],[-75.19604,39.99774],[-75.19601,39.99773],[-75.19598,39.99772],[-75.19596,39.99771],[-75.19595,39.99769],[-75.19593,39.99767],[-75.19592,39.99765],[-75.1959,39.9976],[-75.19587,39.99749],[-75.19585,39.99745],[-75.19582,39.99731],[-75.19579,39.99721],[-75.19578,39.99718],[-75.19577,39.99715],[-75.19575,39.99712],[-75.19573,39.99709],[-75.19565,39.997],[-75.19557,39.99692],[-75.19551,39.99685],[-75.19547,39.99682],[-75.19542,39.99679],[-75.19537,39.99675],[-75.19523,39.99667],[-75.19516,39.99663],[-75.19511,39.99659],[-75.19499,39.99649],[-75.19494,39.99645],[-75.19462,39.99624],[-75.1942,39.99598],[-75.19393,39.99581],[-75.19385,39.99576],[-75.1938,39.99573]]},"properties":{"kind":"stream","name":"unnamed trib to Schuylkill River"}},{"type":"Feature","geometry":{"type":"LineString","coordinates":[[-75.14492,39.97228],[-75.14404,39.97186],[-75.14387,39.97172],[-75.14347,39.97083],[-75.14349,39.97055],[-75.14336,39.9702],[-75.14253,39.96959],[-75.14211,39.96956],[-75.14139,39.96946],[-75.14046,39.96929],[-75.14056,39.96694],[-75.1401,39.96591],[-75.13996,39.96577],[-75.13916,39.96565],[-75.13871,39.96562],[-75.13768,39.96671],[-75.13746,39.9668],[-75.13644,39.96685],[-75.13569,39.96651],[-75.13363,39.96571],[-75.13362,39.96466],[-75.13382,39.96456],[-75.13404,39.96453],[-75.13417,39.96459],[-75.13433,39.96459],[-75.13446,39.96452],[-75.13451,39.96435],[-75.13458,39.96427],[-75.13482,39.9642],[-75.13532,39.96421],[-75.13556,39.96413],[-75.13563,39.96404],[-75.1357,39.96393],[-75.13571,39.96374],[-75.13557,39.96324],[-75.13539,39.96278],[-75.13524,39.96253],[-75.13479,39.96221],[-75.13416,39.96182],[-75.13378,39.96159],[-75.13327,39.96147],[-75.12915,39.96002]]},"properties":{"kind":"stream","name":"Cohocksink Creek Canal Street"}},{"type":"Feature","geometry":{"type":"LineString","coordinates":[[-75.16199,39.9544],[-75.16168,39.95397],[-75.16123,39.95378],[-75.1609,39.95362],[-75.16054,39.95369],[-75.16022,39.95364],[-75.15991,39.95366],[-75.15969,39.95381]]},"properties":{"kind":"stream","name":""}},{"type":"Feature","geometry":{"type":"MultiLineString","coordinates":[[[-75.2134,39.96056],[-75.21332,39.96032],[-75.21321,39.95992],[-75.21319,39.95987],[-75.21321,39.9599],[-75.21329,39.96019],[-75.21323,39.95997],[-75.21319,39.9598],[-75.21317,39.95972],[-75.21316,39.95965],[-75.21315,39.95957],[-75.21315,39.9595],[-75.21314,39.95945],[-75.21315,39.95939],[-75.21316,39.95918],[-75.21316,39.9591],[-75.21317,39.95869],[-75.21317,39.95858],[-75.21316,39.95847],[-75.21315,39.95836],[-75.21314,39.95826],[-75.21311,39.95817],[-75.21309,39.95808],[-75.21306,39.95801],[-75.21298,39.95784],[-75.21296,39.9578],[-75.21295,39.95776],[-75.21294,39.95773],[-75.21293,39.95768],[-75.21292,39.95751],[-75.2129,39.95744],[-75.21287,39.95732],[-75.21284,39.95725],[-75.21282,39.95721],[-75.2128,39.95718],[-75.21278,39.95715],[-75.21276,39.95712],[-75.21272,39.95707],[-75.2127,39.95705],[-75.21268,39.95703],[-75.21265,39.95702],[-75.21262,39.957],[-75.21259,39.95699],[-75.21256,39.95697],[-75.21253,39.95697],[-75.2125,39.95696],[-75.2124,39.95695],[-75.21233,39.95694],[-75.21226,39.95694],[-75.21218,39.95694],[-75.21209,39.95694],[-75.21176,39.95694],[-75.21144,39.95694],[-75.21111,39.95694],[-75.21079,39.95693],[-75.21047,39.95691],[-75.21014,39.95688],[-75.20982,39.95685],[-75.2095,39.95681],[-75.20918,39.95677],[-75.20916,39.95675],[-75.20913,39.95673],[-75.20912,39.9567],[-75.20911,39.95668],[-75.2091,39.95665],[-75.2091,39.95662],[-75.20912,39.95651],[-75.20915,39.95639],[-75.20918,39.95628],[-75.20922,39.95617],[-75.20927,39.95606],[-75.20933,39.95596],[-75.2094,39.95586],[-75.20947,39.95575],[-75.20954,39.95564],[-75.2096,39.95552],[-75.20969,39.95539],[-75.20977,39.95526],[-75.20984,39.95513],[-75.20991,39.95499],[-75.20997,39.95486],[-75.21003,39.95472],[-75.21003,39.95468],[-75.21002,39.95464],[-75.20999,39.9546],[-75.20997,39.95456],[-75.20993,39.95453],[-75.20989,39.9545],[-75.20984,39.95448],[-75.20979,39.95446],[-75.20974,39.95445],[-75.20968,39.95444],[-75.20962,39.95442],[-75.20956,39.9544],[-75.20951,39.95437],[-75.20946,39.95433],[-75.20942,39.9543],[-75.20939,39.95426],[-75.20936,39.95421],[-75.20934,39.95417],[-75.2093,39.95401],[-75.20926,39.95386],[-75.20921,39.95371],[-75.20919,39.95363],[-75.20918,39.95355],[-75.20917,39.95347],[-75.20917,39.95339],[-75.20918,39.95331],[-75.2092,39.95323],[-75.20922,39.95319],[-75.20925,39.95315],[-75.20933,39.95304],[-75.20935,39.95301],[-75.20936,39.95298],[-75.20937,39.95295],[-75.20938,39.95292],[-75.20939,39.95282],[-75.2094,39.95278],[-75.20941,39.95274],[-75.20944,39.95265],[-75.20945,39.95261],[-75.20946,39.95258],[-75.20946,39.95253],[-75.20946,39.95249],[-75.20946,39.95246],[-75.20946,39.95242],[-75.20945,39.95239],[-75.20944,39.95236],[-75.20943,39.95233],[-75.2094,39.95229],[-75.20937,39.95224],[-75.20933,39.95219],[-75.20928,39.95215],[-75.20923,39.95212],[-75.20919,39.9521],[-75.20909,39.95205],[-75.20899,39.95199],[-75.2089,39.95194],[-75.20882,39.95189],[-75.20877,39.95185],[-75.20873,39.95181],[-75.20868,39.95177],[-75.20866,39.95174],[-75.20864,39.95171],[-75.20862,39.95169],[-75.20861,39.95167],[-75.2086,39.95164],[-75.2086,39.95162],[-75.2086,39.95159],[-75.20861,39.95155],[-75.20863,39.95152],[-75.20867,39.95141],[-75.2087,39.95132],[-75.20875,39.95116],[-75.20877,39.95109],[-75.2088,39.95102],[-75.20882,39.95097],[-75.20885,39.95092],[-75.20892,39.95079],[-75.20896,39.95072],[-75.209,39.95063],[-75.20902,39.9506],[-75.20904,39.95055],[-75.20906,39.95051],[-75.20906,39.95048],[-75.20906,39.95045],[-75.20905,39.9504],[-75.20904,39.95034],[-75.209,39.9502],[-75.20897,39.9501],[-75.20895,39.95],[-75.20893,39.94991],[-75.20892,39.94983],[-75.20892,39.94977],[-75.20892,39.94971],[-75.20892,39.94965],[-75.20893,39.9496],[-75.20894,39.94952],[-75.20895,39.94945],[-75.20896,39.9494],[-75.20898,39.94936],[-75.20899,39.94933],[-75.209,39.94931],[-75.20902,39.94928],[-75.20904,39.94926],[-75.20906,39.94924],[-75.20908,39.94922],[-75.20914,39.94918],[-75.20921,39.94913],[-75.20932,39.94907],[-75.20941,39.94902],[-75.20946,39.949],[-75.20955,39.94896],[-75.20959,39.94894],[-75.20963,39.94892],[-75.20966,39.9489],[-75.20967,39.94888],[-75.20969,39.94886],[-75.20973,39.94882],[-75.20976,39.94878],[-75.20977,39.94874],[-75.20978,39.94872],[-75.20978,39.94866],[-75.20979,39.94853],[-75.20978,39.9484],[-75.20977,39.94827],[-75.20976,39.94815],[-75.20974,39.94802],[-75.20971,39.94789],[-75.20968,39.94777],[-75.20951,39.94732],[-75.20934,39.94687],[-75.20927,39.9467],[-75.20919,39.94654],[-75.2091,39.94637],[-75.209,39.94621],[-75.2089,39.94605],[-75.20879,39.94589],[-75.20867,39.94574],[-75.20855,39.94559],[-75.20853,39.94556],[-75.2085,39.94553],[-75.20846,39.9455],[-75.20842,39.94548],[-75.20838,39.94546],[-75.20815,39.94533],[-75.20791,39.94519],[-75.20783,39.94515],[-75.20776,39.94512],[-75.20769,39.94507],[-75.20762,39.94502],[-75.20756,39.94497],[-75.20751,39.94491],[-75.20748,39.94489],[-75.20745,39.94488],[-75.20741,39.94487],[-75.20737,39.94486],[-75.20733,39.94486],[-75.20729,39.94487],[-75.2072,39.94488],[-75.20711,39.94488],[-75.20701,39.94487],[-75.20695,39.94488],[-75.20689,39.94487],[-75.20683,39.94486],[-75.20677,39.94485],[-75.20671,39.94482],[-75.20666,39.9448],[-75.20661,39.94477],[-75.2065,39.94468],[-75.20638,39.9446],[-75.20626,39.94452],[-75.20614,39.94444],[-75.20603,39.94435],[-75.20593,39.94426],[-75.20583,39.94416],[-75.20574,39.94406],[-75.20566,39.94395],[-75.20558,39.94385],[-75.20551,39.94374],[-75.20544,39.94362],[-75.20539,39.94351],[-75.20534,39.94339],[-75.20532,39.94333],[-75.20529,39.94327],[-75.20526,39.94321],[-75.20521,39.94316],[-75.20516,39.94311],[-75.20511,39.94306],[-75.20505,39.94302],[-75.20498,39.94299],[-75.20491,39.94296],[-75.20483,39.94293],[-75.20476,39.94291]],[[-75.2134,39.96056],[-75.21338,39.96061],[-75.21337,39.96066],[-75.21336,39.96071],[-75.21335,39.96075],[-75.21334,39.9608],[-75.21334,39.96084],[-75.21334,39.96089],[-75.21335,39.96094],[-75.21335,39.96099],[-75.21337,39.96104],[-75.21339,39.96109],[-75.21341,39.96115],[-75.21344,39.96121],[-75.21348,39.96127],[-75.21352,39.96134],[-75.21357,39.96141],[-75.21364,39.96151],[-75.21369,39.96157],[-75.21373,39.96162],[-75.21378,39.96166],[-75.21382,39.96168],[-75.2139,39.96173],[-75.21393,39.96175],[-75.21415,39.96197],[-75.21425,39.96205],[-75.21435,39.96213],[-75.21443,39.96221],[-75.21452,39.9623],[-75.2146,39.96239],[-75.21467,39.96249],[-75.21473,39.96259],[-75.21478,39.96269],[-75.21497,39.96302],[-75.21499,39.96304],[-75.215,39.96306],[-75.215,39.96308],[-75.21501,39.96314],[-75.21501,39.96316],[-75.21502,39.96319],[-75.21504,39.96323],[-75.21506,39.96326],[-75.21508,39.96329],[-75.21511,39.96333],[-75.21514,39.96337],[-75.21522,39.96345],[-75.21526,39.96348],[-75.21531,39.96351],[-75.21536,39.96354],[-75.21547,39.96361],[-75.21553,39.96364],[-75.21557,39.96367],[-75.2156,39.9637],[-75.21564,39.96375],[-75.21568,39.96381],[-75.21571,39.96387],[-75.21576,39.96398],[-75.21578,39.96403],[-75.2158,39.9641],[-75.21581,39.96416],[-75.21584,39.96432],[-75.21585,39.96441],[-75.21587,39.96445],[-75.21588,39.96449],[-75.2159,39.96452],[-75.21593,39.96455],[-75.21598,39.96462],[-75.216,39.96464],[-75.21601,39.96466],[-75.21604,39.96467],[-75.21607,39.96468],[-75.21611,39.96469],[-75.21615,39.96469],[-75.21619,39.96469],[-75.21624,39.96469],[-75.21628,39.96469],[-75.21631,39.96468],[-75.21633,39.96467],[-75.21635,39.96466],[-75.21642,39.9646],[-75.21644,39.96459],[-75.21646,39.96458],[-75.2165,39.96457],[-75.21655,39.96456],[-75.2166,39.96456],[-75.21665,39.96456],[-75.21669,39.96456],[-75.21673,39.96456],[-75.21677,39.96457],[-75.21681,39.96458],[-75.21685,39.9646],[-75.2169,39.96462],[-75.21704,39.96468],[-75.21713,39.96472],[-75.21721,39.96478],[-75.2173,39.96483],[-75.21738,39.9649],[-75.21747,39.96502],[-75.21757,39.96514],[-75.21768,39.96526],[-75.2178,39.96537],[-75.21792,39.96548],[-75.21804,39.96559],[-75.21818,39.96569],[-75.21832,39.96578],[-75.21846,39.96587],[-75.21861,39.96595],[-75.21877,39.96603],[-75.21893,39.96611],[-75.21909,39.96617],[-75.21926,39.96623],[-75.21943,39.96629],[-75.21961,39.96634],[-75.21978,39.96638],[-75.21996,39.96642],[-75.22003,39.96645],[-75.22011,39.96647],[-75.22018,39.9665],[-75.22025,39.96652],[-75.22033,39.96655],[-75.2204,39.96657],[-75.22048,39.96659],[-75.22055,39.9666],[-75.22062,39.96661],[-75.22069,39.96662],[-75.22077,39.96663],[-75.22086,39.96663],[-75.22102,39.96663],[-75.2213,39.96662],[-75.22142,39.96662],[-75.22153,39.96662],[-75.22163,39.96663],[-75.22173,39.96663],[-75.22183,39.96664],[-75.22226,39.9667],[-75.22244,39.96671],[-75.22263,39.96673],[-75.22283,39.96674],[-75.22303,39.96675],[-75.22323,39.96676],[-75.22344,39.96677],[-75.22365,39.96678],[-75.22387,39.96678],[-75.2241,39.96678],[-75.22421,39.96678],[-75.22446,39.96679],[-75.22458,39.96679],[-75.22465,39.96679],[-75.22472,39.96678],[-75.22478,39.96678],[-75.22484,39.96677],[-75.2249,39.96675],[-75.22497,39.96674],[-75.22503,39.96672],[-75.2251,39.9667]],[[-75.2251,39.9667],[-75.22497,39.96649],[-75.22492,39.96641],[-75.22486,39.96633],[-75.22481,39.96626],[-75.22476,39.96619],[-75.2247,39.96613],[-75.22465,39.96607],[-75.22459,39.96602],[-75.22454,39.96597],[-75.22448,39.96593],[-75.22443,39.96589],[-75.22437,39.96585],[-75.22431,39.96582],[-75.22425,39.96579],[-75.22419,39.96577],[-75.22414,39.96576],[-75.22409,39.96574],[-75.22403,39.96573],[-75.22397,39.96573],[-75.22391,39.96572],[-75.22384,39.96572],[-75.22355,39.96572],[-75.22342,39.96572],[-75.22336,39.96572],[-75.22329,39.96571],[-75.22324,39.9657],[-75.22319,39.96569],[-75.22314,39.96567],[-75.22308,39.96566],[-75.22303,39.96564],[-75.22297,39.96561],[-75.22286,39.96556],[-75.22264,39.96544],[-75.22254,39.96539],[-75.22244,39.96535],[-75.22235,39.96531],[-75.22221,39.96527],[-75.22208,39.96523],[-75.22196,39.9652],[-75.22184,39.96517],[-75.22173,39.96515],[-75.22163,39.96513],[-75.22152,39.96512],[-75.22143,39.96511],[-75.22137,39.96511],[-75.2213,39.96511],[-75.22124,39.96512],[-75.22116,39.96513],[-75.22103,39.96516],[-75.22072,39.96523],[-75.22065,39.96525],[-75.22058,39.96526],[-75.22051,39.96527],[-75.22045,39.96527],[-75.22039,39.96527],[-75.22034,39.96527],[-75.22024,39.96526],[-75.22014,39.96524],[-75.22004,39.96522],[-75.21994,39.9652],[-75.21985,39.96517],[-75.21975,39.96514],[-75.21966,39.96511],[-75.21957,39.96507],[-75.21951,39.96504],[-75.21944,39.965],[-75.21938,39.96495],[-75.21924,39.96485],[-75.21917,39.9648],[-75.21914,39.96478],[-75.21911,39.96476],[-75.21907,39.96475],[-75.21904,39.96473],[-75.21899,39.96472],[-75.21894,39.96471],[-75.21888,39.9647],[-75.21881,39.96469],[-75.21875,39.96469],[-75.21868,39.96469],[-75.21842,39.9647],[-75.21831,39.9647],[-75.21826,39.9647],[-75.21821,39.96469],[-75.21816,39.96469],[-75.21811,39.96468],[-75.21805,39.96467],[-75.21798,39.96465],[-75.21792,39.96463],[-75.21784,39.9646],[-75.21772,39.96454],[-75.21743,39.9644],[-75.21735,39.96437],[-75.21729,39.96434],[-75.21722,39.96432],[-75.21716,39.9643],[-75.2171,39.96428],[-75.21704,39.96427],[-75.21687,39.9642],[-75.2167,39.96413],[-75.21653,39.96405],[-75.21637,39.96396],[-75.21621,39.96387],[-75.21606,39.96377],[-75.21591,39.96367],[-75.21577,39.96356],[-75.21564,39.96345],[-75.21551,39.96334],[-75.21539,39.96322],[-75.21527,39.96309],[-75.21517,39.96297],[-75.21507,39.96283],[-75.21497,39.9627],[-75.21489,39.96256],[-75.21484,39.96232],[-75.21482,39.96225],[-75.2148,39.9622],[-75.21475,39.96209],[-75.2147,39.96198],[-75.21464,39.96187],[-75.21457,39.96175],[-75.21449,39.96164],[-75.21441,39.96152],[-75.21432,39.96141],[-75.21423,39.96129],[-75.21413,39.96119],[-75.21403,39.96108],[-75.21393,39.96098],[-75.21382,39.96089],[-75.21372,39.9608],[-75.21361,39.96071],[-75.2135,39.96064],[-75.2134,39.96056]],[[-75.24002,39.9838],[-75.23999,39.98371],[-75.23995,39.98362],[-75.2399,39.98353],[-75.23984,39.98345],[-75.23979,39.9834],[-75.23974,39.98338],[-75.2397,39.98336],[-75.23966,39.98334],[-75.23963,39.98331],[-75.2396,39.98329],[-75.23958,39.98327],[-75.23956,39.98324],[-75.23955,39.98321],[-75.23953,39.98318],[-75.23952,39.98315],[-75.23948,39.98302],[-75.23947,39.98299],[-75.23947,39.98296],[-75.23946,39.98292],[-75.23946,39.98288],[-75.23947,39.9828],[-75.23949,39.98263],[-75.2395,39.98255],[-75.2395,39.98251],[-75.2395,39.98247],[-75.23949,39.98244],[-75.23949,39.98241],[-75.23948,39.98236],[-75.23943,39.98224],[-75.23942,39.98219],[-75.23941,39.98214],[-75.2394,39.98207],[-75.2394,39.98202],[-75.23941,39.98188],[-75.2394,39.98182],[-75.2394,39.98177],[-75.23939,39.98172],[-75.23937,39.98165],[-75.23935,39.98158],[-75.23932,39.98151],[-75.23929,39.98144],[-75.23925,39.98137],[-75.23921,39.9813],[-75.23916,39.98123],[-75.23912,39.98116],[-75.23907,39.9811],[-75.23894,39.98097],[-75.23892,39.98093],[-75.23889,39.9809],[-75.23887,39.98087],[-75.23886,39.98084],[-75.2388,39.98071],[-75.23878,39.98066],[-75.23873,39.98057],[-75.23867,39.98048],[-75.23861,39.98039],[-75.23854,39.98029],[-75.23846,39.98019],[-75.23838,39.98009],[-75.23828,39.97997],[-75.23814,39.97981],[-75.23802,39.97967],[-75.23788,39.97953],[-75.23775,39.97939],[-75.23761,39.97925],[-75.23757,39.97919],[-75.23735,39.97865],[-75.23713,39.9781],[-75.23692,39.97756],[-75.23688,39.97752],[-75.23682,39.97749],[-75.23677,39.97746],[-75.23662,39.97738],[-75.23655,39.97733],[-75.23651,39.97731],[-75.23648,39.97729],[-75.23646,39.97726],[-75.23644,39.97724],[-75.23641,39.9772],[-75.23639,39.97716],[-75.23638,39.97711],[-75.23635,39.97699],[-75.23634,39.97694],[-75.23632,39.97689],[-75.2363,39.97685],[-75.23619,39.97679],[-75.23608,39.97673],[-75.23599,39.97666],[-75.2359,39.97659],[-75.23581,39.97651],[-75.23573,39.97646],[-75.23565,39.9764],[-75.23557,39.97635],[-75.23551,39.97628],[-75.23544,39.97621],[-75.23539,39.97614],[-75.23535,39.97607],[-75.23531,39.97599],[-75.23528,39.97591],[-75.23523,39.97585],[-75.23518,39.97579],[-75.23507,39.97565],[-75.23497,39.9755],[-75.23473,39.97513],[-75.23466,39.97503],[-75.23459,39.97494],[-75.23451,39.97484],[-75.23443,39.97475],[-75.23435,39.97467],[-75.23427,39.97459],[-75.23399,39.97434],[-75.23381,39.97419],[-75.23372,39.97411],[-75.23364,39.97405],[-75.23355,39.97399],[-75.23347,39.97393],[-75.23339,39.97387],[-75.23331,39.97382],[-75.23323,39.97377],[-75.23315,39.97373],[-75.23307,39.97369],[-75.23298,39.97365],[-75.2329,39.97361],[-75.23282,39.97358],[-75.23275,39.97355],[-75.23254,39.97346],[-75.23247,39.97343],[-75.23241,39.97342],[-75.23235,39.9734],[-75.23229,39.97339],[-75.23226,39.97339],[-75.23223,39.97339],[-75.2322,39.9734],[-75.23218,39.9734],[-75.23213,39.97341],[-75.23203,39.97345],[-75.23199,39.97347],[-75.23193,39.97348],[-75.23187,39.97348],[-75.23181,39.97349],[-75.23174,39.97348],[-75.23167,39.97347],[-75.2316,39.97346],[-75.23136,39.97342],[-75.23128,39.9734],[-75.23117,39.97339],[-75.23106,39.97337],[-75.23094,39.97334],[-75.23083,39.97332],[-75.23072,39.97329],[-75.2306,39.97326],[-75.23049,39.97323],[-75.23038,39.97319],[-75.23027,39.97316],[-75.23016,39.97312],[-75.23005,39.97308],[-75.22995,39.97303],[-75.22984,39.97299],[-75.22974,39.97294],[-75.22963,39.97289],[-75.22953,39.97284],[-75.22947,39.9728],[-75.22939,39.97276],[-75.22917,39.97261],[-75.22908,39.97255],[-75.229,39.97251],[-75.22893,39.97247],[-75.22888,39.97245],[-75.22883,39.97243],[-75.22865,39.97237],[-75.22858,39.97235],[-75.22852,39.97232],[-75.22847,39.97229],[-75.2284,39.97225],[-75.22833,39.9722],[-75.22826,39.97214],[-75.22819,39.97207],[-75.22813,39.97199],[-75.22806,39.97191],[-75.22799,39.97181],[-75.2279,39.97168],[-75.22786,39.97161],[-75.22777,39.97144],[-75.22773,39.97137],[-75.2277,39.97133],[-75.22767,39.97129],[-75.22763,39.97125],[-75.22758,39.9712],[-75.22749,39.97112],[-75.22725,39.97093],[-75.22719,39.97087],[-75.22713,39.97081],[-75.22705,39.97072],[-75.22697,39.97063],[-75.2269,39.97054],[-75.22683,39.97045],[-75.22676,39.97036],[-75.22669,39.97026],[-75.22662,39.97017],[-75.22656,39.97007],[-75.2265,39.96998],[-75.22644,39.96988],[-75.22638,39.96978],[-75.22633,39.96968],[-75.22628,39.96958],[-75.22623,39.96947],[-75.22618,39.96937],[-75.22614,39.96926],[-75.22612,39.96925],[-75.22611,39.96924],[-75.22609,39.96921],[-75.22607,39.96916],[-75.22601,39.96902],[-75.22599,39.96899],[-75.22597,39.96897],[-75.22591,39.96891],[-75.22586,39.96884],[-75.2258,39.96876],[-75.22576,39.96868],[-75.22572,39.9686],[-75.22568,39.96851],[-75.22557,39.96822],[-75.22554,39.96812],[-75.22551,39.96806],[-75.22549,39.96799],[-75.22547,39.96792],[-75.22545,39.96784],[-75.22541,39.96769],[-75.22534,39.96733],[-75.22532,39.96723],[-75.2253,39.96714],[-75.22527,39.96705],[-75.22524,39.96696],[-75.2252,39.96688],[-75.22516,39.9668],[-75.2251,39.9667]],[[-75.24757,39.98563],[-75.24736,39.98552],[-75.24728,39.98548],[-75.2472,39.98546],[-75.24712,39.98543],[-75.24704,39.98541],[-75.24696,39.98539],[-75.24689,39.98538],[-75.24682,39.98538],[-75.24675,39.98538],[-75.24667,39.98538],[-75.24659,39.98538],[-75.2465,39.98539],[-75.24624,39.98543],[-75.24611,39.98544],[-75.24606,39.98544],[-75.24601,39.98545],[-75.24599,39.98546],[-75.24598,39.98547],[-75.24591,39.98551],[-75.24588,39.98553],[-75.24585,39.98554],[-75.2458,39.98554],[-75.24576,39.98554],[-75.24571,39.98554],[-75.24566,39.98553],[-75.24548,39.9855],[-75.24544,39.9855],[-75.24541,39.98549],[-75.24528,39.98544],[-75.24524,39.98543],[-75.2452,39.98542],[-75.24516,39.98541],[-75.24511,39.98541],[-75.24506,39.98542],[-75.24501,39.98543],[-75.24487,39.98548],[-75.24482,39.98548],[-75.24478,39.98549],[-75.24471,39.98549],[-75.24465,39.98549],[-75.24461,39.98549],[-75.24457,39.98548],[-75.24452,39.98547],[-75.24447,39.98545],[-75.24442,39.98542],[-75.24431,39.98536],[-75.24427,39.98534],[-75.24424,39.98532],[-75.24421,39.98529],[-75.24418,39.98527],[-75.24412,39.98521],[-75.24398,39.98507],[-75.24393,39.98503],[-75.2439,39.985],[-75.24385,39.98497],[-75.24381,39.98494],[-75.24376,39.98492],[-75.24372,39.98491],[-75.24366,39.98489],[-75.24359,39.98488],[-75.24352,39.98487],[-75.24345,39.98486],[-75.24338,39.98486],[-75.24331,39.98487],[-75.24324,39.98487],[-75.24318,39.98488],[-75.24314,39.98489],[-75.2431,39.9849],[-75.24306,39.98491],[-75.24301,39.98493],[-75.24292,39.98497],[-75.2428,39.98503],[-75.24275,39.98506],[-75.24269,39.98509],[-75.24264,39.98513],[-75.24249,39.98525],[-75.24243,39.98529],[-75.24239,39.98532],[-75.24228,39.98538],[-75.24221,39.98541],[-75.24215,39.98544],[-75.24209,39.98547],[-75.242,39.98549],[-75.24192,39.98551],[-75.24188,39.98551],[-75.24184,39.98552],[-75.2418,39.98552],[-75.24167,39.98551],[-75.24163,39.98551],[-75.24159,39.98551],[-75.24155,39.98552],[-75.24151,39.98553],[-75.24139,39.98558],[-75.24135,39.98559],[-75.24131,39.9856],[-75.24128,39.9856],[-75.2412,39.98561],[-75.24113,39.98561],[-75.24105,39.98561],[-75.24098,39.9856],[-75.24093,39.98559],[-75.24088,39.98557],[-75.24083,39.98556],[-75.24078,39.98554],[-75.24073,39.98552],[-75.24068,39.98549],[-75.24062,39.98546],[-75.24057,39.98543],[-75.24051,39.9854],[-75.24048,39.98537],[-75.24044,39.98535],[-75.24042,39.98532],[-75.24041,39.98531],[-75.2404,39.98529],[-75.24039,39.98527],[-75.24038,39.98525],[-75.24038,39.9852],[-75.24038,39.9851],[-75.24037,39.98505],[-75.24037,39.98503],[-75.24036,39.98501],[-75.24035,39.98499],[-75.24034,39.98497],[-75.24032,39.98495],[-75.24029,39.98493],[-75.24025,39.98491],[-75.24017,39.98486],[-75.24014,39.98484],[-75.24012,39.98482],[-75.2401,39.9848],[-75.24008,39.98478],[-75.24008,39.98476],[-75.24007,39.98473],[-75.24007,39.9847],[-75.24007,39.98468],[-75.24008,39.98464],[-75.24011,39.98452],[-75.24012,39.98446],[-75.24012,39.98443],[-75.24012,39.98441],[-75.24012,39.98438],[-75.24011,39.98436],[-75.2401,39.98433],[-75.24007,39.98427],[-75.24006,39.98424],[-75.24005,39.9842],[-75.24004,39.98416],[-75.24005,39.98412],[-75.24006,39.984],[-75.24006,39.98396],[-75.24005,39.98393],[-75.24004,39.98386],[-75.24002,39.9838]],[[-75.24757,39.98563],[-75.24751,39.9856],[-75.24744,39.98558],[-75.24737,39.98556],[-75.2473,39.98555],[-75.24722,39.98554],[-75.24714,39.98553],[-75.24705,39.98553],[-75.24697,39.98553],[-75.24692,39.98553],[-75.24686,39.98554],[-75.2468,39.98555],[-75.24674,39.98556],[-75.24668,39.98558],[-75.24661,39.9856],[-75.24644,39.98566],[-75.2464,39.98567],[-75.24636,39.98569],[-75.24624,39.98576],[-75.24619,39.98578],[-75.24614,39.9858],[-75.24609,39.98582],[-75.24605,39.98583],[-75.246,39.98583],[-75.24595,39.98583],[-75.24589,39.98583],[-75.24578,39.98582],[-75.24559,39.9858],[-75.24552,39.98579],[-75.24538,39.98578],[-75.24524,39.98575],[-75.24508,39.98572],[-75.24475,39.98565],[-75.24461,39.98562],[-75.24447,39.98559],[-75.24433,39.98558],[-75.2441,39.98555],[-75.24386,39.98554],[-75.24363,39.98553],[-75.24339,39.98552],[-75.24315,39.98553],[-75.24292,39.98553],[-75.24269,39.98555],[-75.24246,39.98557],[-75.24207,39.98561],[-75.24194,39.98563],[-75.24182,39.98565],[-75.24171,39.98567],[-75.2416,39.98569],[-75.24151,39.98572],[-75.24141,39.98575],[-75.24137,39.98577],[-75.24124,39.98583],[-75.2412,39.98584],[-75.24116,39.98585],[-75.24111,39.98586],[-75.24107,39.98587],[-75.24102,39.98587],[-75.24099,39.98587],[-75.24095,39.98587],[-75.24092,39.98586],[-75.24089,39.98586],[-75.24087,39.98585],[-75.24085,39.98584],[-75.24084,39.98583],[-75.24079,39.98577],[-75.24076,39.98575],[-75.24074,39.98574],[-75.24072,39.98573],[-75.2407,39.98573],[-75.24067,39.98572],[-75.24061,39.98572],[-75.24048,39.98573],[-75.24042,39.98573],[-75.24039,39.98573],[-75.24037,39.98573],[-75.24035,39.98572],[-75.24033,39.98572],[-75.24031,39.9857],[-75.24028,39.98568],[-75.24026,39.98566],[-75.24025,39.98564],[-75.24022,39.98559],[-75.24017,39.98548],[-75.24015,39.98544],[-75.24012,39.9854],[-75.2401,39.98536],[-75.24008,39.98535],[-75.24005,39.98533],[-75.23996,39.98526],[-75.23992,39.98523],[-75.23989,39.9852],[-75.23987,39.98517],[-75.23986,39.98515],[-75.23986,39.98513],[-75.23986,39.9851],[-75.23986,39.98502],[-75.23985,39.985],[-75.23985,39.98498],[-75.23983,39.98496],[-75.23982,39.98493],[-75.23979,39.98491],[-75.23972,39.98484],[-75.2397,39.98482],[-75.23968,39.9848],[-75.23966,39.98476],[-75.23965,39.98471],[-75.23964,39.98467],[-75.23964,39.98462],[-75.23964,39.98457],[-75.23964,39.98452],[-75.23965,39.98447],[-75.23967,39.98443],[-75.23971,39.98431],[-75.23976,39.9842],[-75.2398,39.9841],[-75.23985,39.98401],[-75.2399,39.98393],[-75.23994,39.98387],[-75.23998,39.98383],[-75.24,39.98381],[-75.24002,39.9838]],[[-75.25083,39.98986],[-75.25081,39.98985],[-75.25078,39.98984],[-75.25077,39.98983],[-75.25076,39.98982],[-75.25075,39.98981],[-75.25074,39.98979],[-75.25072,39.98976],[-75.2507,39.98968],[-75.25069,39.98965],[-75.25069,39.98961],[-75.25069,39.98957],[-75.2507,39.98948],[-75.25069,39.98944],[-75.25069,39.98942],[-75.25068,39.9894],[-75.25067,39.98938],[-75.25066,39.98936],[-75.25064,39.98934],[-75.25057,39.98928],[-75.25054,39.98925],[-75.25053,39.98923],[-75.25052,39.98919],[-75.25051,39.98916],[-75.2505,39.98908],[-75.25049,39.98904],[-75.25048,39.98901],[-75.25047,39.989],[-75.25045,39.98898],[-75.25044,39.98897],[-75.25043,39.98896],[-75.25035,39.98893],[-75.25033,39.98892],[-75.25032,39.98891],[-75.2503,39.98889],[-75.25029,39.98887],[-75.25028,39.98884],[-75.25026,39.98882],[-75.25025,39.98879],[-75.25025,39.98877],[-75.25025,39.98874],[-75.25026,39.98865],[-75.25026,39.98862],[-75.25026,39.9886],[-75.25025,39.98858],[-75.25024,39.98856],[-75.25018,39.98848],[-75.25017,39.98846],[-75.25016,39.98844],[-75.25016,39.98842],[-75.25016,39.9884],[-75.25018,39.98831],[-75.25019,39.98828],[-75.25018,39.98826],[-75.25018,39.98824],[-75.25017,39.98823],[-75.25016,39.98823],[-75.25015,39.98822],[-75.25007,39.98818],[-75.25005,39.98817],[-75.25004,39.98816],[-75.25002,39.98813],[-75.25,39.9881],[-75.25,39.98808],[-75.24999,39.98805],[-75.24998,39.98795],[-75.24998,39.98793],[-75.24997,39.98791],[-75.24996,39.98788],[-75.24994,39.98785],[-75.24987,39.98777],[-75.24985,39.98774],[-75.24983,39.98772],[-75.24982,39.98769],[-75.24981,39.98767],[-75.24981,39.98764],[-75.24982,39.98755],[-75.24982,39.98752],[-75.24981,39.9875],[-75.2498,39.98747],[-75.2498,39.98746],[-75.24979,39.98745],[-75.24976,39.98742],[-75.24972,39.9874],[-75.24964,39.98736],[-75.2496,39.98733],[-75.24958,39.98731],[-75.24956,39.98729],[-75.24955,39.98726],[-75.24954,39.98719],[-75.24954,39.98717],[-75.24953,39.98716],[-75.24951,39.98715],[-75.24949,39.98714],[-75.24946,39.98712],[-75.24938,39.98711],[-75.24936,39.9871],[-75.24933,39.98709],[-75.24931,39.98707],[-75.2493,39.98706],[-75.2493,39.98705],[-75.24929,39.98703],[-75.24929,39.987],[-75.2493,39.98693],[-75.2493,39.9869],[-75.24929,39.98688],[-75.24928,39.98686],[-75.24926,39.98684],[-75.24923,39.98682],[-75.24922,39.98681],[-75.2492,39.98681],[-75.24917,39.98681],[-75.24909,39.9868],[-75.24906,39.9868],[-75.24905,39.98679],[-75.24903,39.98678],[-75.24902,39.98676],[-75.24902,39.98673],[-75.24901,39.98668],[-75.249,39.98665],[-75.24899,39.98663],[-75.24898,39.98662],[-75.24897,39.98661],[-75.24895,39.9866],[-75.24892,39.98659],[-75.24884,39.98657],[-75.24881,39.98656],[-75.2488,39.98655],[-75.24878,39.98654],[-75.24877,39.98652],[-75.24876,39.98649],[-75.24874,39.98641],[-75.24873,39.98639],[-75.24872,39.98637],[-75.24869,39.98635],[-75.24867,39.98633],[-75.24863,39.98632],[-75.24855,39.98628],[-75.24851,39.98625],[-75.24848,39.98623],[-75.24845,39.9862],[-75.24843,39.98617],[-75.24837,39.98609],[-75.24833,39.98605],[-75.24831,39.98604],[-75.24829,39.98602],[-75.24827,39.98601],[-75.24825,39.986],[-75.24821,39.98599],[-75.24812,39.98598],[-75.2481,39.98597],[-75.24809,39.98597],[-75.24807,39.98596],[-75.24804,39.98594],[-75.248,39.98591],[-75.24795,39.98586],[-75.24792,39.98582],[-75.24788,39.98581],[-75.2478,39.9858],[-75.24777,39.98579],[-75.24775,39.98578],[-75.24772,39.98577],[-75.2477,39.98576],[-75.24768,39.98574],[-75.24766,39.98571],[-75.24761,39.98566],[-75.2476,39.98564],[-75.24757,39.98563]]]},"properties":{"kind":"stream","name":"Mill Creek"}},{"type":"Feature","geometry":{"type":"LineString","coordinates":[[-75.17307,39.95517],[-75.17232,39.95497],[-75.1718,39.9549],[-75.17113,39.95451],[-75.17112,39.9542],[-75.17081,39.95406],[-75.1708,39.95387],[-75.1705,39.95354],[-75.17023,39.95337],[-75.17013,39.95295],[-75.16964,39.95256],[-75.16955,39.95227]]},"properties":{"kind":"stream","name":""}},{"type":"Feature","geometry":{"type":"LineString","coordinates":[[-75.20439,39.99528],[-75.20437,39.99528],[-75.20434,39.9953],[-75.20421,39.99537],[-75.20418,39.99538],[-75.20415,39.99539],[-75.20412,39.99539],[-75.20409,39.99539],[-75.20398,39.99539],[-75.20395,39.99539],[-75.20393,39.99539],[-75.20388,39.99539],[-75.20381,39.99539],[-75.20375,39.99539],[-75.20361,39.99538],[-75.20355,39.99537],[-75.20341,39.99537],[-75.20314,39.99538],[-75.20309,39.99538],[-75.20304,39.99538],[-75.20286,39.99536],[-75.20282,39.99535],[-75.20279,39.99534],[-75.20275,39.99533],[-75.2027,39.99532],[-75.20262,39.99529],[-75.20248,39.99524],[-75.20244,39.99522],[-75.20233,39.99517],[-75.2023,39.99515],[-75.20227,39.99514],[-75.20225,39.99514],[-75.20222,39.99514],[-75.20211,39.99513],[-75.20207,39.99512],[-75.20203,39.9951],[-75.20196,39.99506],[-75.20194,39.99506],[-75.20192,39.99505],[-75.2019,39.99505],[-75.20188,39.99505],[-75.20184,39.99505],[-75.2018,39.99506],[-75.20169,39.9951],[-75.20165,39.9951],[-75.20162,39.99511],[-75.20153,39.99511],[-75.20146,39.99511],[-75.20141,39.9951],[-75.20139,39.9951],[-75.20136,39.99509],[-75.2013,39.99506],[-75.20121,39.99502],[-75.20114,39.99497],[-75.20112,39.99496],[-75.2011,39.99494],[-75.20108,39.99492],[-75.20105,39.99491],[-75.201,39.99489],[-75.2009,39.99486],[-75.20087,39.99484],[-75.20083,39.99483],[-75.20076,39.99479],[-75.20073,39.99478],[-75.2007,39.99476],[-75.20067,39.99476],[-75.20065,39.99476],[-75.20063,39.99476],[-75.2006,39.99477],[-75.20052,39.99479],[-75.2005,39.9948],[-75.20048,39.9948],[-75.20044,39.9948],[-75.20041,39.99479],[-75.20029,39.99476],[-75.20025,39.99475],[-75.20022,39.99474],[-75.20012,39.99473],[-75.20008,39.99472],[-75.20006,39.99471],[-75.20004,39.9947],[-75.20002,39.99468],[-75.2,39.99466],[-75.19996,39.9946],[-75.19994,39.99458],[-75.19992,39.99456],[-75.1999,39.99454],[-75.19986,39.99452],[-75.19981,39.99451],[-75.19977,39.99449],[-75.19974,39.99449],[-75.19969,39.9945],[-75.19964,39.9945],[-75.19959,39.99451],[-75.19954,39.99451],[-75.1995,39.99451],[-75.19945,39.9945],[-75.19941,39.99449],[-75.19937,39.99448],[-75.19935,39.99448],[-75.19932,39.99446],[-75.19922,39.9944],[-75.1992,39.99438],[-75.19917,39.99437],[-75.19913,39.99436],[-75.19909,39.99435],[-75.19906,39.99435],[-75.19903,39.99435],[-75.199,39.99436],[-75.19891,39.99438],[-75.19888,39.99439],[-75.19886,39.99439],[-75.1988,39.99439],[-75.19876,39.99439],[-75.19874,39.99438],[-75.19871,39.99437],[-75.19865,39.99434],[-75.19862,39.99431],[-75.19856,39.99425],[-75.19854,39.99424],[-75.19852,39.99423],[-75.1985,39.99423],[-75.19848,39.99422],[-75.19838,39.99421],[-75.19836,39.9942],[-75.19834,39.9942],[-75.19831,39.99419],[-75.19829,39.99417],[-75.19826,39.99415],[-75.19818,39.9941],[-75.19815,39.99408],[-75.19813,39.99407],[-75.1981,39.99406],[-75.19808,39.99405],[-75.19802,39.99404],[-75.19795,39.99404],[-75.19782,39.99404],[-75.19777,39.99404],[-75.19772,39.99403],[-75.19767,39.99402],[-75.19757,39.994],[-75.19753,39.99398],[-75.1975,39.99397],[-75.19747,39.99396],[-75.19745,39.99395],[-75.19736,39.99389],[-75.19732,39.99387],[-75.19728,39.99385],[-75.19719,39.99383],[-75.19714,39.99382],[-75.1971,39.9938],[-75.19706,39.99378],[-75.19702,39.99377],[-75.19699,39.99375],[-75.19692,39.99368],[-75.19689,39.99367],[-75.19686,39.99365],[-75.19673,39.99359],[-75.19667,39.99356],[-75.19664,39.99354],[-75.19661,39.99351],[-75.19658,39.99348],[-75.19648,39.99338],[-75.19644,39.99335],[-75.19641,39.99333],[-75.19633,39.99327],[-75.19624,39.99323],[-75.19619,39.9932],[-75.19598,39.99307],[-75.19593,39.99304],[-75.1959,39.99302]]},"properties":{"kind":"stream","name":"unnamed trib to Schuylkill River"}},{"type":"Feature","geometry":{"type":"MultiLineString","coordinates":[[[-75.20212,39.94961],[-75.20206,39.94956],[-75.20202,39.94952],[-75.20198,39.94948],[-75.20195,39.94944],[-75.20193,39.9494],[-75.20191,39.94937],[-75.2019,39.94933],[-75.2019,39.94929],[-75.2019,39.94922],[-75.2019,39.9492],[-75.20189,39.94919],[-75.20189,39.94917],[-75.20187,39.94915],[-75.20184,39.94912],[-75.20177,39.94906],[-75.20175,39.94903],[-75.20173,39.94901],[-75.20172,39.94898],[-75.20171,39.94896],[-75.20172,39.94893],[-75.20172,39.9489],[-75.20173,39.94888],[-75.20175,39.94884],[-75.20177,39.9488],[-75.20177,39.94876],[-75.20177,39.94871],[-75.20176,39.94867],[-75.20174,39.94864],[-75.20172,39.94858],[-75.20169,39.94852],[-75.20164,39.94847],[-75.2016,39.94842],[-75.20154,39.94838],[-75.20149,39.94835],[-75.20144,39.94831],[-75.2014,39.94828],[-75.20136,39.94824],[-75.20135,39.94822],[-75.20135,39.94821],[-75.20134,39.94819],[-75.20134,39.94817],[-75.20134,39.94813],[-75.20135,39.94805],[-75.20135,39.94802],[-75.20136,39.948],[-75.20136,39.94798],[-75.2014,39.94791],[-75.2014,39.94789],[-75.20142,39.94787],[-75.20146,39.94783],[-75.20148,39.94782],[-75.20149,39.9478],[-75.20149,39.94778],[-75.2015,39.94777],[-75.2015,39.94774],[-75.2015,39.9477],[-75.20151,39.94766],[-75.20153,39.94762],[-75.20154,39.94758],[-75.20155,39.94753],[-75.20155,39.94748],[-75.20154,39.94744],[-75.20152,39.94739],[-75.20149,39.94735],[-75.20147,39.94732],[-75.20143,39.94728],[-75.20141,39.94724],[-75.20139,39.94719],[-75.20137,39.94715],[-75.20137,39.94712],[-75.20137,39.9471],[-75.20137,39.94708],[-75.20138,39.94705],[-75.20139,39.94703],[-75.20141,39.94701],[-75.20142,39.947],[-75.20143,39.94698],[-75.20144,39.94696],[-75.20144,39.94693],[-75.20144,39.94691],[-75.20143,39.94689],[-75.20142,39.94687],[-75.2014,39.94686],[-75.20138,39.9468],[-75.20138,39.94675],[-75.20137,39.9467],[-75.20137,39.94665],[-75.20138,39.94662],[-75.20138,39.9466],[-75.20138,39.94658],[-75.20138,39.94656],[-75.20137,39.94654],[-75.20136,39.94652],[-75.20133,39.94647],[-75.20131,39.94645],[-75.2013,39.94643],[-75.2013,39.94641],[-75.20129,39.94638],[-75.20129,39.94635],[-75.20129,39.94623],[-75.20128,39.94618],[-75.20126,39.94609],[-75.20125,39.94602],[-75.20123,39.94596],[-75.20121,39.94591],[-75.20118,39.94586],[-75.20111,39.94578],[-75.20105,39.9457],[-75.201,39.94562],[-75.20096,39.94554],[-75.20089,39.9454],[-75.20083,39.94527],[-75.20078,39.94513],[-75.20074,39.94499],[-75.20071,39.94485],[-75.20069,39.94471],[-75.20067,39.94456],[-75.20067,39.94442]],[[-75.20216,39.94965],[-75.20212,39.94961]],[[-75.20332,39.95229],[-75.20327,39.95228],[-75.20324,39.95226],[-75.20322,39.95225],[-75.20321,39.95224],[-75.2032,39.95223],[-75.20319,39.95222],[-75.20319,39.95221],[-75.20319,39.95219],[-75.20321,39.95214],[-75.20321,39.95212],[-75.20321,39.9521],[-75.20321,39.95208],[-75.20319,39.952],[-75.20319,39.95198],[-75.20319,39.95197],[-75.20319,39.95195],[-75.20321,39.95192],[-75.20323,39.9519],[-75.20327,39.95185],[-75.20329,39.95182],[-75.2033,39.9518],[-75.20331,39.95178],[-75.20331,39.95174],[-75.20331,39.95171],[-75.20329,39.95167],[-75.20327,39.95163],[-75.20324,39.95158],[-75.2032,39.95154],[-75.20316,39.9515],[-75.20312,39.95146],[-75.20308,39.95144],[-75.20299,39.9514],[-75.20296,39.95138],[-75.20292,39.95134],[-75.20288,39.9513],[-75.20285,39.95126],[-75.20282,39.95122],[-75.2028,39.95117],[-75.20277,39.95113],[-75.20274,39.95109],[-75.20272,39.95105],[-75.2027,39.95102],[-75.20269,39.95098],[-75.20268,39.95093],[-75.20267,39.95088],[-75.20264,39.95084],[-75.20261,39.9508],[-75.20257,39.95076],[-75.20255,39.95072],[-75.20252,39.95061],[-75.20251,39.95058],[-75.20249,39.95056],[-75.20247,39.95054],[-75.20244,39.95052],[-75.20241,39.9505],[-75.20235,39.95047],[-75.20232,39.95045],[-75.20229,39.95043],[-75.20228,39.9504],[-75.20227,39.95038],[-75.20227,39.95035],[-75.20228,39.95032],[-75.20231,39.95026],[-75.20232,39.95023],[-75.20232,39.9502],[-75.20232,39.95017],[-75.20231,39.95015],[-75.2023,39.95013],[-75.20225,39.95005],[-75.20224,39.95001],[-75.20223,39.94998],[-75.20222,39.94994],[-75.20222,39.9498],[-75.20222,39.94977],[-75.20221,39.94974],[-75.2022,39.9497],[-75.20219,39.94968],[-75.20218,39.94967],[-75.20214,39.94964],[-75.20212,39.94961]]]},"properties":{"kind":"stream","name":"unnamed trib to Schuylkill River"}},{"type":"Feature","geometry":{"type":"LineString","coordinates":[[-75.18984,39.98257],[-75.18983,39.98255],[-75.18981,39.98254],[-75.1898,39.98253],[-75.18979,39.98251],[-75.18978,39.98249],[-75.18976,39.98242],[-75.18976,39.9824],[-75.18975,39.98238],[-75.18973,39.98235],[-75.18972,39.98231],[-75.18971,39.98227],[-75.1897,39.98216],[-75.18969,39.98212],[-75.18968,39.98209],[-75.18967,39.98207],[-75.18965,39.98204],[-75.18958,39.98197],[-75.18956,39.98194],[-75.18955,39.98192],[-75.18953,39.98189],[-75.18953,39.98187],[-75.18953,39.98184],[-75.18953,39.98181],[-75.18955,39.98173],[-75.18955,39.9817],[-75.18955,39.98166],[-75.18954,39.98165],[-75.18953,39.98164],[-75.18951,39.98161],[-75.18945,39.98157],[-75.18943,39.98154],[-75.18941,39.98151],[-75.1894,39.98148],[-75.18939,39.98144],[-75.18939,39.9814],[-75.18939,39.98137],[-75.1894,39.98135],[-75.18945,39.98128],[-75.18946,39.98125],[-75.18946,39.98123],[-75.18946,39.98121],[-75.18946,39.98119],[-75.18945,39.98117],[-75.1894,39.98111],[-75.18938,39.98108],[-75.18937,39.98103],[-75.18937,39.98098],[-75.18937,39.98093],[-75.18938,39.98084],[-75.18939,39.98082],[-75.18939,39.98079],[-75.18943,39.98071],[-75.18944,39.98067],[-75.18945,39.98064],[-75.18945,39.98061],[-75.18944,39.98059],[-75.18944,39.98056],[-75.18941,39.98047],[-75.1894,39.98044],[-75.18939,39.98041],[-75.18935,39.98034],[-75.18934,39.98031],[-75.18934,39.98029],[-75.18934,39.98028],[-75.18935,39.98026],[-75.18936,39.98025],[-75.18937,39.98024],[-75.18943,39.98021],[-75.18944,39.9802],[-75.18945,39.98019],[-75.18947,39.98017],[-75.18948,39.98014],[-75.18949,39.98011],[-75.18949,39.98008],[-75.18948,39.98007],[-75.18948,39.98005],[-75.18946,39.98003],[-75.18943,39.98001],[-75.18935,39.97997],[-75.18933,39.97996],[-75.1893,39.97994],[-75.1893,39.97993],[-75.18929,39.97992],[-75.18929,39.9799],[-75.18929,39.97989],[-75.1893,39.97987],[-75.18931,39.97984],[-75.18936,39.97977],[-75.18938,39.97974],[-75.18939,39.97971],[-75.1894,39.97969],[-75.1894,39.97968],[-75.18939,39.97966],[-75.18938,39.97964],[-75.18936,39.97962],[-75.18931,39.97955],[-75.1893,39.97953],[-75.18929,39.97951],[-75.18928,39.97948],[-75.18928,39.97945],[-75.18928,39.97942],[-75.18929,39.97939],[-75.18929,39.97936],[-75.18931,39.97933],[-75.18932,39.9793],[-75.18933,39.97928],[-75.18936,39.97926],[-75.18942,39.97922],[-75.18944,39.97919],[-75.18945,39.97918],[-75.18946,39.97917],[-75.18946,39.97915],[-75.18946,39.97914],[-75.18946,39.9791],[-75.18944,39.97903],[-75.18944,39.97899],[-75.18944,39.97896],[-75.18944,39.97894],[-75.18946,39.97892],[-75.18947,39.9789],[-75.18954,39.97884],[-75.18956,39.97882],[-75.18958,39.9788],[-75.18958,39.97878],[-75.18959,39.97875],[-75.18959,39.97872],[-75.18958,39.97869],[-75.18956,39.97861],[-75.18955,39.97858],[-75.18955,39.97856],[-75.18956,39.97851],[-75.18958,39.97845],[-75.18961,39.97838],[-75.18965,39.97828],[-75.18968,39.97822],[-75.18979,39.97808],[-75.18981,39.97804],[-75.18982,39.97801],[-75.18984,39.97796],[-75.18986,39.9779],[-75.18987,39.97784],[-75.18989,39.97771],[-75.18991,39.97765],[-75.18993,39.97759],[-75.18994,39.97756],[-75.18996,39.97754],[-75.18999,39.97749],[-75.19003,39.97744],[-75.19008,39.9774],[-75.19014,39.97735],[-75.1902,39.9773],[-75.19027,39.97726],[-75.19053,39.97709],[-75.19062,39.97704],[-75.19083,39.97691],[-75.19103,39.9768],[-75.19109,39.97676],[-75.19116,39.97671],[-75.19122,39.97666],[-75.19126,39.97663],[-75.19129,39.97659],[-75.1914,39.97645],[-75.19143,39.9764],[-75.19147,39.97637],[-75.19151,39.97633],[-75.19154,39.97631],[-75.19158,39.97628],[-75.19163,39.97625],[-75.19168,39.97623],[-75.19179,39.97618],[-75.19196,39.97611],[-75.19202,39.97608],[-75.19209,39.97606],[-75.19234,39.97598],[-75.19244,39.97595],[-75.19261,39.97588],[-75.19278,39.97582],[-75.19295,39.97574],[-75.19312,39.97567],[-75.19328,39.97559],[-75.19345,39.9755],[-75.19363,39.97541],[-75.19381,39.97531]]},"properties":{"kind":"stream","name":"unnamed trib to Schuylkill River"}},{"type":"Feature","geometry":{"type":"LineString","coordinates":[[-75.17312,39.94493],[-75.17355,39.9449],[-75.17375,39.94501],[-75.17395,39.94508],[-75.1742,39.94509],[-75.17433,39.94527]]},"properties":{"kind":"stream","name":"Shackaminsing Creek"}},{"type":"Feature","geometry":{"type":"LineString","coordinates":[[-75.21302,39.93438],[-75.21296,39.93438],[-75.2129,39.93438],[-75.21285,39.9344],[-75.21281,39.93441],[-75.21279,39.93442],[-75.21278,39.93443],[-75.21274,39.93447],[-75.21273,39.93448],[-75.21271,39.93449],[-75.21269,39.9345],[-75.21267,39.9345],[-75.21266,39.9345],[-75.21264,39.93453],[-75.21261,39.93454],[-75.21259,39.93454],[-75.21255,39.93455],[-75.21252,39.93454],[-75.21248,39.93454],[-75.21243,39.93453],[-75.21239,39.93451],[-75.21235,39.93449],[-75.21232,39.93448],[-75.21226,39.93443],[-75.21224,39.93442],[-75.21223,39.93441],[-75.21222,39.93441],[-75.2122,39.93441],[-75.21217,39.93441],[-75.21213,39.93442],[-75.21206,39.93444],[-75.21202,39.93445],[-75.21199,39.93446],[-75.21196,39.93446],[-75.21192,39.93445],[-75.21188,39.93444],[-75.21184,39.93443],[-75.21179,39.93442],[-75.21176,39.93441],[-75.21171,39.93438],[-75.21168,39.93437],[-75.21165,39.93437],[-75.21162,39.93437],[-75.21159,39.93437],[-75.21151,39.93439],[-75.21148,39.93439],[-75.21137,39.9344],[-75.21127,39.93439],[-75.21122,39.93439],[-75.21112,39.9344],[-75.21107,39.9344],[-75.21103,39.9344],[-75.21097,39.93441],[-75.21095,39.93441],[-75.21093,39.93442],[-75.21087,39.93446],[-75.21084,39.93447],[-75.21081,39.93448],[-75.21078,39.93449],[-75.21074,39.9345],[-75.21071,39.9345],[-75.21067,39.93449],[-75.21064,39.93449],[-75.2106,39.93447],[-75.21056,39.93446],[-75.21052,39.93446],[-75.21049,39.93446],[-75.21046,39.93447],[-75.21043,39.93447],[-75.21041,39.93446],[-75.21038,39.93445],[-75.21036,39.93444],[-75.21034,39.93443],[-75.21033,39.93442],[-75.21032,39.93441],[-75.21031,39.93439],[-75.2103,39.93436],[-75.21029,39.9343],[-75.21028,39.93427],[-75.21027,39.93425],[-75.21026,39.93425],[-75.21025,39.93424],[-75.21023,39.93424],[-75.2102,39.93423],[-75.2101,39.93423],[-75.21003,39.93424],[-75.21,39.93424],[-75.20998,39.93423],[-75.20996,39.93421],[-75.20995,39.93419],[-75.2099,39.93413],[-75.20988,39.93411],[-75.20986,39.9341],[-75.20984,39.93409],[-75.20981,39.93409],[-75.20978,39.93408],[-75.20975,39.93408],[-75.20972,39.93408],[-75.20969,39.93408],[-75.20966,39.93408],[-75.20963,39.93409],[-75.20962,39.93409],[-75.2096,39.9341],[-75.20955,39.93414],[-75.20953,39.93415],[-75.20952,39.93416],[-75.2095,39.93416],[-75.20948,39.93416],[-75.20946,39.93415],[-75.20944,39.93414],[-75.20938,39.93411],[-75.20936,39.9341],[-75.20935,39.93409],[-75.20931,39.93409],[-75.20928,39.93408],[-75.20915,39.93408],[-75.2091,39.93407],[-75.20901,39.93406],[-75.20895,39.93405],[-75.2089,39.93404],[-75.20886,39.93402],[-75.20882,39.934],[-75.20878,39.93398],[-75.20874,39.93396],[-75.20868,39.93392],[-75.20862,39.93386],[-75.20854,39.93381],[-75.20846,39.93377],[-75.20838,39.93373],[-75.20829,39.93369],[-75.2082,39.93366],[-75.20811,39.93364],[-75.20801,39.93363],[-75.20791,39.93362],[-75.20781,39.93362],[-75.20772,39.93362],[-75.20769,39.93362],[-75.20764,39.93362],[-75.20725,39.93365],[-75.20719,39.93365],[-75.20716,39.93365]]},"properties":{"kind":"stream","name":"unnamed trib to Schuylkill River"}},{"type":"Feature","geometry":{"type":"LineString","coordinates":[[-75.16644,39.9473],[-75.16642,39.94745],[-75.16651,39.9476],[-75.16673,39.94769],[-75.16695,39.94773],[-75.16694,39.94786],[-75.16687,39.94794],[-75.16675,39.94799],[-75.16658,39.94817],[-75.16632,39.94836]]},"properties":{"kind":"stream","name":"Shackaminsing Creek"}},{"type":"Feature","geometry":{"type":"LineString","coordinates":[[-75.21665,39.95021],[-75.21648,39.95022],[-75.21642,39.95022],[-75.21636,39.95022],[-75.21634,39.95022],[-75.2163,39.95021],[-75.2162,39.95017],[-75.21616,39.95015],[-75.21613,39.95015],[-75.21611,39.95014],[-75.21607,39.95015],[-75.21604,39.95015],[-75.21601,39.95017],[-75.21595,39.9502],[-75.21593,39.95021],[-75.2159,39.95022],[-75.21586,39.95022],[-75.21581,39.95023],[-75.21576,39.95023],[-75.21569,39.95022],[-75.21563,39.95022],[-75.21556,39.95021],[-75.21548,39.9502],[-75.21541,39.95019],[-75.21534,39.95018],[-75.21524,39.95016],[-75.21517,39.95014],[-75.21514,39.95013],[-75.21512,39.95012],[-75.21509,39.95011],[-75.21507,39.9501],[-75.21505,39.95007],[-75.21501,39.95001],[-75.21499,39.94999],[-75.21498,39.94998],[-75.21496,39.94996],[-75.21491,39.94993],[-75.21488,39.94992],[-75.21487,39.94991],[-75.21486,39.94989],[-75.21483,39.94982],[-75.21482,39.94981],[-75.2148,39.9498],[-75.21479,39.94979],[-75.21478,39.94978],[-75.21475,39.94977],[-75.21471,39.94977],[-75.21462,39.94976],[-75.21458,39.94976],[-75.21455,39.94975],[-75.21452,39.94974],[-75.2145,39.94973],[-75.21448,39.94971],[-75.21442,39.94964],[-75.2144,39.94962],[-75.21438,39.94961],[-75.21436,39.9496],[-75.21433,39.94959],[-75.2143,39.94958],[-75.21426,39.94958],[-75.21413,39.94957],[-75.2141,39.94957],[-75.21407,39.94956],[-75.21399,39.94952],[-75.21392,39.94948],[-75.21386,39.94944],[-75.21379,39.94939],[-75.21377,39.94937],[-75.21374,39.94935],[-75.21371,39.94933],[-75.21368,39.94932],[-75.21365,39.94931],[-75.21361,39.94931],[-75.21357,39.94931],[-75.21354,39.94932],[-75.21345,39.94933],[-75.21339,39.94933],[-75.21333,39.94933],[-75.21321,39.94931],[-75.21316,39.94931],[-75.21312,39.9493],[-75.21307,39.94931],[-75.21305,39.94931],[-75.21302,39.94932],[-75.21289,39.94936],[-75.21284,39.94936],[-75.21279,39.94937],[-75.21268,39.94936],[-75.21263,39.94936],[-75.21249,39.94938],[-75.21244,39.94938],[-75.21231,39.94937],[-75.21226,39.94937],[-75.21223,39.94938],[-75.21221,39.94938],[-75.21209,39.94942],[-75.21206,39.94942],[-75.21204,39.94942],[-75.21201,39.94942],[-75.21198,39.94942],[-75.21195,39.94941],[-75.21191,39.9494],[-75.21188,39.94939],[-75.21184,39.94937],[-75.21175,39.94933],[-75.2117,39.9493],[-75.21166,39.94927],[-75.21161,39.94923],[-75.21151,39.94914],[-75.21148,39.94912],[-75.21143,39.94909],[-75.21137,39.94906],[-75.21127,39.94902],[-75.21121,39.94899],[-75.21116,39.94897],[-75.21111,39.94896],[-75.21107,39.94896],[-75.21106,39.94896],[-75.21105,39.94896],[-75.21103,39.94897],[-75.21102,39.94898],[-75.211,39.949],[-75.21095,39.94904],[-75.21093,39.94906],[-75.21091,39.94908],[-75.21088,39.94909],[-75.21086,39.94909],[-75.21083,39.94909],[-75.2107,39.94909],[-75.21067,39.94909],[-75.21065,39.94909],[-75.2106,39.94911],[-75.21044,39.94918],[-75.2104,39.9492],[-75.21037,39.9492],[-75.21032,39.94921],[-75.21026,39.94921],[-75.21001,39.94919],[-75.20998,39.94919],[-75.20995,39.94918],[-75.20976,39.94913],[-75.20971,39.94912],[-75.20969,39.94912],[-75.20966,39.94912],[-75.20957,39.94914],[-75.20948,39.94913],[-75.20939,39.94914],[-75.20931,39.94914],[-75.20922,39.94916],[-75.20914,39.94918]]},"properties":{"kind":"stream","name":"unnamed trib to Mill Creek"}},{"type":"Feature","geometry":{"type":"LineString","coordinates":[[-75.14736,39.95257],[-75.14685,39.95266],[-75.14649,39.95282],[-75.14608,39.95276],[-75.14574,39.95293],[-75.14408,39.95317]]},"properties":{"kind":"stream","name":"Dock Creek"}},{"type":"Feature","geometry":{"type":"LineString","coordinates":[[-75.15816,39.94821],[-75.15795,39.94837],[-75.15772,39.94847],[-75.15728,39.94854],[-75.15689,39.94849],[-75.15662,39.94849],[-75.15641,39.94844],[-75.15624,39.94851],[-75.15608,39.94854],[-75.15579,39.94848],[-75.15547,39.94857],[-75.15495,39.94897]]},"properties":{"kind":"stream","name":"Dock Creek"}},{"type":"Feature","geometry":{"type":"LineString","coordinates":[[-75.16414,39.94112],[-75.16414,39.94105],[-75.16414,39.94098],[-75.16415,39.9409],[-75.16417,39.94073],[-75.16418,39.94065],[-75.16418,39.94058],[-75.16417,39.94052],[-75.16417,39.9405],[-75.16417,39.94048],[-75.16418,39.94046],[-75.1642,39.94043],[-75.16421,39.94041],[-75.16424,39.94039],[-75.16432,39.94031],[-75.16435,39.94029],[-75.16439,39.94026],[-75.16443,39.94024],[-75.16452,39.9402],[-75.16456,39.94017],[-75.16459,39.94015],[-75.16462,39.94013],[-75.16467,39.94007],[-75.16469,39.94005],[-75.1647,39.94002],[-75.16472,39.93998],[-75.16473,39.93993],[-75.16474,39.93988],[-75.16474,39.93982],[-75.16474,39.93979],[-75.16473,39.93977],[-75.1647,39.93968],[-75.16469,39.93965],[-75.16469,39.93962],[-75.16469,39.93959],[-75.16469,39.93957],[-75.1647,39.93955],[-75.16471,39.93953],[-75.16473,39.93951],[-75.16475,39.93949],[-75.16478,39.93947],[-75.16489,39.93939],[-75.16494,39.93936],[-75.16496,39.93934],[-75.16497,39.93932],[-75.16498,39.9393],[-75.16499,39.93928],[-75.165,39.93926],[-75.165,39.93923],[-75.165,39.93919],[-75.16499,39.93914],[-75.16497,39.93901],[-75.16496,39.93897],[-75.16496,39.93894],[-75.16496,39.93885],[-75.16497,39.93877],[-75.16498,39.9387],[-75.165,39.93863],[-75.16502,39.9386],[-75.16507,39.93853],[-75.16508,39.93851],[-75.16509,39.93849],[-75.16509,39.93848],[-75.16509,39.93847],[-75.16509,39.93846],[-75.16508,39.93845],[-75.16507,39.93844],[-75.165,39.9384],[-75.16499,39.93839],[-75.16498,39.93838],[-75.16497,39.93836],[-75.16497,39.93833],[-75.16497,39.9383],[-75.16499,39.93825],[-75.16499,39.93823],[-75.16501,39.93821],[-75.16503,39.93818],[-75.16508,39.93813],[-75.1651,39.9381],[-75.16511,39.93809],[-75.16511,39.93807],[-75.16511,39.93806],[-75.1651,39.93805],[-75.16509,39.93804],[-75.16508,39.93804],[-75.16503,39.93801],[-75.16502,39.938],[-75.16501,39.93799],[-75.16501,39.93798],[-75.16501,39.93797],[-75.16501,39.93795],[-75.16503,39.93793],[-75.16506,39.93789],[-75.16508,39.93786],[-75.16508,39.93784],[-75.16509,39.93782],[-75.16508,39.93779],[-75.16508,39.93777],[-75.16507,39.93772],[-75.16502,39.9376],[-75.16502,39.93757],[-75.16501,39.93755],[-75.16501,39.93752],[-75.16501,39.9375],[-75.16502,39.93747],[-75.16503,39.93745],[-75.16506,39.93743],[-75.16512,39.93737],[-75.16514,39.93735],[-75.16515,39.93734],[-75.16516,39.93732],[-75.16516,39.93729],[-75.16515,39.93725],[-75.16513,39.93717],[-75.16513,39.93713],[-75.16513,39.93711],[-75.16513,39.93709],[-75.16513,39.93708],[-75.16514,39.93706],[-75.16515,39.93704],[-75.16519,39.937],[-75.1652,39.93698],[-75.16521,39.93697],[-75.16521,39.93696],[-75.16521,39.93693],[-75.16519,39.93689],[-75.16515,39.93682],[-75.16514,39.93679],[-75.16513,39.93677],[-75.16513,39.93676],[-75.16513,39.93674],[-75.16514,39.93673],[-75.16515,39.93671],[-75.16516,39.93669],[-75.16518,39.93667],[-75.16525,39.93662],[-75.16527,39.9366],[-75.16528,39.93658],[-75.16529,39.93655],[-75.16529,39.93652],[-75.16529,39.93649],[-75.16527,39.93641],[-75.16526,39.93638],[-75.16527,39.93635],[-75.16528,39.93633],[-75.16529,39.93631],[-75.16532,39.93628],[-75.16532,39.93627],[-75.16532,39.93626],[-75.16532,39.93625],[-75.16532,39.93623],[-75.1653,39.93622],[-75.16527,39.93618],[-75.16526,39.93617],[-75.16525,39.93616],[-75.16525,39.93614],[-75.16525,39.93612],[-75.16525,39.93609],[-75.16525,39.93606],[-75.16526,39.93604],[-75.16528,39.93602],[-75.1653,39.93599],[-75.16536,39.93594],[-75.16539,39.93592],[-75.16541,39.93589],[-75.16542,39.93587],[-75.16543,39.93582],[-75.16543,39.93578],[-75.16543,39.93574],[-75.16542,39.93571],[-75.16541,39.93569],[-75.16536,39.93564],[-75.16535,39.93561],[-75.16533,39.93558],[-75.16532,39.93552],[-75.16531,39.93547],[-75.16532,39.93541],[-75.16533,39.93536],[-75.16535,39.93531],[-75.16538,39.93526],[-75.16542,39.93521],[-75.16545,39.93518],[-75.16549,39.93516],[-75.16551,39.93514],[-75.16556,39.93512],[-75.16558,39.93511],[-75.1656,39.93509],[-75.16561,39.93508],[-75.16563,39.93503],[-75.16564,39.93501],[-75.16564,39.93499],[-75.16564,39.93495],[-75.16564,39.93491],[-75.16562,39.93479],[-75.16562,39.93476],[-75.16562,39.93474],[-75.16563,39.93464],[-75.16563,39.9346],[-75.16564,39.93456],[-75.16566,39.93452],[-75.16569,39.93448],[-75.16573,39.93445],[-75.16585,39.93427],[-75.16593,39.93415],[-75.16594,39.93407],[-75.16597,39.93395],[-75.16601,39.93388],[-75.16601,39.93388],[-75.16623,39.93371],[-75.16636,39.93356],[-75.16638,39.93348],[-75.16639,39.9334],[-75.16647,39.93327],[-75.16651,39.93323],[-75.16661,39.93315],[-75.16663,39.93308],[-75.16665,39.93304],[-75.16663,39.93287],[-75.16669,39.93272],[-75.16675,39.93267],[-75.1668,39.93262],[-75.1668,39.93258],[-75.16681,39.93248],[-75.16675,39.93234],[-75.16673,39.93221],[-75.16677,39.93205],[-75.16671,39.93192],[-75.16662,39.93178],[-75.16661,39.93173],[-75.16662,39.93158],[-75.16665,39.93144],[-75.16668,39.93127],[-75.16676,39.93115],[-75.16679,39.93111],[-75.16681,39.93108],[-75.16686,39.93102],[-75.16687,39.93102],[-75.16691,39.93091],[-75.167,39.93075],[-75.16702,39.93073],[-75.16705,39.9307],[-75.16719,39.93047],[-75.16722,39.93042],[-75.16727,39.93036],[-75.16732,39.9303],[-75.16735,39.93015],[-75.1674,39.93005],[-75.16757,39.92996],[-75.16763,39.92988],[-75.16767,39.9298],[-75.16772,39.92969],[-75.16773,39.92951],[-75.16789,39.92934],[-75.16798,39.92912],[-75.1682,39.92892],[-75.16825,39.92875],[-75.16841,39.92855],[-75.16853,39.92849],[-75.16856,39.92846],[-75.1686,39.92843],[-75.16864,39.9284],[-75.16869,39.92837],[-75.16874,39.92835],[-75.16879,39.92833],[-75.169,39.92825],[-75.16927,39.92808],[-75.16957,39.92787],[-75.16977,39.92766],[-75.1698,39.92764],[-75.16983,39.92763],[-75.16986,39.92761],[-75.16989,39.92761],[-75.16991,39.92761],[-75.16995,39.92761],[-75.16997,39.92761],[-75.17,39.9276],[-75.17001,39.92758],[-75.17002,39.92757],[-75.17003,39.92755],[-75.17005,39.92751],[-75.17007,39.92748],[-75.17009,39.92746],[-75.17012,39.92744],[-75.17014,39.92742],[-75.17017,39.9274],[-75.17019,39.92739],[-75.17022,39.92739],[-75.1703,39.92738],[-75.17032,39.92737],[-75.17035,39.92736],[-75.17036,39.92735],[-75.17038,39.92734],[-75.1704,39.92732],[-75.17044,39.92726],[-75.17046,39.92723],[-75.1705,39.92718],[-75.17054,39.92716],[-75.17058,39.92713],[-75.17063,39.92711],[-75.17069,39.9271],[-75.17077,39.92708],[-75.17081,39.92708],[-75.1709,39.92707],[-75.17094,39.92707],[-75.171,39.92706],[-75.17102,39.92705],[-75.17103,39.92704],[-75.17104,39.92703],[-75.17105,39.92702],[-75.17108,39.92697],[-75.17109,39.92695],[-75.17112,39.92694],[-75.17118,39.9269],[-75.17121,39.92688],[-75.17124,39.92685],[-75.17125,39.92683],[-75.17127,39.92682],[-75.17131,39.92681],[-75.17136,39.9268],[-75.17142,39.9268],[-75.17146,39.92679],[-75.17155,39.9268],[-75.17157,39.9268],[-75.17159,39.9268],[-75.17163,39.92679],[-75.17167,39.92678],[-75.1717,39.92676],[-75.17174,39.92675],[-75.17178,39.92672],[-75.17182,39.92669],[-75.17186,39.92666],[-75.17189,39.92662],[-75.1719,39.9266],[-75.1719,39.92659],[-75.17191,39.92653],[-75.17192,39.92651],[-75.17193,39.92649],[-75.17195,39.92648],[-75.17196,39.92646],[-75.17198,39.92645],[-75.17223,39.9263],[-75.17246,39.92624],[-75.17249,39.92614],[-75.17253,39.92604],[-75.17279,39.92586],[-75.17292,39.92572],[-75.17293,39.92533],[-75.17296,39.92506],[-75.17299,39.92455],[-75.17298,39.92446],[-75.17326,39.9242],[-75.17338,39.92418],[-75.17356,39.92406],[-75.17375,39.92397],[-75.17393,39.92398],[-75.17407,39.92391],[-75.17424,39.92383],[-75.1745,39.92384],[-75.17472,39.92377],[-75.17494,39.92379],[-75.17516,39.92373],[-75.17537,39.92375],[-75.17557,39.92367],[-75.17575,39.92361],[-75.176,39.92358],[-75.17638,39.92338],[-75.17659,39.92315],[-75.17684,39.92296],[-75.17706,39.92254],[-75.17728,39.92223],[-75.17741,39.92174],[-75.17784,39.92112],[-75.17836,39.92056],[-75.17919,39.91978],[-75.17963,39.91935],[-75.17976,39.91926],[-75.17981,39.91921],[-75.17984,39.91893],[-75.17995,39.91859],[-75.18,39.91839],[-75.18009,39.91818],[-75.18024,39.91788],[-75.18063,39.9173],[-75.18081,39.91707],[-75.18108,39.91657],[-75.18136,39.91599],[-75.18166,39.91563],[-75.1821,39.91505],[-75.18243,39.91473],[-75.18261,39.91457],[-75.18277,39.91432],[-75.18321,39.91392],[-75.18358,39.91361],[-75.1837,39.91343],[-75.18389,39.9131],[-75.18392,39.91306],[-75.18394,39.91301],[-75.18394,39.91295],[-75.18394,39.9129],[-75.18394,39.91285],[-75.18392,39.9128],[-75.18382,39.91264],[-75.18371,39.91249],[-75.18359,39.91234],[-75.18346,39.9122],[-75.18333,39.91206],[-75.18319,39.91192],[-75.18304,39.91179],[-75.18289,39.91166],[-75.18273,39.91154],[-75.18266,39.91144],[-75.18259,39.91135],[-75.18251,39.91126],[-75.18242,39.91117],[-75.18232,39.91109],[-75.18222,39.91101],[-75.18211,39.91094],[-75.182,39.91087],[-75.18189,39.91081],[-75.18176,39.91075],[-75.18164,39.9107],[-75.18134,39.91065],[-75.18104,39.9106],[-75.18074,39.91056],[-75.18044,39.91053],[-75.18014,39.91051],[-75.18006,39.91051],[-75.17998,39.91051],[-75.17991,39.9105],[-75.17983,39.91048],[-75.17976,39.91046],[-75.17969,39.91044],[-75.17962,39.91041],[-75.17956,39.91037],[-75.1795,39.91033],[-75.17945,39.91028],[-75.17941,39.91023],[-75.1792,39.91006],[-75.17904,39.90993],[-75.17901,39.90989],[-75.17871,39.90956],[-75.17861,39.90944],[-75.17846,39.90929],[-75.17833,39.90914],[-75.1782,39.90898],[-75.17808,39.90882],[-75.17796,39.90866],[-75.17785,39.9085],[-75.17775,39.90833],[-75.17766,39.90816],[-75.17758,39.90798],[-75.1775,39.90781],[-75.17744,39.90763],[-75.17741,39.90754],[-75.17737,39.90746],[-75.17733,39.90738],[-75.17727,39.9073],[-75.17721,39.90722],[-75.17715,39.90715],[-75.17707,39.90708],[-75.17699,39.90702],[-75.17692,39.90692],[-75.17686,39.90681],[-75.17681,39.9067],[-75.17677,39.90659],[-75.17673,39.90648],[-75.1767,39.90637],[-75.17668,39.90625],[-75.17669,39.90619],[-75.17668,39.90613],[-75.17667,39.90607],[-75.17666,39.906],[-75.17663,39.90595],[-75.1766,39.90589],[-75.17653,39.90582],[-75.17645,39.90575],[-75.17636,39.90568],[-75.17627,39.90562],[-75.17621,39.90556],[-75.17615,39.90551],[-75.1761,39.90545],[-75.17606,39.90538],[-75.17602,39.90532],[-75.17599,39.90526],[-75.17597,39.90521],[-75.17595,39.90515],[-75.17595,39.90509],[-75.17594,39.90503],[-75.17593,39.90497],[-75.1759,39.90491],[-75.17587,39.90485],[-75.17584,39.9048],[-75.17579,39.90472],[-75.17574,39.90465],[-75.17571,39.90457],[-75.17568,39.90449],[-75.17566,39.90441],[-75.17563,39.90429],[-75.17561,39.90417],[-75.17557,39.90402]]},"properties":{"kind":"stream","name":"Chickhansink Creek"}},{"type":"Feature","geometry":{"type":"LineString","coordinates":[[-75.18658,39.96091],[-75.18655,39.96095],[-75.18652,39.96099],[-75.18649,39.96101],[-75.18645,39.96104],[-75.18643,39.96105],[-75.1864,39.96105],[-75.18629,39.96107],[-75.18627,39.96108],[-75.18625,39.96108],[-75.18621,39.9611],[-75.18613,39.96114],[-75.1861,39.96116],[-75.18603,39.96118],[-75.186,39.96119],[-75.18598,39.96119],[-75.18596,39.96119],[-75.18594,39.96118],[-75.18585,39.96116],[-75.18583,39.96115],[-75.18581,39.96115],[-75.18578,39.96115],[-75.18575,39.96116],[-75.18571,39.96117],[-75.18562,39.96119],[-75.18559,39.9612],[-75.18555,39.96121],[-75.18552,39.96121],[-75.18548,39.96121],[-75.18545,39.9612],[-75.18541,39.96118],[-75.18533,39.96114],[-75.1853,39.96113],[-75.18526,39.96111],[-75.18523,39.96111],[-75.18519,39.9611],[-75.18515,39.9611],[-75.185,39.96112],[-75.18494,39.96112],[-75.18488,39.96112],[-75.18477,39.9611],[-75.18473,39.96109],[-75.18468,39.96109],[-75.18465,39.96109],[-75.18461,39.9611],[-75.18457,39.96112],[-75.18453,39.96113],[-75.18444,39.96118],[-75.1844,39.9612],[-75.18432,39.96123],[-75.18414,39.96129],[-75.18351,39.9615],[-75.18254,39.96182],[-75.18121,39.96226]]},"properties":{"kind":"stream","name":"unnamed trib to Schuylkill River"}},{"type":"Feature","geometry":{"type":"LineString","coordinates":[[-75.12135,40.00014],[-75.12196,40.00001],[-75.12265,40.00003],[-75.12296,39.9999],[-75.12335,39.99988]]},"properties":{"kind":"stream","name":"Gunner's Run, trib"}},{"type":"Feature","geometry":{"type":"LineString","coordinates":[[-75.16789,39.9464],[-75.16791,39.94657],[-75.16783,39.94693],[-75.16791,39.94709],[-75.16786,39.94748],[-75.16803,39.94759],[-75.1683,39.94775],[-75.16837,39.94787]]},"properties":{"kind":"stream","name":"Shackaminsing Creek"}},{"type":"Feature","geometry":{"type":"LineString","coordinates":[[-75.16599,39.95493],[-75.16275,39.95445],[-75.16236,39.95442],[-75.16199,39.9544]]},"properties":{"kind":"stream","name":""}},{"type":"Feature","geometry":{"type":"LineString","coordinates":[[-75.19357,39.92491],[-75.19362,39.92494],[-75.19367,39.92496],[-75.19371,39.92499],[-75.19376,39.92501],[-75.19381,39.92502],[-75.19392,39.92505],[-75.19395,39.92506],[-75.19397,39.92507],[-75.19399,39.92509],[-75.19401,39.92511],[-75.19402,39.92514],[-75.19405,39.9252],[-75.19407,39.92522],[-75.19409,39.92524],[-75.19411,39.92526],[-75.19413,39.92527],[-75.19415,39.92527],[-75.19425,39.92529],[-75.19429,39.9253],[-75.19431,39.92531],[-75.19433,39.92532],[-75.19439,39.92537],[-75.19442,39.92538],[-75.19444,39.9254],[-75.19446,39.9254],[-75.19448,39.92541],[-75.19451,39.92541],[-75.19459,39.92541],[-75.19463,39.92541],[-75.19468,39.92542],[-75.19474,39.92543],[-75.19479,39.92544],[-75.19484,39.92545]]},"properties":{"kind":"stream","name":"unnamed trib to Schuylkill River"}},{"type":"Feature","geometry":{"type":"LineString","coordinates":[[-75.15326,39.99372],[-75.15329,39.99371],[-75.15332,39.9937],[-75.15339,39.99365],[-75.15346,39.99361],[-75.15361,39.9935],[-75.15367,39.99347],[-75.15375,39.99341],[-75.15382,39.99337],[-75.15387,39.99333],[-75.154,39.99321],[-75.15423,39.99302],[-75.15432,39.99295],[-75.15441,39.99288],[-75.15445,39.99286],[-75.15455,39.99281],[-75.15458,39.9928],[-75.15461,39.99278],[-75.15463,39.99276],[-75.15464,39.99274],[-75.15464,39.99272],[-75.15465,39.99269],[-75.15465,39.99265],[-75.15464,39.99263],[-75.15463,39.99259],[-75.15461,39.99256],[-75.15456,39.99248],[-75.15455,39.99246],[-75.15454,39.99244],[-75.15453,39.99238],[-75.15452,39.99227],[-75.15451,39.99223],[-75.1545,39.99216],[-75.15447,39.99209],[-75.15444,39.99201],[-75.1544,39.99192],[-75.15437,39.99186],[-75.15431,39.99175],[-75.15428,39.99171],[-75.15426,39.99166],[-75.15425,39.99162],[-75.15424,39.99159],[-75.15424,39.99155],[-75.15424,39.9915],[-75.15425,39.99146],[-75.15426,39.99137],[-75.15432,39.99117],[-75.15436,39.99098],[-75.15438,39.9909],[-75.15439,39.99086],[-75.15441,39.99083],[-75.15443,39.99079],[-75.15445,39.99076],[-75.15448,39.99073],[-75.15456,39.99066],[-75.15457,39.99064],[-75.15459,39.99062],[-75.1546,39.9906],[-75.15461,39.99057],[-75.15462,39.99054],[-75.15463,39.99051],[-75.15464,39.99045],[-75.15464,39.99032],[-75.15464,39.99029],[-75.15464,39.99025],[-75.15463,39.99008],[-75.15463,39.99003],[-75.15463,39.99],[-75.15464,39.98995],[-75.15467,39.98985],[-75.15469,39.9898],[-75.1547,39.98973],[-75.1547,39.98968],[-75.15471,39.98964],[-75.1547,39.9896],[-75.1547,39.98957],[-75.15469,39.98954],[-75.15467,39.98951],[-75.15461,39.98941],[-75.1546,39.98937],[-75.15459,39.98934],[-75.15459,39.98931],[-75.15459,39.98927],[-75.15459,39.9892],[-75.1546,39.98913],[-75.15462,39.98906]]},"properties":{"kind":"stream","name":"Cohocksink Creek, trib"}},{"type":"Feature","geometry":{"type":"LineString","coordinates":[[-75.18537,40.00152],[-75.18541,40.00156],[-75.18553,40.00164],[-75.18557,40.00168],[-75.18561,40.00172],[-75.18568,40.00181],[-75.18571,40.00184],[-75.18575,40.00187],[-75.18579,40.00191],[-75.18588,40.00201],[-75.18593,40.00205],[-75.18595,40.00207],[-75.18597,40.00208],[-75.18599,40.0021],[-75.18601,40.0021],[-75.18605,40.00211],[-75.18609,40.00213],[-75.18611,40.00214],[-75.18613,40.00214],[-75.18618,40.00214],[-75.1862,40.00213],[-75.18623,40.00212],[-75.18634,40.00211],[-75.18636,40.0021],[-75.18638,40.00209],[-75.1864,40.00208],[-75.18643,40.00206],[-75.18652,40.00199],[-75.18655,40.00196],[-75.18659,40.00194],[-75.18663,40.00192],[-75.18668,40.00191],[-75.18679,40.00187],[-75.18684,40.00185],[-75.18689,40.00183],[-75.18691,40.00181],[-75.18693,40.0018],[-75.18696,40.00177],[-75.187,40.00171],[-75.18703,40.00168],[-75.18705,40.00167],[-75.18708,40.00165],[-75.18719,40.00162],[-75.18723,40.0016],[-75.18725,40.00159],[-75.18727,40.00157],[-75.1873,40.00155],[-75.18734,40.00148],[-75.18735,40.00146],[-75.18737,40.00144],[-75.18739,40.00142],[-75.18749,40.00135],[-75.18751,40.00133],[-75.18753,40.00131],[-75.18754,40.0013],[-75.18754,40.00128],[-75.18757,40.00119],[-75.18758,40.00117],[-75.18759,40.00115],[-75.1876,40.00114],[-75.18762,40.00112],[-75.18771,40.00104],[-75.18773,40.00103],[-75.18774,40.00101],[-75.18777,40.00096],[-75.1878,40.0009],[-75.18784,40.00082],[-75.18786,40.00077],[-75.18787,40.00076],[-75.18788,40.00075],[-75.18789,40.00075],[-75.18795,40.00073],[-75.18796,40.00072],[-75.18797,40.00071],[-75.18799,40.00066],[-75.188,40.0006],[-75.18801,40.00054],[-75.18802,40.00045],[-75.18802,40.00041],[-75.18806,40.00031],[-75.18806,40.00029],[-75.18806,40.00027],[-75.18806,40.00024],[-75.18808,40.00021],[-75.18809,40.00018],[-75.18813,40.00011],[-75.18815,40.00007],[-75.18816,40.00005],[-75.18817,40.00002],[-75.18819,40],[-75.18822,39.99998],[-75.18827,39.99994],[-75.18838,39.99987],[-75.18842,39.99984],[-75.18852,39.99977],[-75.18856,39.99973],[-75.18861,39.9997],[-75.18866,39.99968],[-75.18869,39.99967],[-75.18873,39.99966],[-75.18888,39.99963],[-75.18892,39.99962],[-75.18895,39.99961],[-75.18899,39.99959],[-75.18908,39.99954],[-75.18911,39.99953],[-75.18914,39.99952],[-75.18919,39.99951],[-75.18933,39.99945],[-75.18939,39.99943],[-75.18945,39.99942],[-75.18949,39.99941],[-75.18953,39.99941],[-75.18956,39.99942],[-75.18959,39.99942],[-75.18965,39.99944],[-75.18969,39.99945],[-75.18972,39.99945],[-75.18976,39.99945],[-75.18986,39.99944],[-75.19005,39.9994],[-75.19027,39.99937],[-75.19041,39.99935],[-75.1907,39.99931],[-75.1909,39.99929],[-75.19108,39.99927],[-75.19125,39.99926],[-75.19141,39.99925],[-75.19156,39.99924],[-75.1917,39.99924],[-75.19183,39.99924]]},"properties":{"kind":"stream","name":"unnamed trib to Schuylkill River"}},{"type":"Feature","geometry":{"type":"LineString","coordinates":[[-75.18415,39.93161],[-75.18386,39.93146],[-75.1838,39.93118],[-75.18364,39.9311],[-75.18359,39.93108],[-75.18355,39.93105],[-75.18353,39.93102],[-75.18351,39.93099],[-75.1835,39.93096],[-75.18349,39.93093],[-75.18349,39.9309],[-75.18348,39.93086],[-75.18346,39.93082],[-75.18344,39.93079],[-75.18341,39.93075],[-75.18337,39.93073],[-75.18333,39.93069],[-75.1833,39.93066],[-75.18328,39.93062],[-75.18326,39.93058],[-75.18325,39.93053],[-75.1831,39.93015],[-75.18297,39.92995],[-75.18284,39.92988],[-75.18278,39.92983],[-75.18273,39.92978],[-75.18268,39.92973],[-75.18264,39.92968],[-75.1826,39.92962],[-75.18257,39.92956],[-75.18251,39.92949],[-75.18249,39.92946],[-75.18245,39.9294],[-75.18241,39.92935],[-75.18236,39.92929],[-75.1823,39.92924],[-75.18227,39.9292],[-75.18224,39.92915],[-75.18223,39.92911],[-75.18222,39.92906],[-75.18218,39.92893],[-75.18218,39.92877],[-75.18207,39.92859],[-75.18199,39.92844],[-75.18189,39.9283],[-75.18186,39.92828],[-75.18184,39.92825],[-75.18183,39.92822],[-75.18182,39.92819],[-75.18182,39.92815],[-75.18183,39.92811],[-75.18184,39.92808],[-75.18186,39.92803],[-75.18188,39.92798],[-75.18189,39.92792],[-75.18189,39.92787],[-75.18188,39.92782],[-75.18183,39.92767],[-75.18174,39.9275],[-75.18163,39.92736],[-75.18151,39.92726],[-75.18148,39.92723],[-75.18145,39.9272],[-75.18143,39.92716],[-75.18141,39.92713],[-75.18141,39.92709],[-75.18141,39.92705],[-75.18141,39.92702],[-75.18142,39.92697],[-75.18143,39.92691],[-75.18143,39.92686],[-75.18142,39.9268],[-75.18141,39.92674],[-75.18138,39.92669],[-75.18135,39.92664],[-75.18133,39.92661],[-75.18129,39.9265],[-75.18127,39.92646],[-75.18124,39.92642],[-75.18121,39.92638],[-75.18116,39.92634],[-75.18111,39.9263],[-75.18108,39.92625],[-75.18105,39.9262],[-75.18103,39.92615],[-75.18102,39.92609],[-75.18101,39.92604],[-75.18089,39.92589],[-75.18066,39.92576],[-75.18044,39.92554],[-75.18043,39.92532],[-75.18044,39.92513],[-75.18034,39.925],[-75.18025,39.92493],[-75.18022,39.92478],[-75.17992,39.92445],[-75.17989,39.92433],[-75.17986,39.9241],[-75.17965,39.92394],[-75.17954,39.92385],[-75.17918,39.92361],[-75.17912,39.9234],[-75.17891,39.92332],[-75.17885,39.9232],[-75.17869,39.92314],[-75.17845,39.92291],[-75.17826,39.92277],[-75.17805,39.92263],[-75.17804,39.92263],[-75.17781,39.92258],[-75.17761,39.92243],[-75.1774,39.92235],[-75.17728,39.92223]]},"properties":{"kind":"stream","name":"unnamed trib to Chickhansink Cre"}},{"type":"Feature","geometry":{"type":"LineString","coordinates":[[-75.16414,39.94112],[-75.16415,39.9415],[-75.16408,39.94166],[-75.16415,39.9418],[-75.16417,39.94196],[-75.16409,39.94228],[-75.16416,39.94245],[-75.16409,39.9427],[-75.16409,39.94295],[-75.16404,39.94314],[-75.16405,39.94348],[-75.16406,39.94372],[-75.16434,39.94421],[-75.16465,39.94431],[-75.16493,39.94475],[-75.16523,39.945],[-75.16532,39.9453],[-75.16568,39.94544],[-75.16609,39.94545],[-75.1663,39.94541],[-75.16646,39.9455]]},"properties":{"kind":"stream","name":"Shackaminsing Creek"}},{"type":"Feature","geometry":{"type":"LineString","coordinates":[[-75.18062,39.9849],[-75.18084,39.98468],[-75.1809,39.98446],[-75.18102,39.98438],[-75.18113,39.98429],[-75.1812,39.98419],[-75.18122,39.9841],[-75.18127,39.98396],[-75.18147,39.98382],[-75.18172,39.98371],[-75.1818,39.98366],[-75.18204,39.98353],[-75.18238,39.98308],[-75.18265,39.98293],[-75.1829,39.98267],[-75.18307,39.98238],[-75.18327,39.98221],[-75.18343,39.98196],[-75.18375,39.98172],[-75.18404,39.9816],[-75.18426,39.9814],[-75.18457,39.98123],[-75.18457,39.98123],[-75.18462,39.98117],[-75.18484,39.98085],[-75.18503,39.98044],[-75.18511,39.98033],[-75.18507,39.98011],[-75.18527,39.97984],[-75.18545,39.97955],[-75.18543,39.97929],[-75.18566,39.97901],[-75.18586,39.97876],[-75.18595,39.97853],[-75.18617,39.97836],[-75.18629,39.97821],[-75.18639,39.97815],[-75.18677,39.97788],[-75.18684,39.97773],[-75.18712,39.97754],[-75.18723,39.97732],[-75.1875,39.97724],[-75.18763,39.9771],[-75.18781,39.977],[-75.18807,39.97696],[-75.18842,39.97678],[-75.18866,39.97677],[-75.18915,39.97673],[-75.18963,39.97681],[-75.18996,39.97694],[-75.19049,39.97712]]},"properties":{"kind":"stream","name":"unnamed trib to Schuylkill River"}},{"type":"Feature","geometry":{"type":"LineString","coordinates":[[-75.1503,39.94254],[-75.15019,39.94256],[-75.15012,39.94273],[-75.15005,39.94286],[-75.14942,39.94319],[-75.14846,39.94307],[-75.14718,39.94384],[-75.14654,39.94382],[-75.14629,39.94381],[-75.1459,39.94374],[-75.14568,39.94371],[-75.14548,39.94374],[-75.14524,39.94412],[-75.14509,39.94421],[-75.14477,39.94429],[-75.14464,39.94452],[-75.14424,39.94486],[-75.14397,39.94492],[-75.14372,39.94495]]},"properties":{"kind":"stream","name":"Dock Creek"}},{"type":"Feature","geometry":{"type":"LineString","coordinates":[[-75.17312,39.94493],[-75.17353,39.94475],[-75.17381,39.94459]]},"properties":{"kind":"stream","name":"Shackaminsing Creek"}},{"type":"Feature","geometry":{"type":"LineString","coordinates":[[-75.15679,39.92091],[-75.1567,39.9207],[-75.15664,39.92063],[-75.1566,39.92059],[-75.15658,39.92056],[-75.15656,39.92051],[-75.15655,39.92047],[-75.15654,39.92043],[-75.15655,39.92039],[-75.15655,39.92036],[-75.15656,39.92033],[-75.15656,39.9203],[-75.15656,39.92026],[-75.15655,39.92023],[-75.15653,39.9202],[-75.15651,39.92018],[-75.15648,39.92015],[-75.15645,39.92011],[-75.15644,39.92007],[-75.15643,39.92003],[-75.15642,39.91999],[-75.15642,39.91995],[-75.15641,39.91976],[-75.15641,39.9197],[-75.15641,39.91965],[-75.15642,39.91959],[-75.15643,39.91954],[-75.15646,39.91949],[-75.15648,39.91944],[-75.15653,39.91936],[-75.15662,39.91925],[-75.15676,39.91919],[-75.15684,39.91913],[-75.1569,39.91906],[-75.15703,39.91901],[-75.15716,39.91893],[-75.15744,39.91858],[-75.15756,39.91846],[-75.15777,39.91828],[-75.15789,39.91822],[-75.15818,39.91813],[-75.15829,39.91798],[-75.15832,39.91776],[-75.15845,39.91762],[-75.15867,39.91752],[-75.15885,39.91733],[-75.15904,39.91725],[-75.15916,39.91712],[-75.15923,39.91695],[-75.15938,39.91684],[-75.15943,39.91666],[-75.15948,39.91649],[-75.1595,39.91635],[-75.15942,39.91616],[-75.1592,39.91602],[-75.15889,39.91589],[-75.15877,39.91584],[-75.15871,39.91571],[-75.15854,39.91552],[-75.15842,39.91533],[-75.15837,39.91516],[-75.1584,39.91494],[-75.15829,39.91477],[-75.1582,39.91463],[-75.15821,39.91447],[-75.15811,39.91427],[-75.15815,39.91406],[-75.15816,39.91386],[-75.15815,39.91367],[-75.15817,39.91326],[-75.15834,39.91279],[-75.15839,39.91266],[-75.15863,39.91242],[-75.15884,39.91216],[-75.15925,39.91192],[-75.15978,39.91147],[-75.15987,39.91136],[-75.15995,39.91124],[-75.16003,39.91113],[-75.16009,39.91101],[-75.16015,39.91088],[-75.1602,39.91076],[-75.16024,39.91063],[-75.16028,39.91051],[-75.1603,39.91038],[-75.16031,39.91032],[-75.16033,39.91026],[-75.16036,39.91021],[-75.1604,39.91015],[-75.16044,39.9101],[-75.1605,39.91006],[-75.16054,39.91003],[-75.16059,39.91],[-75.16064,39.90997],[-75.16087,39.90982],[-75.16109,39.90959],[-75.16149,39.90937],[-75.16164,39.90927],[-75.16171,39.90922],[-75.16178,39.90915],[-75.16184,39.90909],[-75.16189,39.90902],[-75.16193,39.90894],[-75.16197,39.90887],[-75.162,39.90879],[-75.16207,39.90859],[-75.16215,39.90845],[-75.16217,39.90838],[-75.16219,39.90831],[-75.16221,39.90823],[-75.16221,39.90816],[-75.16221,39.90809],[-75.1622,39.90801],[-75.16218,39.90794]]},"properties":{"kind":"stream","name":"unnamed trib to Hollanders Creek"}},{"type":"Feature","geometry":{"type":"LineString","coordinates":[[-75.13221,39.95683],[-75.13957,39.95842],[-75.14,39.95842],[-75.14106,39.95807],[-75.14131,39.95807],[-75.14147,39.95802],[-75.14195,39.95802],[-75.14206,39.95811],[-75.14227,39.9582],[-75.14244,39.95835],[-75.14256,39.95837],[-75.14274,39.95831],[-75.14281,39.95822],[-75.14293,39.9582],[-75.14383,39.9585],[-75.14408,39.95854],[-75.14456,39.95873],[-75.14501,39.95879],[-75.14537,39.95877],[-75.14558,39.95868],[-75.14635,39.95866],[-75.14693,39.95859],[-75.14728,39.95864],[-75.14766,39.95863],[-75.14854,39.95855]]},"properties":{"kind":"stream","name":"Pegg Run"}},{"type":"Feature","geometry":{"type":"LineString","coordinates":[[-75.20502,39.95244],[-75.20527,39.95248],[-75.20533,39.95249],[-75.20538,39.95249],[-75.2054,39.95249],[-75.20542,39.95248],[-75.20543,39.95248],[-75.20545,39.95246],[-75.20546,39.95245],[-75.20548,39.95245],[-75.2055,39.95245],[-75.20552,39.95246],[-75.20555,39.95247],[-75.20564,39.95252],[-75.20567,39.95253],[-75.2057,39.95254],[-75.20572,39.95255],[-75.20575,39.95255],[-75.20578,39.95255],[-75.20596,39.95254],[-75.206,39.95253],[-75.20602,39.95253],[-75.20604,39.95254],[-75.20606,39.95254],[-75.20611,39.95256],[-75.20615,39.95257],[-75.20625,39.95263],[-75.20628,39.95264],[-75.20631,39.95265],[-75.20635,39.95266],[-75.20646,39.95269],[-75.2065,39.9527],[-75.20655,39.95271],[-75.2066,39.95273],[-75.20664,39.95275],[-75.20669,39.95278]]},"properties":{"kind":"stream","name":"unnamed trib to Mill Creek"}},{"type":"Feature","geometry":{"type":"LineString","coordinates":[[-75.15593,39.94371],[-75.15639,39.94397],[-75.15666,39.94415],[-75.15695,39.94412],[-75.1574,39.94387],[-75.15799,39.94392],[-75.15861,39.94401],[-75.15889,39.94388],[-75.15937,39.9434],[-75.15979,39.94321],[-75.16046,39.94322],[-75.16058,39.94316],[-75.161,39.94268],[-75.1616,39.94242],[-75.16218,39.9419],[-75.16302,39.94171],[-75.16347,39.94141],[-75.16398,39.94126],[-75.16414,39.94112]]},"properties":{"kind":"stream","name":"Shackaminsing Creek"}},{"type":"Feature","geometry":{"type":"LineString","coordinates":[[-75.14736,39.95257],[-75.14743,39.95299],[-75.14798,39.95345],[-75.1481,39.95364],[-75.14841,39.95369],[-75.14867,39.95388]]},"properties":{"kind":"stream","name":"Dock Creek"}},{"type":"Feature","geometry":{"type":"LineString","coordinates":[[-75.15495,39.94897],[-75.15492,39.9492],[-75.15503,39.94934],[-75.15519,39.94949],[-75.15537,39.94958],[-75.15542,39.94975],[-75.15564,39.94991],[-75.15613,39.94998],[-75.15647,39.94983],[-75.15668,39.94989],[-75.15676,39.95006],[-75.15675,39.95039],[-75.15686,39.95077],[-75.15669,39.95139],[-75.15679,39.95164],[-75.15694,39.95187],[-75.15729,39.95215],[-75.15733,39.95242],[-75.15723,39.95276],[-75.15698,39.95295],[-75.15677,39.95327],[-75.15673,39.95375],[-75.15681,39.95416]]},"properties":{"kind":"stream","name":"Dock Creek"}},{"type":"Feature","geometry":{"type":"LineString","coordinates":[[-75.14854,39.95855],[-75.1488,39.9586],[-75.14998,39.95865],[-75.15101,39.95866],[-75.15192,39.95881],[-75.15291,39.95887],[-75.15354,39.95884],[-75.15441,39.95889],[-75.15489,39.9588],[-75.15581,39.95829],[-75.15679,39.95789],[-75.15744,39.95798],[-75.15791,39.95827],[-75.15839,39.95868],[-75.15862,39.95908],[-75.15873,39.96001],[-75.15875,39.96053],[-75.15883,39.96103],[-75.15899,39.96142],[-75.15926,39.96172],[-75.15945,39.96216],[-75.16004,39.9628],[-75.16018,39.96322],[-75.16025,39.96384]]},"properties":{"kind":"stream","name":"Pegg Run"}},{"type":"Feature","geometry":{"type":"LineString","coordinates":[[-75.14946,39.98922],[-75.14953,39.98918],[-75.14961,39.98913],[-75.14996,39.9889],[-75.14999,39.98888],[-75.15002,39.98885],[-75.15004,39.98883],[-75.15007,39.98878],[-75.15009,39.98876],[-75.15011,39.98874],[-75.15013,39.98873],[-75.15016,39.98872],[-75.15021,39.9887],[-75.15025,39.98869],[-75.15029,39.98869],[-75.15042,39.98867],[-75.15047,39.98866],[-75.15051,39.98865],[-75.15054,39.98864],[-75.15057,39.98863],[-75.1506,39.98861],[-75.15063,39.98859],[-75.15069,39.98855],[-75.1508,39.98846],[-75.15085,39.98843],[-75.1509,39.9884],[-75.15094,39.98837],[-75.151,39.98834],[-75.15107,39.98832],[-75.15114,39.98829],[-75.15134,39.98823],[-75.1514,39.98821],[-75.15145,39.98819],[-75.15155,39.98816],[-75.15164,39.98811],[-75.15173,39.98807],[-75.15181,39.98803],[-75.15194,39.98797],[-75.15202,39.98792],[-75.15208,39.98788],[-75.15214,39.98784],[-75.15233,39.98771],[-75.15238,39.98767],[-75.15242,39.98764],[-75.15246,39.98759],[-75.1525,39.98755],[-75.15253,39.98751],[-75.15256,39.98746]]},"properties":{"kind":"stream","name":"Cohocksink Creek, trib"}},{"type":"Feature","geometry":{"type":"LineString","coordinates":[[-75.16529,39.95822],[-75.16586,39.9584],[-75.16617,39.95859],[-75.16661,39.95877],[-75.16703,39.95886],[-75.16761,39.95883],[-75.16806,39.95888],[-75.16829,39.95894],[-75.16859,39.95883],[-75.16863,39.95861],[-75.16888,39.95849],[-75.16912,39.95834],[-75.16938,39.95779],[-75.17007,39.95726],[-75.17035,39.95701],[-75.17052,39.95673],[-75.1707,39.95641],[-75.17084,39.9563],[-75.17096,39.95618],[-75.17095,39.95618],[-75.17104,39.95592],[-75.17134,39.95586],[-75.17178,39.95586],[-75.17207,39.9558],[-75.17237,39.95562],[-75.17265,39.9554],[-75.17307,39.95517],[-75.17338,39.9551],[-75.17391,39.95509],[-75.174,39.95494],[-75.1742,39.95492],[-75.17447,39.95478],[-75.17474,39.95459],[-75.1751,39.95449],[-75.1752,39.95434],[-75.17531,39.95424],[-75.1755,39.95412],[-75.17571,39.95415],[-75.17597,39.95429],[-75.17617,39.95434],[-75.1764,39.95417],[-75.17675,39.95418],[-75.17682,39.9544],[-75.17683,39.95496],[-75.17695,39.95523],[-75.17701,39.95544],[-75.17706,39.95562],[-75.17728,39.95579],[-75.17746,39.9558],[-75.17774,39.9558],[-75.17784,39.95595],[-75.17781,39.95617],[-75.17772,39.95651],[-75.1777,39.95672],[-75.17801,39.95698],[-75.17935,39.95723]]},"properties":{"kind":"stream","name":""}},{"type":"Feature","geometry":{"type":"LineString","coordinates":[[-75.13561,39.99475],[-75.13555,39.99478],[-75.1355,39.99481],[-75.13545,39.99485],[-75.13541,39.99489],[-75.13538,39.99492],[-75.13533,39.995],[-75.1353,39.99503],[-75.13526,39.99506],[-75.13516,39.99513],[-75.13514,39.99515],[-75.13513,39.99517],[-75.13511,39.99519],[-75.1351,39.99521],[-75.13505,39.99533],[-75.13504,39.99535],[-75.13503,39.99538],[-75.13501,39.9954],[-75.13498,39.99542],[-75.13495,39.99545],[-75.13492,39.99547],[-75.13485,39.99552],[-75.1347,39.99561],[-75.13465,39.99564],[-75.13452,39.99571],[-75.13448,39.99573],[-75.13445,39.99576],[-75.13441,39.9958],[-75.13439,39.99581],[-75.13436,39.99582],[-75.13434,39.99583],[-75.13431,39.99584],[-75.13422,39.99587],[-75.1342,39.99587],[-75.13418,39.99588],[-75.13414,39.9959],[-75.1341,39.99593],[-75.13406,39.99596],[-75.13396,39.99605],[-75.13393,39.99608],[-75.1339,39.9961],[-75.13386,39.99612],[-75.13383,39.99613],[-75.1337,39.99618],[-75.13365,39.9962],[-75.13362,39.99621],[-75.13358,39.99623],[-75.13355,39.99626],[-75.13352,39.99628],[-75.13344,39.99637],[-75.13341,39.9964],[-75.13338,39.99644],[-75.13326,39.99659],[-75.13322,39.99663],[-75.13319,39.99666],[-75.13316,39.99669],[-75.13309,39.99674],[-75.13307,39.99676],[-75.13306,39.99678],[-75.13305,39.99679],[-75.13304,39.99681],[-75.13303,39.99689],[-75.13303,39.99691],[-75.13302,39.99693],[-75.13301,39.99694],[-75.133,39.99695],[-75.13298,39.99696],[-75.13292,39.997],[-75.13291,39.99701],[-75.1329,39.99702],[-75.13289,39.99704],[-75.13288,39.99709],[-75.13288,39.99711],[-75.13286,39.99714],[-75.13283,39.99719],[-75.13279,39.99725],[-75.13277,39.99727],[-75.13276,39.9973],[-75.13275,39.99737],[-75.13274,39.99739],[-75.13272,39.99741],[-75.13271,39.99743],[-75.13266,39.99748],[-75.13265,39.99749],[-75.13265,39.9975],[-75.13263,39.99758],[-75.13262,39.9976]]},"properties":{"kind":"stream","name":"Gunner's Run, trib"}},{"type":"Feature","geometry":{"type":"LineString","coordinates":[[-75.17713,39.95597],[-75.17728,39.95579]]},"properties":{"kind":"stream","name":""}},{"type":"Feature","geometry":{"type":"LineString","coordinates":[[-75.1934,39.98129],[-75.19347,39.9813],[-75.19354,39.9813],[-75.19362,39.98129],[-75.19369,39.98129],[-75.19375,39.98128],[-75.19381,39.98127],[-75.19387,39.98126],[-75.19393,39.98124],[-75.19398,39.98123],[-75.19404,39.98121],[-75.19409,39.98119],[-75.19414,39.98117],[-75.19418,39.98115],[-75.19422,39.98112],[-75.19426,39.98109],[-75.19437,39.98101],[-75.19441,39.98099],[-75.19444,39.98097],[-75.19452,39.98092],[-75.19461,39.98088],[-75.19471,39.98084],[-75.19487,39.98077],[-75.19503,39.9807],[-75.19511,39.98067],[-75.19519,39.98064],[-75.19526,39.98062],[-75.19529,39.98061],[-75.19532,39.98061],[-75.19544,39.98059],[-75.19549,39.98059],[-75.19553,39.98057],[-75.19557,39.98056],[-75.1956,39.98054],[-75.19568,39.98048],[-75.19571,39.98046],[-75.19574,39.98044],[-75.19578,39.98043],[-75.19582,39.98041],[-75.19595,39.98038],[-75.19599,39.98036],[-75.19602,39.98035],[-75.19606,39.98033],[-75.19609,39.98031],[-75.19612,39.98028],[-75.19616,39.98025],[-75.19621,39.9802],[-75.19633,39.98009],[-75.19638,39.98004],[-75.19675,39.97971],[-75.19691,39.97957],[-75.19706,39.97943],[-75.19719,39.97929],[-75.19732,39.97915],[-75.19745,39.97901],[-75.19757,39.97886],[-75.19769,39.9787]]},"properties":{"kind":"stream","name":"unnamed trib to Schuylkill River"}},{"type":"Feature","geometry":{"type":"LineString","coordinates":[[-75.17047,39.94876],[-75.17025,39.94892],[-75.17021,39.94913],[-75.17025,39.94933],[-75.17038,39.9495],[-75.17044,39.94982],[-75.17048,39.94993],[-75.17059,39.95007],[-75.17054,39.95018],[-75.17037,39.95026],[-75.17013,39.95026],[-75.16995,39.95036],[-75.16981,39.95057]]},"properties":{"kind":"stream","name":"Shackaminsing Creek"}},{"type":"Feature","geometry":{"type":"LineString","coordinates":[[-75.19373,39.92753],[-75.19376,39.92749],[-75.19378,39.92745],[-75.1938,39.92742],[-75.19382,39.92738],[-75.19383,39.92736],[-75.19383,39.92734],[-75.19382,39.92726],[-75.19382,39.92724],[-75.19383,39.92721],[-75.19384,39.92719],[-75.19386,39.92717],[-75.19392,39.92712],[-75.19393,39.9271],[-75.19394,39.92709],[-75.19395,39.92707],[-75.19395,39.92705],[-75.19396,39.92703],[-75.19396,39.92696],[-75.19396,39.92694],[-75.19397,39.92692],[-75.19398,39.9269],[-75.194,39.92688],[-75.19403,39.92686],[-75.19408,39.92681],[-75.19411,39.92679],[-75.19413,39.92677],[-75.19414,39.92675],[-75.19414,39.92674],[-75.19414,39.92671],[-75.19414,39.92669],[-75.19413,39.9266],[-75.19413,39.92658],[-75.19413,39.92655],[-75.19414,39.92654],[-75.19415,39.92653],[-75.19422,39.92646],[-75.19423,39.92644],[-75.19424,39.92642],[-75.19424,39.92641],[-75.19424,39.92639],[-75.19425,39.92631],[-75.19425,39.92629],[-75.19425,39.92628],[-75.19427,39.92626],[-75.19431,39.92621],[-75.19433,39.92619],[-75.19434,39.92617],[-75.19435,39.92614],[-75.19435,39.92606],[-75.19436,39.92603],[-75.19437,39.92601],[-75.19438,39.92599],[-75.19439,39.92597],[-75.19441,39.92596],[-75.19443,39.92594],[-75.19451,39.92589],[-75.19453,39.92587],[-75.19455,39.92585],[-75.19456,39.92583],[-75.19456,39.92581],[-75.19458,39.92572],[-75.19459,39.9257],[-75.1946,39.92569],[-75.19463,39.92564],[-75.19467,39.9256],[-75.19472,39.92555],[-75.19478,39.92551],[-75.19482,39.92548],[-75.19486,39.92546],[-75.1949,39.92543],[-75.19494,39.92542],[-75.19498,39.9254],[-75.19502,39.92539],[-75.19506,39.92538],[-75.19509,39.92537],[-75.19514,39.92537],[-75.19523,39.92537],[-75.19526,39.92537],[-75.19528,39.92536],[-75.1953,39.92536],[-75.19532,39.92535],[-75.19534,39.92533],[-75.19541,39.92528],[-75.19543,39.92527],[-75.19546,39.92526],[-75.19548,39.92526],[-75.19551,39.92526],[-75.1956,39.92525],[-75.19563,39.92525],[-75.19569,39.92525],[-75.19572,39.92525],[-75.19576,39.92524],[-75.19581,39.92523],[-75.19584,39.92522],[-75.19586,39.92521],[-75.19588,39.9252],[-75.1959,39.92518],[-75.19596,39.92511],[-75.19598,39.9251],[-75.196,39.92508],[-75.19602,39.92507],[-75.19606,39.92506],[-75.19616,39.92505],[-75.19619,39.92504],[-75.19622,39.92503],[-75.19624,39.92502],[-75.19626,39.925],[-75.19628,39.92498],[-75.19631,39.92495],[-75.19635,39.92487],[-75.19636,39.92484],[-75.19639,39.92481],[-75.1964,39.9248],[-75.19642,39.92479],[-75.19644,39.92478],[-75.19647,39.92477],[-75.1965,39.92477],[-75.19662,39.92475],[-75.19665,39.92474],[-75.19668,39.92473],[-75.1967,39.92471],[-75.19672,39.92469],[-75.19674,39.92467],[-75.19678,39.92461],[-75.19681,39.92459],[-75.19683,39.92457],[-75.19685,39.92456],[-75.19688,39.92455],[-75.1969,39.92455],[-75.19699,39.92455],[-75.19701,39.92455],[-75.19704,39.92455],[-75.19706,39.92454],[-75.19707,39.92453],[-75.19709,39.92452],[-75.19715,39.92446],[-75.19716,39.92445],[-75.19718,39.92444],[-75.19721,39.92443],[-75.19728,39.92441],[-75.19731,39.9244],[-75.19734,39.92438],[-75.19737,39.92436],[-75.19739,39.92434],[-75.19744,39.92429],[-75.19747,39.92426],[-75.1975,39.92425],[-75.19752,39.92423],[-75.19756,39.92423],[-75.1976,39.92423],[-75.19764,39.92423],[-75.19773,39.92425],[-75.19777,39.92425],[-75.19781,39.92426],[-75.19785,39.92425],[-75.19787,39.92425],[-75.1979,39.92424],[-75.19799,39.92421],[-75.19802,39.92419],[-75.19805,39.92419],[-75.19808,39.92418],[-75.1981,39.92419],[-75.19813,39.92419],[-75.19816,39.9242],[-75.19825,39.92424],[-75.19828,39.92425],[-75.19831,39.92426],[-75.19835,39.92425],[-75.1984,39.92425],[-75.19845,39.92423],[-75.19857,39.92419],[-75.19862,39.92417],[-75.19867,39.92416],[-75.19871,39.92416],[-75.19873,39.92416],[-75.19876,39.92416],[-75.19878,39.92417],[-75.1988,39.92418],[-75.19885,39.9242],[-75.19895,39.92426],[-75.19899,39.92429],[-75.19902,39.9243],[-75.19904,39.92431],[-75.19907,39.92432],[-75.19909,39.92432],[-75.19914,39.92432],[-75.19919,39.92433],[-75.19924,39.92433],[-75.19928,39.92432],[-75.1993,39.92432],[-75.19932,39.92431],[-75.19934,39.92431],[-75.19935,39.9243],[-75.19938,39.92428],[-75.19943,39.92424],[-75.19945,39.92422],[-75.19948,39.92421],[-75.19952,39.92421],[-75.19954,39.9242],[-75.19959,39.92419],[-75.1996,39.92419],[-75.19962,39.92419],[-75.19968,39.9242],[-75.1997,39.9242],[-75.19971,39.9242],[-75.19978,39.92425],[-75.19978,39.92426],[-75.19982,39.92428],[-75.19984,39.92429],[-75.19986,39.9243],[-75.1999,39.92431],[-75.19994,39.92432],[-75.19996,39.92432],[-75.19998,39.92432],[-75.20007,39.92431],[-75.20011,39.92431],[-75.20013,39.92432],[-75.20016,39.92433],[-75.20019,39.92435],[-75.20025,39.9244],[-75.20028,39.92442],[-75.2003,39.92443],[-75.20033,39.92444],[-75.20035,39.92444],[-75.20038,39.92444],[-75.20045,39.92443],[-75.20048,39.92443],[-75.20052,39.92442],[-75.20065,39.92439],[-75.20068,39.92438],[-75.20071,39.92438],[-75.20075,39.92438],[-75.20078,39.92438],[-75.2008,39.92438],[-75.20082,39.92439],[-75.2009,39.92442],[-75.20092,39.92443],[-75.20096,39.92445],[-75.201,39.92446],[-75.20104,39.92447],[-75.20108,39.92447],[-75.20112,39.92446],[-75.20116,39.92445],[-75.20119,39.92444],[-75.20123,39.92442],[-75.20128,39.9244],[-75.20132,39.92438],[-75.20137,39.92438],[-75.20142,39.92437],[-75.20147,39.92437],[-75.20151,39.92438],[-75.20155,39.92439],[-75.20159,39.9244],[-75.20163,39.92442],[-75.20168,39.92444],[-75.2018,39.9245],[-75.20185,39.92452],[-75.20195,39.92456],[-75.20198,39.92457],[-75.20201,39.92458],[-75.20206,39.92458],[-75.20208,39.92458],[-75.20211,39.92458],[-75.20214,39.92458],[-75.20217,39.92458],[-75.20219,39.92457],[-75.20231,39.92452],[-75.20234,39.92451],[-75.20237,39.9245],[-75.20253,39.92448],[-75.20269,39.92444],[-75.20275,39.92443],[-75.20278,39.92443],[-75.20286,39.92444],[-75.20288,39.92445],[-75.2029,39.92446],[-75.20292,39.92447],[-75.20296,39.92451],[-75.20298,39.92453],[-75.203,39.92454],[-75.20302,39.92455],[-75.20304,39.92455],[-75.20306,39.92455],[-75.20313,39.92454],[-75.20315,39.92453],[-75.20318,39.92453],[-75.20326,39.92452],[-75.20329,39.92451],[-75.20331,39.92452],[-75.20333,39.92452],[-75.20335,39.92453],[-75.20338,39.92456],[-75.2034,39.92457],[-75.20342,39.92457],[-75.20345,39.92458],[-75.2035,39.92457],[-75.20355,39.92456],[-75.20357,39.92455],[-75.20361,39.92454],[-75.20376,39.92444],[-75.2038,39.92443],[-75.20385,39.92443],[-75.2039,39.92442],[-75.20402,39.92442],[-75.20407,39.92442],[-75.20412,39.92441],[-75.20416,39.9244],[-75.20419,39.92438],[-75.20423,39.92436],[-75.20438,39.92426],[-75.20442,39.92424],[-75.20445,39.92422],[-75.20452,39.92419],[-75.20458,39.92416],[-75.20464,39.92415],[-75.20469,39.92413],[-75.20472,39.92413],[-75.20476,39.92412],[-75.2049,39.92412],[-75.20496,39.92411],[-75.205,39.92411],[-75.20505,39.92409],[-75.20507,39.92408],[-75.20509,39.92408],[-75.20516,39.92407],[-75.20518,39.92406],[-75.20521,39.92405],[-75.20523,39.92404],[-75.20525,39.92403],[-75.20527,39.92401],[-75.20535,39.92395],[-75.20538,39.92392],[-75.20541,39.9239],[-75.20544,39.92389],[-75.20569,39.92381],[-75.20576,39.92378],[-75.20581,39.92376],[-75.20585,39.92373],[-75.2059,39.9237],[-75.20594,39.92366],[-75.20597,39.92362],[-75.206,39.92358],[-75.20603,39.92353],[-75.20605,39.92349],[-75.20606,39.92344],[-75.20607,39.92341],[-75.20608,39.92337],[-75.20608,39.92333],[-75.20608,39.92329],[-75.20608,39.92324],[-75.20607,39.9232],[-75.20606,39.92311],[-75.20604,39.92305],[-75.20602,39.92299],[-75.20599,39.92293],[-75.20595,39.92285],[-75.20594,39.92282],[-75.20592,39.92279],[-75.20589,39.92276],[-75.20586,39.92273],[-75.2058,39.92267],[-75.20568,39.92256],[-75.20563,39.92251],[-75.20555,39.92243],[-75.20549,39.92235],[-75.20542,39.92227],[-75.20536,39.92219],[-75.20528,39.92205],[-75.2051,39.92176],[-75.20501,39.92161],[-75.20497,39.92156],[-75.20494,39.92149],[-75.20491,39.92142],[-75.20488,39.92134],[-75.20483,39.92119],[-75.20476,39.92091],[-75.20473,39.92081]]},"properties":{"kind":"stream","name":"unnamed trib to Schuylkill River"}},{"type":"Feature","geometry":{"type":"LineString","coordinates":[[-75.16405,39.99253],[-75.16406,39.99247],[-75.16407,39.99241],[-75.16408,39.99239],[-75.16409,39.99238],[-75.16414,39.9923],[-75.16415,39.99228],[-75.16415,39.99226],[-75.16415,39.99224],[-75.16415,39.99222],[-75.16413,39.99215],[-75.16413,39.99212],[-75.16413,39.99208],[-75.16414,39.99204],[-75.16416,39.99199],[-75.16419,39.99192],[-75.16423,39.99185],[-75.16424,39.99182],[-75.16424,39.99174],[-75.16425,39.99171],[-75.16427,39.99166],[-75.16432,39.99157],[-75.16435,39.99152],[-75.16436,39.9915],[-75.16436,39.99148],[-75.16437,39.99146],[-75.16436,39.9914],[-75.16437,39.99138],[-75.16437,39.99135],[-75.16438,39.99134],[-75.1644,39.99132],[-75.16444,39.99129],[-75.16453,39.99123],[-75.16456,39.99121],[-75.16458,39.99118],[-75.16464,39.99111],[-75.16467,39.99108],[-75.16471,39.99106],[-75.16485,39.99097],[-75.16488,39.99095],[-75.16497,39.99092],[-75.16499,39.99091],[-75.165,39.99089],[-75.16503,39.99087],[-75.16505,39.99086],[-75.16506,39.99084],[-75.16507,39.99082],[-75.16508,39.9908],[-75.16509,39.99075],[-75.16509,39.99073],[-75.16511,39.9907],[-75.16514,39.99068],[-75.16517,39.99066],[-75.1652,39.99064],[-75.16524,39.99064],[-75.16527,39.99064],[-75.16531,39.99063],[-75.16535,39.99062],[-75.16536,39.99061],[-75.16542,39.99058],[-75.16547,39.99054],[-75.16564,39.99045]]},"properties":{"kind":"stream","name":"Cohocksink Creek, trib"}},{"type":"Feature","geometry":{"type":"LineString","coordinates":[[-75.12405,40.00434],[-75.12405,40.00433],[-75.12403,40.00429],[-75.12402,40.00425],[-75.124,40.0042],[-75.12399,40.00415],[-75.12399,40.0041],[-75.12398,40.00403],[-75.12398,40.00386],[-75.12398,40.0038],[-75.124,40.00366],[-75.124,40.00363],[-75.124,40.0036],[-75.12399,40.0033],[-75.12399,40.00323],[-75.12398,40.00317],[-75.12398,40.00311],[-75.12398,40.00311],[-75.12398,40.0031],[-75.12398,40.00309],[-75.12398,40.00305],[-75.12397,40.00289],[-75.12397,40.00287],[-75.12396,40.00284],[-75.12394,40.00282],[-75.1239,40.00275],[-75.12389,40.00273],[-75.12388,40.00271],[-75.12387,40.00269],[-75.12387,40.00266],[-75.12388,40.00263],[-75.12389,40.00253],[-75.12389,40.0025],[-75.12388,40.00247],[-75.12387,40.00243],[-75.12382,40.00234],[-75.1238,40.00229],[-75.12379,40.00226],[-75.12379,40.00224],[-75.12379,40.00217],[-75.12379,40.00212],[-75.1238,40.00198],[-75.12381,40.00192],[-75.12381,40.00184],[-75.12381,40.00166],[-75.12381,40.00159],[-75.12381,40.0015],[-75.12383,40.00142],[-75.12383,40.0014],[-75.12383,40.00139],[-75.12382,40.00137],[-75.12382,40.00136],[-75.1238,40.00133],[-75.12374,40.00127],[-75.12372,40.00124],[-75.12369,40.00118],[-75.12367,40.00112],[-75.12359,40.00089],[-75.12355,40.00075],[-75.12354,40.00071],[-75.12352,40.00068],[-75.1235,40.00066],[-75.12348,40.00065],[-75.12339,40.00059],[-75.12337,40.00058],[-75.12335,40.00056],[-75.12333,40.00054],[-75.12333,40.00052],[-75.12332,40.00051],[-75.12332,40.00048],[-75.12332,40.00046],[-75.12332,40.00042],[-75.12335,40.00029],[-75.12335,40.00026],[-75.12335,40.00023],[-75.12334,40.00019],[-75.12332,40.00011],[-75.12331,40.00007],[-75.12331,40.00004],[-75.12332,40],[-75.12335,39.99989],[-75.12336,39.99986],[-75.12338,39.99976],[-75.12341,39.99952],[-75.12343,39.99941],[-75.12357,39.99901],[-75.12362,39.9989],[-75.12366,39.99881],[-75.1237,39.99871],[-75.12374,39.99864],[-75.12378,39.99857],[-75.12382,39.99852],[-75.12386,39.99847],[-75.12392,39.99842],[-75.12412,39.99824],[-75.12421,39.99817],[-75.12424,39.99813],[-75.12426,39.99811],[-75.12427,39.99809],[-75.12433,39.99798],[-75.12434,39.99796],[-75.12436,39.99794],[-75.12439,39.99791],[-75.12443,39.99788],[-75.12448,39.99785],[-75.1246,39.99779],[-75.12465,39.99776],[-75.1247,39.99773],[-75.12472,39.99771],[-75.12474,39.99769],[-75.12477,39.99765],[-75.12482,39.99756],[-75.12485,39.99753],[-75.12488,39.9975],[-75.12491,39.99747],[-75.12504,39.99739],[-75.12509,39.99735],[-75.12516,39.9973],[-75.12529,39.99716],[-75.12532,39.99713],[-75.12535,39.99711],[-75.12539,39.99708],[-75.12543,39.99706],[-75.12559,39.99697],[-75.12564,39.99694],[-75.12569,39.99691],[-75.12573,39.99688],[-75.12575,39.99686],[-75.12577,39.99683],[-75.12585,39.99672],[-75.12588,39.99669],[-75.1259,39.99667],[-75.12592,39.99665],[-75.12596,39.99664],[-75.12599,39.99662],[-75.12611,39.99656],[-75.12614,39.99655],[-75.12617,39.99653],[-75.12621,39.99649],[-75.12629,39.99641],[-75.12631,39.99639],[-75.12633,39.99637],[-75.12636,39.99635],[-75.1264,39.99634],[-75.12644,39.99633],[-75.12653,39.99631],[-75.12658,39.9963],[-75.12661,39.99629],[-75.12664,39.99627],[-75.12666,39.99626],[-75.12667,39.99624],[-75.12673,39.99616],[-75.12674,39.99615],[-75.12676,39.99614],[-75.12679,39.99612],[-75.12688,39.99609],[-75.12691,39.99607],[-75.12694,39.99606],[-75.12696,39.99604],[-75.12704,39.99597],[-75.12709,39.99591],[-75.12714,39.99586],[-75.12717,39.99581],[-75.12724,39.99569],[-75.12728,39.99564]]},"properties":{"kind":"stream","name":"Gunner's Run, trib"}},{"type":"Feature","geometry":{"type":"LineString","coordinates":[[-75.1393,39.9888],[-75.13925,39.98875],[-75.13921,39.98869],[-75.13915,39.98864],[-75.1391,39.98859],[-75.13905,39.98854],[-75.13899,39.9885],[-75.13893,39.98845],[-75.13886,39.98841],[-75.13881,39.98838],[-75.1387,39.98832],[-75.13865,39.98829],[-75.13861,39.98826],[-75.13853,39.98819],[-75.1385,39.98816],[-75.13847,39.98814],[-75.13843,39.98812],[-75.13841,39.98811],[-75.13838,39.9881],[-75.13824,39.98807],[-75.13821,39.98806],[-75.13819,39.98805],[-75.13817,39.98804],[-75.13814,39.98802],[-75.13811,39.988],[-75.13808,39.98798],[-75.13804,39.98793],[-75.13793,39.98781],[-75.13786,39.98773],[-75.13784,39.98771],[-75.13782,39.9877],[-75.13779,39.98769],[-75.13777,39.98768],[-75.13773,39.98768],[-75.13765,39.98767],[-75.13762,39.98766],[-75.1376,39.98766],[-75.13756,39.98764],[-75.13751,39.98762],[-75.13734,39.98752],[-75.13706,39.98738],[-75.13699,39.98734],[-75.13693,39.9873],[-75.1369,39.98728],[-75.13686,39.98725],[-75.13674,39.98715],[-75.13669,39.98711],[-75.13664,39.98708],[-75.13659,39.98705],[-75.13652,39.98702],[-75.13636,39.98697],[-75.13625,39.98693],[-75.13619,39.9869],[-75.13615,39.98688],[-75.13612,39.98686],[-75.13608,39.98683],[-75.13601,39.98676],[-75.13598,39.98673],[-75.13594,39.9867],[-75.1359,39.98668],[-75.13581,39.98664],[-75.13559,39.98655],[-75.13551,39.98651],[-75.13539,39.98645],[-75.13532,39.98641],[-75.13529,39.98639],[-75.13527,39.98637],[-75.13526,39.98635],[-75.13525,39.98634],[-75.13524,39.98628],[-75.13524,39.98625],[-75.13524,39.98624],[-75.13524,39.9862],[-75.13525,39.98615],[-75.13525,39.98611],[-75.13526,39.98608],[-75.13527,39.98604],[-75.13531,39.98595],[-75.13532,39.98592],[-75.13533,39.98589],[-75.13534,39.98584],[-75.13536,39.98574],[-75.13537,39.9857],[-75.13537,39.98567],[-75.13537,39.98565],[-75.13537,39.98562],[-75.13536,39.9856],[-75.13534,39.98553],[-75.13533,39.98547],[-75.1353,39.98542],[-75.13528,39.98538],[-75.13527,39.98536],[-75.13524,39.98529],[-75.13522,39.98526],[-75.1352,39.98524],[-75.13519,39.98522],[-75.13517,39.9852],[-75.13515,39.98518],[-75.13501,39.9851],[-75.13493,39.98506],[-75.13488,39.98503],[-75.13486,39.98503],[-75.13485,39.98503],[-75.13476,39.98499],[-75.13474,39.98497],[-75.13471,39.98497],[-75.13469,39.98496],[-75.13466,39.98496],[-75.13461,39.98497],[-75.13452,39.98499],[-75.13448,39.98499],[-75.13444,39.985],[-75.13441,39.985],[-75.13437,39.98499],[-75.13433,39.98498],[-75.13421,39.98495],[-75.13416,39.98494],[-75.13412,39.98493],[-75.13408,39.98493],[-75.13403,39.98493],[-75.13397,39.98494],[-75.13393,39.98494],[-75.13389,39.98495],[-75.13385,39.98497],[-75.13376,39.98501],[-75.13372,39.98502],[-75.13367,39.98504],[-75.13365,39.98504],[-75.13363,39.98504],[-75.13359,39.98503],[-75.13355,39.98503],[-75.1335,39.98501],[-75.13345,39.985],[-75.13341,39.98498],[-75.13332,39.98493],[-75.1333,39.98492],[-75.13327,39.98491],[-75.13324,39.98491],[-75.13321,39.98492],[-75.13318,39.98493],[-75.13309,39.98495],[-75.13306,39.98496],[-75.13303,39.98496],[-75.13296,39.98496],[-75.13292,39.98496],[-75.13289,39.98495],[-75.13287,39.98495],[-75.13284,39.98494],[-75.13274,39.9849],[-75.13271,39.98489],[-75.13269,39.98488],[-75.13267,39.98488],[-75.13266,39.98488],[-75.13262,39.98489],[-75.13257,39.98491],[-75.13246,39.98495],[-75.13242,39.98496],[-75.13239,39.98497],[-75.13233,39.98497],[-75.13229,39.98497],[-75.13225,39.98497],[-75.13221,39.98496],[-75.13218,39.98495],[-75.13214,39.98494],[-75.13211,39.98492],[-75.13203,39.98487],[-75.132,39.98485],[-75.13196,39.98484],[-75.13193,39.98483],[-75.1319,39.98483],[-75.13186,39.98484],[-75.13183,39.98485],[-75.13175,39.98488],[-75.13171,39.98489],[-75.13168,39.98489],[-75.13165,39.98489],[-75.13162,39.98488],[-75.13161,39.98487],[-75.13159,39.98485],[-75.13157,39.98481],[-75.13155,39.98479],[-75.13154,39.98477],[-75.13151,39.98476],[-75.13148,39.98475],[-75.13139,39.98474],[-75.13137,39.98473],[-75.13135,39.98472],[-75.13133,39.98471],[-75.13131,39.9847],[-75.1313,39.98468],[-75.13128,39.98464],[-75.13126,39.98462],[-75.13125,39.98461],[-75.13123,39.9846],[-75.13121,39.98459],[-75.13118,39.98459],[-75.13115,39.98459],[-75.13107,39.9846],[-75.13104,39.9846],[-75.13101,39.9846],[-75.13098,39.98459],[-75.13097,39.98458],[-75.13095,39.98458],[-75.13093,39.98456],[-75.13091,39.98453],[-75.13087,39.98448],[-75.13086,39.98445],[-75.13083,39.98443],[-75.13081,39.98441],[-75.13078,39.9844],[-75.13076,39.98439],[-75.13073,39.98439],[-75.13068,39.98438],[-75.13066,39.98438],[-75.13063,39.98437],[-75.1306,39.98436],[-75.13058,39.98434],[-75.13055,39.98432],[-75.13053,39.98429],[-75.13049,39.98423],[-75.13047,39.9842],[-75.13044,39.98417],[-75.13042,39.98415],[-75.13038,39.98414],[-75.13036,39.98413],[-75.13034,39.98412],[-75.1303,39.98412],[-75.13026,39.98411],[-75.1302,39.98408],[-75.13013,39.98404],[-75.13006,39.984],[-75.13003,39.98397],[-75.13002,39.98396],[-75.13001,39.98396],[-75.12998,39.98395],[-75.12995,39.98395],[-75.12986,39.98395],[-75.12984,39.98395],[-75.12978,39.98394],[-75.12966,39.9839],[-75.12962,39.98389],[-75.12959,39.98389],[-75.12954,39.98389],[-75.12943,39.98389],[-75.12938,39.98389],[-75.12932,39.98388],[-75.12927,39.98386],[-75.12923,39.98385],[-75.12919,39.98384],[-75.12916,39.98382],[-75.12914,39.98379],[-75.12912,39.98377],[-75.12907,39.9837],[-75.12904,39.98366],[-75.129,39.98362],[-75.12895,39.98358],[-75.1289,39.98355],[-75.12885,39.98351],[-75.12878,39.98347],[-75.12871,39.98343],[-75.12863,39.98339],[-75.12854,39.98335],[-75.1285,39.98334],[-75.1284,39.9833],[-75.12837,39.98329],[-75.12834,39.98328],[-75.12831,39.98326],[-75.12828,39.98324],[-75.12819,39.98315],[-75.12816,39.98311],[-75.12812,39.98309],[-75.12802,39.98303],[-75.12799,39.983],[-75.12795,39.98296],[-75.12789,39.98289],[-75.12786,39.98286],[-75.12783,39.98284],[-75.12781,39.98282],[-75.12776,39.9828],[-75.12771,39.98278],[-75.12765,39.98276],[-75.12758,39.98274],[-75.12755,39.98274],[-75.12753,39.98274],[-75.1275,39.98274],[-75.12748,39.98274],[-75.12743,39.98275],[-75.12732,39.98277],[-75.12727,39.98278],[-75.12722,39.98279],[-75.12717,39.98281],[-75.12711,39.98283],[-75.12702,39.98286],[-75.127,39.98287],[-75.12698,39.98289],[-75.12693,39.98293],[-75.12686,39.983],[-75.1268,39.98308],[-75.12675,39.98313],[-75.12672,39.98317],[-75.12668,39.98321],[-75.1266,39.98331],[-75.12657,39.98335],[-75.12653,39.98338],[-75.1265,39.98341],[-75.12647,39.98343],[-75.12643,39.98345],[-75.12631,39.9835],[-75.12628,39.98352],[-75.12625,39.98354],[-75.12622,39.98356],[-75.12619,39.98358],[-75.12617,39.9836],[-75.12615,39.98363],[-75.12608,39.98373],[-75.12605,39.98375],[-75.12603,39.98378],[-75.12598,39.98381],[-75.12585,39.98389],[-75.12582,39.98391],[-75.1258,39.98393],[-75.12577,39.98396],[-75.12574,39.98399],[-75.12572,39.98403],[-75.12566,39.98412],[-75.12563,39.98417],[-75.12559,39.9842],[-75.12558,39.98422],[-75.12556,39.98423],[-75.12552,39.98426],[-75.12549,39.98427],[-75.12546,39.98429],[-75.12543,39.9843],[-75.12532,39.98433],[-75.12525,39.98435],[-75.12519,39.98436],[-75.12516,39.98437],[-75.12514,39.98437],[-75.12508,39.98436],[-75.12501,39.98435],[-75.12494,39.98434],[-75.12486,39.98432],[-75.12477,39.9843],[-75.12469,39.98428],[-75.12461,39.98425],[-75.12454,39.98422],[-75.12449,39.98421],[-75.12435,39.98415],[-75.12432,39.98414],[-75.12429,39.98413],[-75.12425,39.98412],[-75.12421,39.98413],[-75.12417,39.98414],[-75.12409,39.98416],[-75.12405,39.98417],[-75.12401,39.98418],[-75.12397,39.98417],[-75.12394,39.98417],[-75.12391,39.98416],[-75.12377,39.98412],[-75.12375,39.98411],[-75.12372,39.98411],[-75.12368,39.98411],[-75.12364,39.98411],[-75.12358,39.98412],[-75.12346,39.98415],[-75.12341,39.98416],[-75.12336,39.98417],[-75.12332,39.98417],[-75.12328,39.98417],[-75.12324,39.98415],[-75.12319,39.98413],[-75.1231,39.98409],[-75.12306,39.98407],[-75.12302,39.98405],[-75.12298,39.98404],[-75.12291,39.98404],[-75.12271,39.98403],[-75.12263,39.98402],[-75.12252,39.98401],[-75.12242,39.98398],[-75.12231,39.98395],[-75.12221,39.98392],[-75.12211,39.98388],[-75.122,39.98383],[-75.12189,39.98378],[-75.12163,39.98366],[-75.12156,39.98362],[-75.1214,39.98354],[-75.12133,39.9835],[-75.12128,39.98348],[-75.12122,39.98346],[-75.12116,39.98345],[-75.12102,39.98341],[-75.12095,39.98339],[-75.12088,39.98337],[-75.12083,39.98334],[-75.12079,39.98332],[-75.12075,39.98329],[-75.12071,39.98325],[-75.12061,39.98315],[-75.12057,39.98313],[-75.12054,39.9831],[-75.1205,39.98308],[-75.12045,39.98305],[-75.12027,39.98297],[-75.12021,39.98294],[-75.12016,39.98291],[-75.12012,39.98288],[-75.12008,39.98285],[-75.12005,39.98282],[-75.12001,39.98279],[-75.11998,39.98275],[-75.11992,39.98267],[-75.11985,39.98259],[-75.11983,39.98255],[-75.11981,39.98251],[-75.11979,39.98246],[-75.11978,39.98241],[-75.11975,39.98232],[-75.1197,39.98212],[-75.11968,39.98202],[-75.11964,39.98192],[-75.11962,39.98186],[-75.1196,39.98184],[-75.11958,39.98181],[-75.11949,39.98172],[-75.11947,39.98169],[-75.11945,39.98167],[-75.11943,39.98164],[-75.11942,39.98162],[-75.11941,39.98159],[-75.11941,39.98157],[-75.11941,39.98154],[-75.11941,39.98148],[-75.11941,39.98135],[-75.11941,39.9813],[-75.11939,39.98112],[-75.11939,39.98107],[-75.11939,39.98103],[-75.1194,39.98094],[-75.11941,39.98091],[-75.11942,39.98089],[-75.11943,39.98087],[-75.11943,39.98086],[-75.11944,39.98084],[-75.11944,39.98082],[-75.11943,39.98081],[-75.11943,39.98078],[-75.1194,39.98071],[-75.11939,39.98068],[-75.11934,39.98052],[-75.11931,39.98042],[-75.11928,39.98033],[-75.11926,39.98029],[-75.11924,39.98026],[-75.11922,39.98022],[-75.11921,39.98021],[-75.11919,39.98019],[-75.1191,39.98012],[-75.11908,39.9801],[-75.11906,39.98009],[-75.11903,39.98005],[-75.11901,39.98],[-75.11899,39.97995],[-75.11896,39.97985],[-75.11894,39.9798],[-75.11893,39.97969],[-75.11892,39.97965],[-75.1189,39.9796],[-75.11889,39.97958],[-75.11888,39.97957],[-75.11886,39.97955],[-75.11884,39.97953],[-75.11881,39.97951],[-75.11879,39.97949],[-75.11872,39.97945],[-75.11863,39.9794],[-75.11855,39.97936],[-75.11848,39.97933],[-75.1184,39.97931],[-75.11832,39.97929],[-75.11823,39.97927],[-75.11814,39.97926],[-75.11805,39.97925],[-75.11796,39.97925]]},"properties":{"kind":"stream","name":"Gunner's Run, trib"}},{"type":"Feature","geometry":{"type":"LineString","coordinates":[[-75.16545,39.92042],[-75.16544,39.92036],[-75.16544,39.9203],[-75.16544,39.92024],[-75.16545,39.92018],[-75.16546,39.92008],[-75.16547,39.91998],[-75.16547,39.91996],[-75.16547,39.91993],[-75.16546,39.91991],[-75.16543,39.91986],[-75.16541,39.91984],[-75.16541,39.91981],[-75.1654,39.91978],[-75.16541,39.91976],[-75.16541,39.91974],[-75.16544,39.91966],[-75.16545,39.91962],[-75.16546,39.91953],[-75.16546,39.91942],[-75.16544,39.9192],[-75.16544,39.91915],[-75.16545,39.9191],[-75.16548,39.91897],[-75.16549,39.91891],[-75.16549,39.91889],[-75.16549,39.91886],[-75.16547,39.91879],[-75.16546,39.91877],[-75.16546,39.91874],[-75.16546,39.91872],[-75.16547,39.9187],[-75.16548,39.91868],[-75.16553,39.91859],[-75.16554,39.91857],[-75.16554,39.91855],[-75.16555,39.9185],[-75.16555,39.91838],[-75.16555,39.91834],[-75.16556,39.91832],[-75.16557,39.91829],[-75.16559,39.91826],[-75.16564,39.9182],[-75.16566,39.91818],[-75.16568,39.91815],[-75.16568,39.91812],[-75.16569,39.91809],[-75.16569,39.91806],[-75.16567,39.91792],[-75.16567,39.9179],[-75.16568,39.91787],[-75.16568,39.91785],[-75.16569,39.91783],[-75.16571,39.9178],[-75.16576,39.91773],[-75.16577,39.9177],[-75.16578,39.91768],[-75.16579,39.91766],[-75.16579,39.91762],[-75.16578,39.91749],[-75.16578,39.91746],[-75.16579,39.91743],[-75.1658,39.91733],[-75.16581,39.9173],[-75.16582,39.91727],[-75.16584,39.91725],[-75.16586,39.91722],[-75.16589,39.9172],[-75.16596,39.91716],[-75.16599,39.91714],[-75.16602,39.91712],[-75.16604,39.91709],[-75.16607,39.91703],[-75.16609,39.917],[-75.1661,39.91697],[-75.16611,39.91694],[-75.16612,39.91682],[-75.16614,39.91676],[-75.16616,39.91663],[-75.16617,39.9166],[-75.16618,39.91657],[-75.1662,39.91655],[-75.16622,39.91653],[-75.16625,39.91651],[-75.16631,39.91648],[-75.16633,39.91645],[-75.16635,39.91643],[-75.16637,39.91641],[-75.16638,39.91637],[-75.1664,39.91631],[-75.16641,39.91627],[-75.16641,39.91623],[-75.16641,39.91621],[-75.1664,39.91618],[-75.16637,39.9161],[-75.16636,39.91607],[-75.16636,39.91604],[-75.16636,39.91601],[-75.16637,39.91599],[-75.16639,39.91596],[-75.16645,39.91587],[-75.16663,39.91568],[-75.16673,39.91559],[-75.16674,39.91556],[-75.16675,39.91553],[-75.16677,39.91539],[-75.16677,39.91535],[-75.16679,39.91532],[-75.16681,39.91528],[-75.16684,39.91525],[-75.16691,39.91518],[-75.16694,39.91514],[-75.16696,39.91511],[-75.16697,39.91508],[-75.16698,39.91503],[-75.16698,39.91493],[-75.16698,39.91489],[-75.16698,39.91482],[-75.16698,39.91479],[-75.16698,39.91475],[-75.16699,39.91472],[-75.16701,39.91464],[-75.16702,39.91461],[-75.16703,39.91459],[-75.16705,39.91456],[-75.16707,39.91453],[-75.16714,39.91445],[-75.16718,39.91441],[-75.16728,39.91433],[-75.16732,39.91429],[-75.16734,39.91427],[-75.16736,39.91424],[-75.16742,39.91413],[-75.16743,39.91411],[-75.16745,39.91409],[-75.16748,39.91406],[-75.16751,39.91404],[-75.16755,39.91401],[-75.16758,39.91399],[-75.16761,39.91397],[-75.16769,39.91395],[-75.16772,39.91393],[-75.16775,39.91391],[-75.16778,39.91388],[-75.16781,39.91385],[-75.16785,39.91379],[-75.16787,39.91376],[-75.16791,39.9137],[-75.16793,39.91367],[-75.16797,39.91363],[-75.16802,39.91358],[-75.16807,39.91355],[-75.16812,39.91352],[-75.16814,39.9135],[-75.16817,39.91349],[-75.1683,39.91345],[-75.16833,39.91344],[-75.16836,39.91343],[-75.1684,39.9134],[-75.16844,39.91337],[-75.16847,39.91334],[-75.16855,39.91326],[-75.16859,39.91322],[-75.16863,39.91319],[-75.16867,39.91317],[-75.1687,39.91316],[-75.16877,39.91312],[-75.16879,39.91311],[-75.16883,39.9131],[-75.16887,39.91309],[-75.16909,39.91308],[-75.16915,39.91307],[-75.16918,39.91307],[-75.16921,39.91305],[-75.16925,39.91304],[-75.16934,39.91299],[-75.16937,39.91298],[-75.1694,39.91297],[-75.16943,39.91296],[-75.16947,39.91296],[-75.16951,39.91296],[-75.16962,39.91297],[-75.16966,39.91297],[-75.16969,39.91297],[-75.16982,39.91295],[-75.16988,39.91294],[-75.16991,39.91293],[-75.16994,39.91292],[-75.17,39.91289],[-75.17011,39.91283],[-75.17015,39.91281],[-75.17018,39.91279],[-75.1702,39.91277],[-75.17022,39.91275],[-75.17028,39.91266],[-75.17031,39.91263],[-75.17033,39.91261],[-75.17036,39.91259],[-75.17041,39.91257],[-75.17053,39.91253],[-75.17057,39.91251],[-75.17064,39.91248],[-75.17068,39.91245],[-75.17072,39.91241],[-75.17076,39.91237],[-75.17077,39.91235],[-75.17078,39.91233],[-75.17082,39.91224],[-75.17083,39.91222],[-75.17084,39.9122],[-75.17113,39.912],[-75.17114,39.91198],[-75.17115,39.91195],[-75.17117,39.91189],[-75.17118,39.91184],[-75.17118,39.91181],[-75.17118,39.91179]]},"properties":{"kind":"stream","name":"unnamed trib to Chickhansink Cre"}},{"type":"Feature","geometry":{"type":"LineString","coordinates":[[-75.15333,39.91711],[-75.15329,39.91715],[-75.15324,39.9172],[-75.15317,39.91725],[-75.15311,39.91729],[-75.15308,39.91731],[-75.15306,39.91732],[-75.15299,39.91735],[-75.15292,39.91737],[-75.15283,39.91739],[-75.15278,39.91739],[-75.15272,39.9174],[-75.15252,39.9174],[-75.15243,39.9174],[-75.15233,39.91741],[-75.15223,39.91742],[-75.15214,39.91743],[-75.15205,39.91746],[-75.15196,39.91749],[-75.15187,39.91752],[-75.15179,39.91756],[-75.15171,39.91761],[-75.15164,39.91766],[-75.15154,39.91772],[-75.15142,39.91777],[-75.15131,39.91782],[-75.15119,39.91786],[-75.15106,39.9179],[-75.15094,39.91794],[-75.15081,39.91796],[-75.1507,39.91801],[-75.15058,39.91806],[-75.15048,39.91811],[-75.15037,39.91817],[-75.15031,39.91823],[-75.15024,39.91828],[-75.15016,39.91833],[-75.15008,39.91837],[-75.15,39.91841],[-75.14991,39.91845],[-75.1498,39.91848],[-75.14968,39.91852],[-75.14957,39.91857],[-75.14946,39.91863],[-75.14936,39.91869],[-75.14927,39.91875],[-75.14918,39.91882],[-75.14902,39.91891],[-75.14898,39.91893],[-75.14894,39.91894],[-75.14887,39.91897],[-75.1488,39.919],[-75.14874,39.91902],[-75.14867,39.91904],[-75.1486,39.91905],[-75.14845,39.91908],[-75.14839,39.91909],[-75.14834,39.91911],[-75.14829,39.91913],[-75.14809,39.91922],[-75.14804,39.91924],[-75.148,39.91926],[-75.14784,39.9193],[-75.14777,39.91933],[-75.14769,39.91934],[-75.14762,39.91936],[-75.14755,39.91938],[-75.14748,39.91939],[-75.14741,39.9194],[-75.14735,39.9194],[-75.14721,39.91941],[-75.14714,39.91942],[-75.14707,39.91943],[-75.147,39.91945],[-75.14694,39.91947],[-75.14689,39.91948],[-75.14686,39.9195],[-75.14679,39.91954],[-75.14676,39.91955],[-75.14672,39.91956],[-75.14664,39.91958],[-75.14662,39.91959],[-75.1466,39.9196],[-75.14648,39.91966],[-75.14642,39.91969],[-75.14637,39.91972],[-75.14635,39.91973],[-75.14634,39.91974],[-75.14633,39.91977],[-75.14631,39.91983],[-75.14629,39.91986],[-75.14627,39.91988],[-75.14625,39.9199],[-75.14622,39.91992],[-75.14619,39.91994],[-75.14616,39.91995],[-75.14614,39.91996],[-75.14602,39.91999],[-75.14599,39.92],[-75.14597,39.92001],[-75.14594,39.92002],[-75.14591,39.92004],[-75.14583,39.92011],[-75.1458,39.92013],[-75.14578,39.92015],[-75.14575,39.92016],[-75.14571,39.92017],[-75.14562,39.92019],[-75.14558,39.9202],[-75.14555,39.92021],[-75.14551,39.92023],[-75.14548,39.92025],[-75.14542,39.9203],[-75.14538,39.92033],[-75.14535,39.92034],[-75.14532,39.92035],[-75.14527,39.92037],[-75.14507,39.92041],[-75.14501,39.92043],[-75.14499,39.92043],[-75.14492,39.92048],[-75.14488,39.92051],[-75.14483,39.92053],[-75.14479,39.92054],[-75.14474,39.92055],[-75.14469,39.92056],[-75.14463,39.92057],[-75.1445,39.92058],[-75.14448,39.92058],[-75.14447,39.92059],[-75.14432,39.92072],[-75.14405,39.92075],[-75.14377,39.92088],[-75.14332,39.92095],[-75.14299,39.92095],[-75.14265,39.92098],[-75.14213,39.92102],[-75.14187,39.921],[-75.14146,39.92103],[-75.1411,39.921],[-75.14083,39.92106],[-75.14043,39.92103],[-75.14004,39.92118],[-75.13359,39.9216]]},"properties":{"kind":"stream","name":"unnamed trib to Delaware River"}},{"type":"Feature","geometry":{"type":"LineString","coordinates":[[-75.16806,39.99885],[-75.16808,39.99884],[-75.1681,39.99883],[-75.16812,39.99881],[-75.16813,39.99879],[-75.16816,39.99874],[-75.1682,39.99867],[-75.1682,39.99864],[-75.16821,39.99862],[-75.1682,39.99851],[-75.1682,39.99847],[-75.16821,39.99845],[-75.16821,39.99843],[-75.16823,39.99841],[-75.16825,39.99839],[-75.16834,39.99831],[-75.16837,39.99828],[-75.16839,39.99826],[-75.1684,39.99824],[-75.1684,39.9982],[-75.16841,39.99813],[-75.16841,39.9981],[-75.16842,39.99807],[-75.16843,39.99805],[-75.16846,39.99801],[-75.1685,39.99797],[-75.16855,39.99793],[-75.16863,39.99788],[-75.16869,39.99784],[-75.16881,39.99778],[-75.16884,39.99776],[-75.16887,39.99774],[-75.1689,39.99772],[-75.16892,39.99768],[-75.16895,39.99765],[-75.169,39.99757],[-75.16903,39.99753],[-75.16906,39.9975],[-75.16909,39.99748],[-75.16913,39.99746],[-75.16917,39.99745],[-75.16922,39.99744],[-75.16933,39.99743],[-75.16938,39.99742],[-75.16942,39.9974],[-75.16943,39.9974],[-75.16945,39.99739],[-75.16947,39.99737],[-75.16948,39.99735],[-75.16953,39.99729],[-75.16954,39.99727],[-75.16956,39.99725],[-75.16957,39.99724],[-75.16959,39.99722],[-75.16962,39.99721],[-75.16965,39.9972],[-75.16975,39.99718],[-75.16978,39.99717],[-75.1698,39.99715],[-75.16983,39.99713],[-75.1699,39.99707],[-75.16992,39.99705],[-75.16993,39.99704],[-75.16995,39.99704],[-75.16998,39.99703],[-75.17009,39.99702],[-75.17012,39.99701],[-75.17014,39.99701],[-75.17016,39.99699],[-75.17018,39.99698],[-75.17021,39.99696],[-75.17027,39.9969],[-75.17029,39.99688],[-75.17031,39.99687],[-75.17033,39.99686],[-75.17036,39.99685],[-75.17047,39.99682],[-75.17049,39.99681],[-75.17051,39.9968],[-75.17053,39.99679],[-75.17055,39.99677],[-75.17057,39.99675],[-75.17062,39.99668],[-75.17064,39.99666],[-75.17066,39.99664],[-75.17068,39.99663],[-75.17071,39.99661],[-75.17084,39.99655],[-75.17089,39.99653],[-75.17092,39.9965],[-75.17098,39.99645],[-75.17101,39.99643],[-75.17104,39.99641],[-75.17108,39.99639],[-75.17122,39.99634],[-75.17126,39.99632],[-75.1713,39.9963],[-75.17133,39.99628],[-75.17134,39.99626],[-75.17136,39.99624],[-75.17137,39.99622],[-75.17138,39.9962],[-75.1714,39.99616],[-75.17142,39.99607],[-75.17143,39.99603],[-75.17145,39.99599],[-75.17147,39.99596],[-75.17149,39.99593],[-75.17152,39.99591],[-75.17155,39.99589],[-75.17162,39.99585],[-75.17165,39.99583],[-75.17166,39.99581],[-75.17168,39.9958],[-75.17169,39.99578],[-75.17169,39.99577],[-75.1717,39.99573],[-75.17171,39.99568],[-75.17172,39.99547],[-75.17173,39.99543],[-75.17173,39.9954],[-75.17172,39.99537],[-75.17171,39.99533],[-75.17167,39.99524],[-75.17166,39.99519],[-75.17166,39.99515],[-75.17165,39.99503],[-75.17164,39.99498],[-75.17164,39.99495],[-75.17164,39.99492],[-75.17164,39.99488],[-75.17164,39.99484],[-75.17165,39.99478],[-75.17168,39.99464],[-75.17169,39.99458],[-75.1717,39.99452],[-75.17171,39.99445],[-75.17171,39.99428],[-75.17172,39.99422],[-75.17172,39.99416],[-75.17173,39.9941]]},"properties":{"kind":"stream","name":"Cohocksink Creek, trib"}},{"type":"Feature","geometry":{"type":"LineString","coordinates":[[-75.21441,39.98708],[-75.21432,39.98707],[-75.21385,39.98701],[-75.21364,39.98699],[-75.21354,39.98697],[-75.21347,39.98696],[-75.21343,39.98695],[-75.2134,39.98694],[-75.21337,39.98691],[-75.21331,39.98683],[-75.21328,39.98681],[-75.21326,39.98679],[-75.21324,39.98679],[-75.21321,39.98678],[-75.21314,39.98677],[-75.21311,39.98676],[-75.21309,39.98675],[-75.21307,39.98673],[-75.21304,39.98671],[-75.21301,39.98667],[-75.21295,39.9866],[-75.21293,39.98656],[-75.2129,39.98653],[-75.21287,39.98651],[-75.21285,39.98651],[-75.21284,39.9865],[-75.2128,39.9865],[-75.21276,39.9865],[-75.21266,39.9865],[-75.21262,39.9865],[-75.21258,39.98649],[-75.21257,39.98649],[-75.21256,39.98648],[-75.21254,39.98646],[-75.21249,39.98641],[-75.21248,39.9864],[-75.21247,39.98639],[-75.21237,39.98634],[-75.2123,39.98631],[-75.21228,39.9863],[-75.21226,39.98628],[-75.21224,39.98626],[-75.21219,39.9862],[-75.21217,39.98619],[-75.21215,39.98617],[-75.21214,39.98617],[-75.21212,39.98616],[-75.21208,39.98616],[-75.21203,39.98615],[-75.21193,39.98616],[-75.21189,39.98616],[-75.21184,39.98615],[-75.21181,39.98614],[-75.21178,39.98613],[-75.21176,39.98612],[-75.21169,39.98606],[-75.21166,39.98604],[-75.21163,39.98602],[-75.21161,39.98601],[-75.21157,39.98601],[-75.21154,39.98601],[-75.2115,39.98601],[-75.21145,39.98601],[-75.21142,39.98602],[-75.21139,39.98603],[-75.21128,39.98607],[-75.21125,39.98608],[-75.21122,39.98609],[-75.21119,39.98609],[-75.21116,39.98609],[-75.21113,39.98609],[-75.2111,39.98608],[-75.21101,39.98604],[-75.21098,39.98604],[-75.21096,39.98603],[-75.21093,39.98603],[-75.21091,39.98604],[-75.21082,39.98605],[-75.21079,39.98606],[-75.21076,39.98606],[-75.21073,39.98606],[-75.21071,39.98605],[-75.21069,39.98604],[-75.2106,39.98599],[-75.21058,39.98598],[-75.21057,39.98598],[-75.21053,39.98597],[-75.21044,39.98596],[-75.2104,39.98595],[-75.21035,39.98593],[-75.2103,39.98591],[-75.21011,39.98583],[-75.21004,39.98581],[-75.20999,39.98579],[-75.20994,39.98577],[-75.20991,39.98577],[-75.20987,39.98577],[-75.20975,39.98577],[-75.20971,39.98577],[-75.20968,39.98576],[-75.20965,39.98576],[-75.20962,39.98575],[-75.2096,39.98573],[-75.20952,39.98568],[-75.20949,39.98567],[-75.20946,39.98565],[-75.20944,39.98565],[-75.20941,39.98564],[-75.20937,39.98565],[-75.20934,39.98565],[-75.20926,39.98567],[-75.20923,39.98567],[-75.2092,39.98568],[-75.20917,39.98567],[-75.20914,39.98566],[-75.20911,39.98564],[-75.20901,39.98558],[-75.20897,39.98555],[-75.2089,39.98548],[-75.20887,39.98546],[-75.20883,39.98543],[-75.20879,39.98542],[-75.20876,39.98541],[-75.20872,39.9854],[-75.20864,39.98539],[-75.2086,39.98538],[-75.20852,39.98538],[-75.20848,39.98538],[-75.20846,39.98538],[-75.20843,39.98537],[-75.20832,39.98532],[-75.2083,39.98532],[-75.20828,39.98531],[-75.20825,39.98531],[-75.20822,39.98531],[-75.20819,39.98532],[-75.20816,39.98532],[-75.20811,39.98534],[-75.208,39.98538],[-75.20794,39.9854],[-75.20791,39.98541],[-75.20783,39.98544],[-75.20779,39.98545],[-75.20775,39.98546],[-75.20772,39.98546],[-75.20769,39.98546],[-75.20765,39.98545],[-75.20762,39.98543],[-75.20752,39.98538],[-75.20749,39.98537],[-75.20746,39.98536],[-75.20742,39.98535],[-75.20738,39.98535],[-75.20733,39.98535],[-75.20729,39.98536],[-75.2072,39.98537],[-75.20703,39.9854],[-75.20696,39.98542],[-75.20687,39.98543],[-75.20683,39.98544],[-75.20679,39.98543],[-75.20671,39.98542],[-75.20667,39.98542],[-75.20665,39.98541],[-75.20662,39.98541],[-75.20651,39.98539],[-75.20647,39.98539],[-75.20645,39.98538],[-75.20643,39.98538],[-75.20638,39.98536],[-75.20633,39.98534],[-75.20621,39.98528],[-75.20617,39.98525],[-75.20613,39.98524],[-75.2061,39.98524],[-75.20607,39.98523],[-75.20604,39.98523],[-75.20602,39.98524],[-75.20599,39.98524],[-75.20587,39.98527],[-75.20582,39.98528],[-75.20578,39.98528],[-75.20575,39.98528],[-75.20572,39.98528],[-75.20569,39.98527],[-75.20536,39.9852],[-75.20525,39.98517],[-75.20512,39.98516],[-75.20485,39.98515],[-75.2045,39.98513],[-75.20414,39.98512],[-75.20387,39.98511],[-75.20366,39.9851],[-75.20352,39.9851],[-75.20348,39.9851],[-75.20345,39.9851]]},"properties":{"kind":"stream","name":"unnamed trib to Schuylkill River"}},{"type":"Feature","geometry":{"type":"LineString","coordinates":[[-75.15622,39.94601],[-75.15651,39.9459],[-75.15717,39.94553]]},"properties":{"kind":"stream","name":"Dock Creek"}},{"type":"Feature","geometry":{"type":"LineString","coordinates":[[-75.14662,39.94783],[-75.14686,39.94783],[-75.14729,39.94771],[-75.14772,39.94775],[-75.14793,39.94773],[-75.14825,39.94756],[-75.14856,39.94752],[-75.14877,39.94737],[-75.14889,39.94717],[-75.14915,39.94707],[-75.14947,39.94702],[-75.15139,39.94709]]},"properties":{"kind":"stream","name":"Dock Creek"}},{"type":"Feature","geometry":{"type":"LineString","coordinates":[[-75.17679,39.94772],[-75.17708,39.94766],[-75.17733,39.9477],[-75.17744,39.94789],[-75.17743,39.9483],[-75.17735,39.94875],[-75.17741,39.94893],[-75.1776,39.94906],[-75.17786,39.94916],[-75.17807,39.94909],[-75.17821,39.94912],[-75.17835,39.94931],[-75.17888,39.94932],[-75.17926,39.94949],[-75.17962,39.94989],[-75.17981,39.95011],[-75.1801,39.95048],[-75.18041,39.95059],[-75.18078,39.9506],[-75.1811,39.95069],[-75.18211,39.951]]},"properties":{"kind":"stream","name":""}},{"type":"Feature","geometry":{"type":"LineString","coordinates":[[-75.15799,39.94392],[-75.15753,39.94422],[-75.15717,39.94466]]},"properties":{"kind":"stream","name":"Shackaminsing Creek"}},{"type":"Feature","geometry":{"type":"LineString","coordinates":[[-75.1479,39.95106],[-75.14846,39.95099],[-75.149,39.95102],[-75.14925,39.95091],[-75.14948,39.95091],[-75.14966,39.95069],[-75.15013,39.95058],[-75.15026,39.95044],[-75.15072,39.95048],[-75.15138,39.95086],[-75.1519,39.95101],[-75.15217,39.95142],[-75.15246,39.95171],[-75.15245,39.95197],[-75.15253,39.95223],[-75.1525,39.95251],[-75.15266,39.95272],[-75.15259,39.95316],[-75.15268,39.95337],[-75.15313,39.9537],[-75.15315,39.95395],[-75.1535,39.95402],[-75.15407,39.95383]]},"properties":{"kind":"stream","name":"Dock Creek"}},{"type":"Feature","geometry":{"type":"LineString","coordinates":[[-75.20852,39.93815],[-75.20848,39.93815],[-75.20844,39.93816],[-75.20841,39.93816],[-75.20838,39.93816],[-75.20836,39.93815],[-75.20834,39.93814],[-75.20833,39.93813],[-75.20832,39.93812],[-75.20832,39.93811],[-75.20832,39.93809],[-75.20832,39.93808],[-75.20831,39.93807],[-75.20829,39.93807],[-75.20827,39.93807],[-75.20821,39.93807],[-75.20819,39.93807],[-75.20818,39.93807],[-75.20817,39.93806],[-75.20815,39.93804],[-75.20814,39.93802],[-75.20813,39.93797],[-75.20812,39.93795],[-75.20811,39.93794],[-75.20809,39.93793],[-75.20808,39.93793],[-75.20806,39.93793],[-75.208,39.93792],[-75.20793,39.93793],[-75.2079,39.93792],[-75.20789,39.93792],[-75.20787,39.93792],[-75.20786,39.93791],[-75.20784,39.9379],[-75.20781,39.93787],[-75.20775,39.9378],[-75.20772,39.93777],[-75.20771,39.93776],[-75.20769,39.93775],[-75.20767,39.93775],[-75.20766,39.93774],[-75.20763,39.93774],[-75.20761,39.93775],[-75.20752,39.93778],[-75.20747,39.93779],[-75.20743,39.9378],[-75.20741,39.9378],[-75.20739,39.93779],[-75.20738,39.93779],[-75.20736,39.93777],[-75.20735,39.93777],[-75.20734,39.93776],[-75.2073,39.93769],[-75.20729,39.93768],[-75.20728,39.93767],[-75.20726,39.93766],[-75.20723,39.93765],[-75.2072,39.93765],[-75.20715,39.93764],[-75.2071,39.93763],[-75.20707,39.93763],[-75.20705,39.93763],[-75.20702,39.93764],[-75.20696,39.93766],[-75.20693,39.93767],[-75.20689,39.93768],[-75.20685,39.93768],[-75.20683,39.93768],[-75.20681,39.93769],[-75.2068,39.9377],[-75.20677,39.93772],[-75.20675,39.93773],[-75.20674,39.93774],[-75.20672,39.93773],[-75.2066,39.93769],[-75.20657,39.93768],[-75.20655,39.93768],[-75.20653,39.93768],[-75.2065,39.93768],[-75.20641,39.93771],[-75.20639,39.93772],[-75.20637,39.93772],[-75.20633,39.93772],[-75.20627,39.93771],[-75.2062,39.9377],[-75.20605,39.93768],[-75.20574,39.93761],[-75.20566,39.93759]]},"properties":{"kind":"stream","name":"unnamed trib to Schuylkill River"}},{"type":"Feature","geometry":{"type":"LineString","coordinates":[[-75.12518,39.98735],[-75.12522,39.98728],[-75.12531,39.98708],[-75.12535,39.98702],[-75.12537,39.98698],[-75.12539,39.98693],[-75.1254,39.98692],[-75.12541,39.9869],[-75.12544,39.98687],[-75.12561,39.98673],[-75.12566,39.98668],[-75.12568,39.98666],[-75.12569,39.98665],[-75.12574,39.98656],[-75.12576,39.98653],[-75.12579,39.9865],[-75.12582,39.98648],[-75.12586,39.98646],[-75.12593,39.98643],[-75.12597,39.98641],[-75.126,39.98639],[-75.12602,39.98636],[-75.12614,39.98619],[-75.12619,39.98612],[-75.12621,39.9861],[-75.12623,39.98608],[-75.12626,39.98607],[-75.12632,39.98604],[-75.12635,39.98603],[-75.12638,39.98601],[-75.1264,39.98599],[-75.12642,39.98597],[-75.12643,39.98594],[-75.12644,39.98591],[-75.12648,39.98578],[-75.1265,39.98575],[-75.12651,39.98573],[-75.12653,39.9857],[-75.12657,39.98568],[-75.1266,39.98566],[-75.12668,39.98561],[-75.12672,39.98558],[-75.12675,39.98555],[-75.12677,39.98553],[-75.12678,39.98551],[-75.12679,39.98548],[-75.12681,39.9854],[-75.12681,39.98537],[-75.12682,39.98534],[-75.12684,39.98532],[-75.12685,39.98531],[-75.12687,39.9853],[-75.12694,39.98525],[-75.12697,39.98522],[-75.12705,39.98515],[-75.12707,39.98512],[-75.1271,39.98509],[-75.12711,39.98506]]},"properties":{"kind":"stream","name":"Gunner's Run, trib"}},{"type":"Feature","geometry":{"type":"LineString","coordinates":[[-75.17402,39.94748],[-75.17393,39.94746],[-75.1738,39.94749]]},"properties":{"kind":"stream","name":"Shackaminsing Creek"}}]}